family,n,inst,p,ceiling,kind,regret_raw,regret_norm
ER(0.5),12,1,1,0.847729,exact,0.020881,0.027598
ER(0.5),12,1,1,0.847729,samp10,0.031836,0.009497
ER(0.5),12,1,1,0.847729,poly,0.160385,0.003118
ER(0.5),12,1,3,0.924775,exact,0.074271,0.029402
ER(0.5),12,1,3,0.924775,samp10,0.075123,0.025445
ER(0.5),12,1,3,0.924775,poly,0.280381,0.019548
ER(0.5),12,2,1,0.836853,exact,0.026934,0.021868
ER(0.5),12,2,1,0.836853,samp10,0.037775,0.005954
ER(0.5),12,2,1,0.836853,poly,0.106104,0.005954
ER(0.5),12,2,3,0.932219,exact,0.094499,0.025315
ER(0.5),12,2,3,0.932219,samp10,0.044704,0.018958
ER(0.5),12,2,3,0.932219,poly,0.193426,0.018958
ER(0.5),12,3,1,0.824275,exact,0.027452,0.026456
ER(0.5),12,3,1,0.824275,samp10,0.033416,0.004806
ER(0.5),12,3,1,0.824275,poly,0.12897,0.001418
ER(0.5),12,3,3,0.925855,exact,0.081415,0.043432
ER(0.5),12,3,3,0.925855,samp10,0.079557,0.016061
ER(0.5),12,3,3,0.925855,poly,0.233725,0.015542
ER(0.5),12,4,1,0.852769,exact,0.018335,0.01161
ER(0.5),12,4,1,0.852769,samp10,0.028436,0.003624
ER(0.5),12,4,1,0.852769,poly,0.062034,0.001
ER(0.5),12,4,3,0.916212,exact,0.061036,0.018577
ER(0.5),12,4,3,0.916212,samp10,0.061036,0.006925
ER(0.5),12,4,3,0.916212,poly,0.134318,0.023931
ER(0.5),12,5,1,0.867125,exact,0.019514,0.004257
ER(0.5),12,5,1,0.867125,samp10,0.019514,0.004257
ER(0.5),12,5,1,0.867125,poly,0.035441,0.004257
ER(0.5),12,5,3,0.931342,exact,0.055988,0.024356
ER(0.5),12,5,3,0.931342,samp10,0.059894,0.010273
ER(0.5),12,5,3,0.931342,poly,0.177472,0.029747
ER(0.25),12,1,1,0.763325,exact,0.031585,0.062813
ER(0.25),12,1,1,0.763325,samp10,0.053109,0.018503
ER(0.25),12,1,1,0.763325,poly,0.042425,0.031571
ER(0.25),12,1,3,0.86719,exact,0.079051,0.03499
ER(0.25),12,1,3,0.86719,samp10,0.107852,0.023401
ER(0.25),12,1,3,0.86719,poly,0.26292,0.036632
ER(0.25),12,2,1,0.800817,exact,0.030093,0.119521
ER(0.25),12,2,1,0.800817,samp10,0.020778,0.012585
ER(0.25),12,2,1,0.800817,poly,0.020778,0.033126
ER(0.25),12,2,3,0.902946,exact,0.068025,0.057341
ER(0.25),12,2,3,0.902946,samp10,0.068025,0.028579
ER(0.25),12,2,3,0.902946,poly,0.075948,0.08962
ER(0.25),12,3,1,0.74323,exact,0.037767,0.083595
ER(0.25),12,3,1,0.74323,samp10,0.020874,0.042575
ER(0.25),12,3,1,0.74323,poly,0.064459,0.031255
ER(0.25),12,3,3,0.888638,exact,0.101721,0.053773
ER(0.25),12,3,3,0.888638,samp10,0.104244,0.044553
ER(0.25),12,3,3,0.888638,poly,0.144897,0.068683
ER(0.25),12,4,1,0.769267,exact,0.030199,0.060661
ER(0.25),12,4,1,0.769267,samp10,0.073651,0.006494
ER(0.25),12,4,1,0.769267,poly,0.052786,0.016253
ER(0.25),12,4,3,0.856305,exact,0.052678,0.021567
ER(0.25),12,4,3,0.856305,samp10,0.08076,0.001185
ER(0.25),12,4,3,0.856305,poly,0.024657,0.058847
ER(0.25),12,5,1,0.793687,exact,0.030412,0.061494
ER(0.25),12,5,1,0.793687,samp10,0.037328,0.028952
ER(0.25),12,5,1,0.793687,poly,0.067133,0.052769
ER(0.25),12,5,3,0.879597,exact,0.046055,0.013204
ER(0.25),12,5,3,0.879597,samp10,0.085681,0.002425
ER(0.25),12,5,3,0.879597,poly,0.241873,0.003595
BA(k=2),12,1,1,0.755404,exact,0.027973,0.05317
BA(k=2),12,1,1,0.755404,samp10,0.038986,0.014674
BA(k=2),12,1,1,0.755404,poly,0.01857,0.012417
BA(k=2),12,1,3,0.868111,exact,0.094387,0.091319
BA(k=2),12,1,3,0.868111,samp10,0.107149,0.030949
BA(k=2),12,1,3,0.868111,poly,0.253967,0.04183
BA(k=2),12,2,1,0.852018,exact,0.028384,0.030279
BA(k=2),12,2,1,0.852018,samp10,0.01835,0.017713
BA(k=2),12,2,1,0.852018,poly,0.158247,0.018178
BA(k=2),12,2,3,0.927055,exact,0.060904,0.010004
BA(k=2),12,2,3,0.927055,samp10,0.046824,0.005052
BA(k=2),12,2,3,0.927055,poly,0.192694,0.005052
BA(k=2),12,3,1,0.845851,exact,0.026094,0.044838
BA(k=2),12,3,1,0.845851,samp10,0.037199,0.02423
BA(k=2),12,3,1,0.845851,poly,0.109108,0.02036
BA(k=2),12,3,3,0.936066,exact,0.070134,0.032607
BA(k=2),12,3,3,0.936066,samp10,0.050112,0.025848
BA(k=2),12,3,3,0.936066,poly,0.251895,0.002609
BA(k=2),12,4,1,0.845212,exact,0.027094,0.063002
BA(k=2),12,4,1,0.845212,samp10,0.038444,0.035889
BA(k=2),12,4,1,0.845212,poly,0.035636,0.0
BA(k=2),12,4,3,0.932323,exact,0.067426,0.013079
BA(k=2),12,4,3,0.932323,samp10,0.063719,0.006109
BA(k=2),12,4,3,0.932323,poly,0.028511,0.006109
BA(k=2),12,5,1,0.754022,exact,0.026818,0.029157
BA(k=2),12,5,1,0.754022,samp10,0.034648,0.015496
BA(k=2),12,5,1,0.754022,poly,0.058381,0.00137
BA(k=2),12,5,3,0.865165,exact,0.084229,0.026827
BA(k=2),12,5,3,0.865165,samp10,0.073429,0.01859
BA(k=2),12,5,3,0.865165,poly,0.123717,0.01859
BA(k=4),12,1,1,0.758882,exact,0.029192,0.019228
BA(k=4),12,1,1,0.758882,samp10,0.039051,0.019228
BA(k=4),12,1,1,0.758882,poly,0.02473,0.019228
BA(k=4),12,1,3,0.854515,exact,0.079804,0.13334
BA(k=4),12,1,3,0.854515,samp10,0.11654,0.047043
BA(k=4),12,1,3,0.854515,poly,0.190503,0.018062
BA(k=4),12,2,1,0.780236,exact,0.023842,0.025845
BA(k=4),12,2,1,0.780236,samp10,0.033707,0.011562
BA(k=4),12,2,1,0.780236,poly,0.036826,0.007396
BA(k=4),12,2,3,0.877347,exact,0.078389,0.061872
BA(k=4),12,2,3,0.877347,samp10,0.102238,0.019237
BA(k=4),12,2,3,0.877347,poly,0.077708,0.030983
BA(k=4),12,3,1,0.784795,exact,0.026782,0.025119
BA(k=4),12,3,1,0.784795,samp10,0.026782,0.010343
BA(k=4),12,3,1,0.784795,poly,0.024434,0.002445
BA(k=4),12,3,3,0.870328,exact,0.070034,0.039282
BA(k=4),12,3,3,0.870328,samp10,0.07428,0.021732
BA(k=4),12,3,3,0.870328,poly,0.067496,0.020866
BA(k=4),12,4,1,0.790761,exact,0.030306,0.033209
BA(k=4),12,4,1,0.790761,samp10,0.019511,0.033209
BA(k=4),12,4,1,0.790761,poly,0.046884,0.003155
BA(k=4),12,4,3,0.891425,exact,0.080721,0.054869
BA(k=4),12,4,3,0.891425,samp10,0.045101,0.03164
BA(k=4),12,4,3,0.891425,poly,0.1704,0.021132
BA(k=4),12,5,1,0.797834,exact,0.031616,0.020233
BA(k=4),12,5,1,0.797834,samp10,0.035023,0.020233
BA(k=4),12,5,1,0.797834,poly,0.058675,0.014383
BA(k=4),12,5,3,0.897432,exact,0.082947,0.052855
BA(k=4),12,5,3,0.897432,samp10,0.112614,0.053157
BA(k=4),12,5,3,0.897432,poly,0.1607,0.041633
WS(k=4;b=0.1),12,1,1,0.833172,exact,0.028676,0.038759
WS(k=4;b=0.1),12,1,1,0.833172,samp10,0.010089,0.016312
WS(k=4;b=0.1),12,1,1,0.833172,poly,0.038478,0.02336
WS(k=4;b=0.1),12,1,3,0.907038,exact,0.055503,0.020827
WS(k=4;b=0.1),12,1,3,0.907038,samp10,0.045379,0.020827
WS(k=4;b=0.1),12,1,3,0.907038,poly,0.125168,0.005137
WS(k=4;b=0.1),12,2,1,0.827806,exact,0.025795,0.041019
WS(k=4;b=0.1),12,2,1,0.827806,samp10,0.015885,0.001267
WS(k=4;b=0.1),12,2,1,0.827806,poly,0.048627,0.004273
WS(k=4;b=0.1),12,2,3,0.904593,exact,0.056546,0.019401
WS(k=4;b=0.1),12,2,3,0.904593,samp10,0.045617,0.009153
WS(k=4;b=0.1),12,2,3,0.904593,poly,0.246757,0.018232
WS(k=4;b=0.1),12,3,1,0.832641,exact,0.028427,0.03806
WS(k=4;b=0.1),12,3,1,0.832641,samp10,0.033712,0.010121
WS(k=4;b=0.1),12,3,1,0.832641,poly,0.187927,0.007855
WS(k=4;b=0.1),12,3,3,0.924028,exact,0.069955,0.025681
WS(k=4;b=0.1),12,3,3,0.924028,samp10,0.09793,0.006401
WS(k=4;b=0.1),12,3,3,0.924028,poly,0.298665,0.024463
WS(k=4;b=0.1),12,4,1,0.877542,exact,0.027782,0.020136
WS(k=4;b=0.1),12,4,1,0.877542,samp10,0.003718,0.004608
WS(k=4;b=0.1),12,4,1,0.877542,poly,0.172452,0.004608
WS(k=4;b=0.1),12,4,3,0.956469,exact,0.059451,0.01672
WS(k=4;b=0.1),12,4,3,0.956469,samp10,0.049773,0.01672
WS(k=4;b=0.1),12,4,3,0.956469,poly,0.278066,0.01672
WS(k=4;b=0.1),12,5,1,0.786067,exact,0.025693,0.022752
WS(k=4;b=0.1),12,5,1,0.786067,samp10,0.0206,0.016229
WS(k=4;b=0.1),12,5,1,0.786067,poly,0.079679,0.003545
WS(k=4;b=0.1),12,5,3,0.865869,exact,0.061368,0.020049
WS(k=4;b=0.1),12,5,3,0.865869,samp10,0.064887,0.017132
WS(k=4;b=0.1),12,5,3,0.865869,poly,0.201565,0.025028
WS(k=4;b=0.5),12,1,1,0.845243,exact,0.035189,0.079965
WS(k=4;b=0.5),12,1,1,0.845243,samp10,0.023408,0.055869
WS(k=4;b=0.5),12,1,1,0.845243,poly,0.021264,0.033304
WS(k=4;b=0.5),12,1,3,0.935996,exact,0.071062,0.040321
WS(k=4;b=0.5),12,1,3,0.935996,samp10,0.064418,0.013061
WS(k=4;b=0.5),12,1,3,0.935996,poly,0.043011,0.021302
WS(k=4;b=0.5),12,2,1,0.832221,exact,0.028295,0.035157
WS(k=4;b=0.5),12,2,1,0.832221,samp10,0.015152,0.04613
WS(k=4;b=0.5),12,2,1,0.832221,poly,0.141929,0.012871
WS(k=4;b=0.5),12,2,3,0.914179,exact,0.061682,0.020849
WS(k=4;b=0.5),12,2,3,0.914179,samp10,0.065538,0.010008
WS(k=4;b=0.5),12,2,3,0.914179,poly,0.313776,0.020469
WS(k=4;b=0.5),12,3,1,0.764643,exact,0.03398,0.063349
WS(k=4;b=0.5),12,3,1,0.764643,samp10,0.045686,0.006159
WS(k=4;b=0.5),12,3,1,0.764643,poly,0.07432,0.011528
WS(k=4;b=0.5),12,3,3,0.875523,exact,0.089118,0.078579
WS(k=4;b=0.5),12,3,3,0.875523,samp10,0.0925,0.024957
WS(k=4;b=0.5),12,3,3,0.875523,poly,0.144878,0.041196
WS(k=4;b=0.5),12,4,1,0.787335,exact,0.026155,0.056736
WS(k=4;b=0.5),12,4,1,0.787335,samp10,0.016447,0.013956
WS(k=4;b=0.5),12,4,1,0.787335,poly,0.249538,0.020254
WS(k=4;b=0.5),12,4,3,0.875172,exact,0.066132,0.038183
WS(k=4;b=0.5),12,4,3,0.875172,samp10,0.036948,0.011157
WS(k=4;b=0.5),12,4,3,0.875172,poly,0.412671,0.005498
WS(k=4;b=0.5),12,5,1,0.795132,exact,0.02984,0.059059
WS(k=4;b=0.5),12,5,1,0.795132,samp10,0.025119,0.033666
WS(k=4;b=0.5),12,5,1,0.795132,poly,0.036591,0.007487
WS(k=4;b=0.5),12,5,3,0.906733,exact,0.088384,0.076903
WS(k=4;b=0.5),12,5,3,0.906733,samp10,0.088384,0.031049
WS(k=4;b=0.5),12,5,3,0.906733,poly,0.06992,0.034259
3-regular,12,1,1,0.778747,exact,0.048749,0.053292
3-regular,12,1,1,0.778747,samp10,0.037008,0.034845
3-regular,12,1,1,0.778747,poly,0.077455,0.021734
3-regular,12,1,3,0.923538,exact,0.097507,0.035531
3-regular,12,1,3,0.923538,samp10,0.082397,0.033861
3-regular,12,1,3,0.923538,poly,0.134252,0.047818
3-regular,12,2,1,0.759324,exact,0.036765,0.034168
3-regular,12,2,1,0.759324,samp10,0.026384,0.034168
3-regular,12,2,1,0.759324,poly,0.070892,0.004992
3-regular,12,2,3,0.857677,exact,0.08196,0.048647
3-regular,12,2,3,0.857677,samp10,0.08196,0.064001
3-regular,12,2,3,0.857677,poly,0.125103,0.041268
3-regular,12,3,1,0.768335,exact,0.042055,0.058119
3-regular,12,3,1,0.768335,samp10,0.025949,0.009034
3-regular,12,3,1,0.768335,poly,0.053371,0.008531
3-regular,12,3,3,0.890753,exact,0.101681,0.094636
3-regular,12,3,3,0.890753,samp10,0.073616,0.029114
3-regular,12,3,3,0.890753,poly,0.148292,0.072379
3-regular,12,4,1,0.809946,exact,0.039216,0.046015
3-regular,12,4,1,0.809946,samp10,0.028143,0.0199
3-regular,12,4,1,0.809946,poly,0.050916,0.038249
3-regular,12,4,3,0.902902,exact,0.07311,0.036473
3-regular,12,4,3,0.902902,samp10,0.074258,0.022195
3-regular,12,4,3,0.902902,poly,0.04921,0.029184
3-regular,12,5,1,0.800487,exact,0.033724,0.051339
3-regular,12,5,1,0.800487,samp10,0.015071,0.011697
3-regular,12,5,1,0.800487,poly,0.191295,0.016195
3-regular,12,5,3,0.889274,exact,0.067326,0.021592
3-regular,12,5,3,0.889274,samp10,0.057463,0.035765
3-regular,12,5,3,0.889274,poly,0.279735,0.011189
ER(0.5),14,1,1,0.83554,exact,0.035956,0.041126
ER(0.5),14,1,1,0.83554,samp10,0.05107,0.02125
ER(0.5),14,1,1,0.83554,poly,0.118873,0.011594
ER(0.5),14,1,3,0.912856,exact,0.075539,0.042299
ER(0.5),14,1,3,0.912856,samp10,0.060215,0.029426
ER(0.5),14,1,3,0.912856,poly,0.443619,0.012103
ER(0.5),14,2,1,0.833224,exact,0.02059,0.01745
ER(0.5),14,2,1,0.833224,samp10,0.014269,0.01745
ER(0.5),14,2,1,0.833224,poly,0.286306,0.007263
ER(0.5),14,2,3,0.900858,exact,0.059367,0.068354
ER(0.5),14,2,3,0.900858,samp10,0.063438,0.020153
ER(0.5),14,2,3,0.900858,poly,0.241479,0.017223
ER(0.5),14,3,1,0.800478,exact,0.030617,0.038309
ER(0.5),14,3,1,0.800478,samp10,0.018867,0.018929
ER(0.5),14,3,1,0.800478,poly,0.129031,0.014135
ER(0.5),14,3,3,0.883452,exact,0.077871,0.092985
ER(0.5),14,3,3,0.883452,samp10,0.060097,0.028862
ER(0.5),14,3,3,0.883452,poly,0.23424,0.02924
ER(0.5),14,4,1,0.824529,exact,0.027591,0.039903
ER(0.5),14,4,1,0.824529,samp10,0.053567,0.019527
ER(0.5),14,4,1,0.824529,poly,0.191144,0.00168
ER(0.5),14,4,3,0.908402,exact,0.085296,0.060034
ER(0.5),14,4,3,0.908402,samp10,0.093912,0.011784
ER(0.5),14,4,3,0.908402,poly,0.268606,0.024382
ER(0.5),14,5,1,0.752189,exact,0.035023,0.033651
ER(0.5),14,5,1,0.752189,samp10,0.019698,0.014926
ER(0.5),14,5,1,0.752189,poly,0.173379,0.000809
ER(0.5),14,5,3,0.869438,exact,0.125851,0.033171
ER(0.5),14,5,3,0.869438,samp10,0.076015,0.05012
ER(0.5),14,5,3,0.869438,poly,0.279009,0.047239
ER(0.25),14,1,1,0.795779,exact,0.033938,0.030491
ER(0.25),14,1,1,0.795779,samp10,0.045475,0.010488
ER(0.25),14,1,1,0.795779,poly,0.188011,0.005406
ER(0.25),14,1,3,0.889005,exact,0.084219,0.028406
ER(0.25),14,1,3,0.889005,samp10,0.06065,0.022244
ER(0.25),14,1,3,0.889005,poly,0.391889,0.040481
ER(0.25),14,2,1,0.763864,exact,0.033551,0.067287
ER(0.25),14,2,1,0.763864,samp10,0.007893,0.020481
ER(0.25),14,2,1,0.763864,poly,0.163769,0.019043
ER(0.25),14,2,3,0.875046,exact,0.090061,0.070009
ER(0.25),14,2,3,0.875046,samp10,0.039427,0.035898
ER(0.25),14,2,3,0.875046,poly,0.330656,0.059036
ER(0.25),14,3,1,0.752542,exact,0.046436,0.061929
ER(0.25),14,3,1,0.752542,samp10,0.032233,0.01497
ER(0.25),14,3,1,0.752542,poly,0.249822,0.007998
ER(0.25),14,3,3,0.875442,exact,0.107633,0.094194
ER(0.25),14,3,3,0.875442,samp10,0.109785,0.03314
ER(0.25),14,3,3,0.875442,poly,0.335378,0.038279
ER(0.25),14,4,1,0.763323,exact,0.040488,0.080925
ER(0.25),14,4,1,0.763323,samp10,0.024927,0.015139
ER(0.25),14,4,1,0.763323,poly,0.195032,0.004064
ER(0.25),14,4,3,0.871641,exact,0.098524,0.047471
ER(0.25),14,4,3,0.871641,samp10,0.063626,0.060814
ER(0.25),14,4,3,0.871641,poly,0.287607,0.045521
ER(0.25),14,5,1,0.810156,exact,0.032176,0.061245
ER(0.25),14,5,1,0.810156,samp10,0.022393,0.037824
ER(0.25),14,5,1,0.810156,poly,0.159109,0.009096
ER(0.25),14,5,3,0.914332,exact,0.098593,0.031845
ER(0.25),14,5,3,0.914332,samp10,0.076757,0.009505
ER(0.25),14,5,3,0.914332,poly,0.300226,0.022901
BA(k=2),14,1,1,0.774731,exact,0.041689,0.084835
BA(k=2),14,1,1,0.774731,samp10,0.02995,0.044362
BA(k=2),14,1,1,0.774731,poly,0.147494,0.002334
BA(k=2),14,1,3,0.878564,exact,0.08729,0.052179
BA(k=2),14,1,3,0.878564,samp10,0.073269,0.029306
BA(k=2),14,1,3,0.878564,poly,0.270993,0.027311
BA(k=2),14,2,1,0.760801,exact,0.033857,0.03126
BA(k=2),14,2,1,0.760801,samp10,0.031284,0.026923
BA(k=2),14,2,1,0.760801,poly,0.183,0.015642
BA(k=2),14,2,3,0.868262,exact,0.07828,0.102222
BA(k=2),14,2,3,0.868262,samp10,0.051675,0.051293
BA(k=2),14,2,3,0.868262,poly,0.258771,0.046609
BA(k=2),14,3,1,0.803716,exact,0.037737,0.04382
BA(k=2),14,3,1,0.803716,samp10,0.024775,0.023161
BA(k=2),14,3,1,0.803716,poly,0.172137,0.001804
BA(k=2),14,3,3,0.89081,exact,0.070619,0.02974
BA(k=2),14,3,3,0.89081,samp10,0.038608,0.025055
BA(k=2),14,3,3,0.89081,poly,0.368916,0.011071
BA(k=2),14,4,1,0.803383,exact,0.037547,0.079787
BA(k=2),14,4,1,0.803383,samp10,0.03563,0.018747
BA(k=2),14,4,1,0.803383,poly,0.09907,0.014771
BA(k=2),14,4,3,0.89529,exact,0.075206,0.017331
BA(k=2),14,4,3,0.89529,samp10,0.082069,0.017331
BA(k=2),14,4,3,0.89529,poly,0.269454,0.041927
BA(k=2),14,5,1,0.817184,exact,0.045342,0.087279
BA(k=2),14,5,1,0.817184,samp10,0.030488,0.024162
BA(k=2),14,5,1,0.817184,poly,0.09083,0.003247
BA(k=2),14,5,3,0.91672,exact,0.082851,0.03731
BA(k=2),14,5,3,0.91672,samp10,0.088626,0.012054
BA(k=2),14,5,3,0.91672,poly,0.214698,0.025889
BA(k=4),14,1,1,0.840825,exact,0.028433,0.035996
BA(k=4),14,1,1,0.840825,samp10,0.025726,0.007954
BA(k=4),14,1,1,0.840825,poly,0.126855,0.008348
BA(k=4),14,1,3,0.929698,exact,0.090536,0.032104
BA(k=4),14,1,3,0.929698,samp10,0.069314,0.007376
BA(k=4),14,1,3,0.929698,poly,0.226816,0.020992
BA(k=4),14,2,1,0.81141,exact,0.027208,0.033789
BA(k=4),14,2,1,0.81141,samp10,0.037601,0.007751
BA(k=4),14,2,1,0.81141,poly,0.129129,0.007751
BA(k=4),14,2,3,0.898292,exact,0.087664,0.034011
BA(k=4),14,2,3,0.898292,samp10,0.074088,0.035483
BA(k=4),14,2,3,0.898292,poly,0.277771,0.020382
BA(k=4),14,3,1,0.806631,exact,0.024608,0.052235
BA(k=4),14,3,1,0.806631,samp10,0.013222,0.014368
BA(k=4),14,3,1,0.806631,poly,0.116919,0.018793
BA(k=4),14,3,3,0.88898,exact,0.082542,0.075173
BA(k=4),14,3,3,0.88898,samp10,0.059122,0.035404
BA(k=4),14,3,3,0.88898,poly,0.229571,0.027434
BA(k=4),14,4,1,0.83703,exact,0.026077,0.059042
BA(k=4),14,4,1,0.83703,samp10,0.015838,0.029407
BA(k=4),14,4,1,0.83703,poly,0.145253,0.018131
BA(k=4),14,4,3,0.922881,exact,0.086006,0.030874
BA(k=4),14,4,3,0.922881,samp10,0.072832,0.020469
BA(k=4),14,4,3,0.922881,poly,0.229623,0.019517
BA(k=4),14,5,1,0.837276,exact,0.026116,0.055169
BA(k=4),14,5,1,0.837276,samp10,0.036735,0.02248
BA(k=4),14,5,1,0.837276,poly,0.12299,0.001193
BA(k=4),14,5,3,0.920489,exact,0.083659,0.05341
BA(k=4),14,5,3,0.920489,samp10,0.08911,0.014984
BA(k=4),14,5,3,0.920489,poly,0.284649,0.022671
WS(k=4;b=0.1),14,1,1,0.838571,exact,0.031451,0.060517
WS(k=4;b=0.1),14,1,1,0.838571,samp10,0.037323,0.026488
WS(k=4;b=0.1),14,1,1,0.838571,poly,0.172652,0.002857
WS(k=4;b=0.1),14,1,3,0.926998,exact,0.089567,0.04076
WS(k=4;b=0.1),14,1,3,0.926998,samp10,0.069716,0.024268
WS(k=4;b=0.1),14,1,3,0.926998,poly,0.436529,0.022361
WS(k=4;b=0.1),14,2,1,0.800063,exact,0.035095,0.036037
WS(k=4;b=0.1),14,2,1,0.800063,samp10,0.024556,0.008829
WS(k=4;b=0.1),14,2,1,0.800063,poly,0.183775,0.000685
WS(k=4;b=0.1),14,2,3,0.898132,exact,0.098635,0.030163
WS(k=4;b=0.1),14,2,3,0.898132,samp10,0.079829,0.042924
WS(k=4;b=0.1),14,2,3,0.898132,poly,0.309165,0.04321
WS(k=4;b=0.1),14,3,1,0.86946,exact,0.032196,0.027458
WS(k=4;b=0.1),14,3,1,0.86946,samp10,0.032196,0.008387
WS(k=4;b=0.1),14,3,1,0.86946,poly,0.269417,0.031652
WS(k=4;b=0.1),14,3,3,0.935156,exact,0.067121,0.003244
WS(k=4;b=0.1),14,3,3,0.935156,samp10,0.055836,0.002031
WS(k=4;b=0.1),14,3,3,0.935156,poly,0.325257,0.01374
WS(k=4;b=0.1),14,4,1,0.793848,exact,0.031295,0.024624
WS(k=4;b=0.1),14,4,1,0.793848,samp10,0.03873,0.011494
WS(k=4;b=0.1),14,4,1,0.793848,poly,0.12338,0.016277
WS(k=4;b=0.1),14,4,3,0.88745,exact,0.094078,0.023256
WS(k=4;b=0.1),14,4,3,0.88745,samp10,0.086942,0.043833
WS(k=4;b=0.1),14,4,3,0.88745,poly,0.289912,0.064085
WS(k=4;b=0.1),14,5,1,0.835038,exact,0.029542,0.046115
WS(k=4;b=0.1),14,5,1,0.835038,samp10,0.029542,0.022731
WS(k=4;b=0.1),14,5,1,0.835038,poly,0.168371,0.003439
WS(k=4;b=0.1),14,5,3,0.918739,exact,0.084977,0.022293
WS(k=4;b=0.1),14,5,3,0.918739,samp10,0.084977,0.011607
WS(k=4;b=0.1),14,5,3,0.918739,poly,0.393805,0.019655
WS(k=4;b=0.5),14,1,1,0.832776,exact,0.033475,0.039122
WS(k=4;b=0.5),14,1,1,0.832776,samp10,0.054808,0.010546
WS(k=4;b=0.5),14,1,1,0.832776,poly,0.03755,0.008596
WS(k=4;b=0.5),14,1,3,0.915162,exact,0.081852,0.02698
WS(k=4;b=0.5),14,1,3,0.915162,samp10,0.120046,0.011224
WS(k=4;b=0.5),14,1,3,0.915162,poly,0.30591,0.023906
WS(k=4;b=0.5),14,2,1,0.802868,exact,0.037224,0.057713
WS(k=4;b=0.5),14,2,1,0.802868,samp10,0.018198,0.019809
WS(k=4;b=0.5),14,2,1,0.802868,poly,0.096509,0.007353
WS(k=4;b=0.5),14,2,3,0.902952,exact,0.099532,0.086297
WS(k=4;b=0.5),14,2,3,0.902952,samp10,0.078775,0.031625
WS(k=4;b=0.5),14,2,3,0.902952,poly,0.260553,0.068204
WS(k=4;b=0.5),14,3,1,0.830932,exact,0.032765,0.044429
WS(k=4;b=0.5),14,3,1,0.830932,samp10,0.004168,0.05504
WS(k=4;b=0.5),14,3,1,0.830932,poly,0.196986,0.000902
WS(k=4;b=0.5),14,3,3,0.914176,exact,0.083529,0.034633
WS(k=4;b=0.5),14,3,3,0.914176,samp10,0.048758,0.077305
WS(k=4;b=0.5),14,3,3,0.914176,poly,0.302863,0.017414
WS(k=4;b=0.5),14,4,1,0.765045,exact,0.033916,0.054255
WS(k=4;b=0.5),14,4,1,0.765045,samp10,0.054387,0.006463
WS(k=4;b=0.5),14,4,1,0.765045,poly,0.178734,0.011581
WS(k=4;b=0.5),14,4,3,0.866448,exact,0.100535,0.115845
WS(k=4;b=0.5),14,4,3,0.866448,samp10,0.077834,0.012444
WS(k=4;b=0.5),14,4,3,0.866448,poly,0.340845,0.046333
WS(k=4;b=0.5),14,5,1,0.835396,exact,0.034983,0.056257
WS(k=4;b=0.5),14,5,1,0.835396,samp10,0.042505,0.00955
WS(k=4;b=0.5),14,5,1,0.835396,poly,0.254442,0.003777
WS(k=4;b=0.5),14,5,3,0.919528,exact,0.083451,0.024241
WS(k=4;b=0.5),14,5,3,0.919528,samp10,0.059538,0.007675
WS(k=4;b=0.5),14,5,3,0.919528,poly,0.272269,0.019399
3-regular,14,1,1,0.836595,exact,0.042029,0.045848
3-regular,14,1,1,0.836595,samp10,0.042029,0.006785
3-regular,14,1,1,0.836595,poly,0.227985,0.00586
3-regular,14,1,3,0.920341,exact,0.066309,0.045612
3-regular,14,1,3,0.920341,samp10,0.060116,0.021595
3-regular,14,1,3,0.920341,poly,0.341512,0.016157
3-regular,14,2,1,0.75612,exact,0.04206,0.066741
3-regular,14,2,1,0.75612,samp10,0.022026,0.020217
3-regular,14,2,1,0.75612,poly,0.081651,0.013296
3-regular,14,2,3,0.869413,exact,0.093631,0.058222
3-regular,14,2,3,0.869413,samp10,0.077171,0.066672
3-regular,14,2,3,0.869413,poly,0.303824,0.083206
3-regular,14,3,1,0.782108,exact,0.034991,0.04761
3-regular,14,3,1,0.782108,samp10,0.044442,0.005412
3-regular,14,3,1,0.782108,poly,0.198775,0.0
3-regular,14,3,3,0.880845,exact,0.098328,0.050646
3-regular,14,3,3,0.880845,samp10,0.074622,0.039176
3-regular,14,3,3,0.880845,poly,0.296626,0.039176
3-regular,14,4,1,0.790117,exact,0.039694,0.043301
3-regular,14,4,1,0.790117,samp10,0.024206,0.011593
3-regular,14,4,1,0.790117,poly,0.055446,0.005535
3-regular,14,4,3,0.887711,exact,0.099412,0.064632
3-regular,14,4,3,0.887711,samp10,0.071005,0.014102
3-regular,14,4,3,0.887711,poly,0.178864,0.027543
3-regular,14,5,1,0.828114,exact,0.037049,0.061086
3-regular,14,5,1,0.828114,samp10,0.026078,0.015102
3-regular,14,5,1,0.828114,poly,0.249107,0.003089
3-regular,14,5,3,0.912329,exact,0.08399,0.055819
3-regular,14,5,3,0.912329,samp10,0.065825,0.005625
3-regular,14,5,3,0.912329,poly,0.29242,0.020805
