density,n,instance,seed,m,method,p,ar,ceil,regret
4n,14,1,20262119,56,leak_g0.2_b0.2,1,0.0396762227281254,,
4n,14,1,20262119,56,leak_g0.5_b0.3,1,0.294297680324496,,
4n,14,1,20262119,56,leak_g1.0_b0.4,1,0.8082455739385308,,
4n,14,1,20262119,56,ceiling,1,0.8186656171755262,0.8186656171755262,0.0
4n,14,1,20262119,56,exactN,1,0.7848376691208984,0.8186656171755262,0.033827948054627854
4n,14,1,20262119,56,sampledN,1,0.8014417922660708,0.8186656171755262,0.0172238249094554
4n,14,1,20262119,56,transfer_1,1,0.8186656171755262,0.8186656171755262,0.0
4n,14,1,20262119,56,transfer_2,1,0.810380212048883,0.8186656171755262,0.00828540512664322
4n,14,1,20262119,56,transfer_3,1,0.8186656171755262,0.8186656171755262,0.0
4n,14,1,20262119,56,universal,1,0.8186656171755262,0.8186656171755262,0.0
4n,14,1,20262119,56,ceiling,3,0.8806595537775825,0.8806595537775825,0.0
4n,14,1,20262119,56,exactN,3,0.8291133855013613,0.8806595537775825,0.05154616827622127
4n,14,1,20262119,56,sampledN,3,0.8134624378759829,0.8806595537775825,0.0671971159015996
4n,14,1,20262119,56,transfer_1,3,0.8804942956491739,0.8806595537775825,0.00016525812840861853
4n,14,1,20262119,56,transfer_2,3,0.8806595537775825,0.8806595537775825,0.0
4n,14,1,20262119,56,transfer_3,3,0.8806595537775825,0.8806595537775825,0.0
4n,14,1,20262119,56,universal,3,0.8804942956491739,0.8806595537775825,0.00016525812840861853
4n,14,2,20262120,56,leak_g0.2_b0.2,1,0.04807760843727992,,
4n,14,2,20262120,56,leak_g0.5_b0.3,1,0.34185043843148816,,
4n,14,2,20262120,56,leak_g1.0_b0.4,1,0.8507588485279828,,
4n,14,2,20262120,56,ceiling,1,0.7881492037322465,0.7881492037322465,0.0
4n,14,2,20262120,56,exactN,1,0.7590679457044169,0.7881492037322465,0.02908125802782957
4n,14,2,20262120,56,sampledN,1,0.7590679457044169,0.7881492037322465,0.02908125802782957
4n,14,2,20262120,56,transfer_1,1,0.7881492037322465,0.7881492037322465,0.0
4n,14,2,20262120,56,transfer_2,1,0.7839688761506038,0.7881492037322465,0.004180327581642662
4n,14,2,20262120,56,transfer_3,1,0.7881492037322465,0.7881492037322465,0.0
4n,14,2,20262120,56,universal,1,0.7881492037322465,0.7881492037322465,0.0
4n,14,2,20262120,56,ceiling,3,0.8515417762783771,0.8515417762783771,0.0
4n,14,2,20262120,56,exactN,3,0.805708492574724,0.8515417762783771,0.04583328370365314
4n,14,2,20262120,56,sampledN,3,0.8086271107754422,0.8515417762783771,0.04291466550293488
4n,14,2,20262120,56,transfer_1,3,0.8493677139987144,0.8515417762783771,0.0021740622796627695
4n,14,2,20262120,56,transfer_2,3,0.8515417762783771,0.8515417762783771,0.0
4n,14,2,20262120,56,transfer_3,3,0.8515417762783771,0.8515417762783771,0.0
4n,14,2,20262120,56,universal,3,0.8493677139987144,0.8515417762783771,0.0021740622796627695
4n,14,3,20262121,56,leak_g0.2_b0.2,1,0.0450695634639864,,
4n,14,3,20262121,56,leak_g0.5_b0.3,1,0.32575938383607456,,
4n,14,3,20262121,56,leak_g1.0_b0.4,1,0.8423573708160771,,
4n,14,3,20262121,56,ceiling,1,0.8047116420125456,0.8047116420125456,0.0
4n,14,3,20262121,56,exactN,1,0.7745030273734526,0.8047116420125456,0.03020861463909308
4n,14,3,20262121,56,sampledN,1,0.7745030273734526,0.8047116420125456,0.03020861463909308
4n,14,3,20262121,56,transfer_1,1,0.8047116420125456,0.8047116420125456,0.0
4n,14,3,20262121,56,transfer_2,1,0.7996172162530193,0.8047116420125456,0.005094425759526344
4n,14,3,20262121,56,transfer_3,1,0.8047116420125456,0.8047116420125456,0.0
4n,14,3,20262121,56,universal,1,0.8047116420125456,0.8047116420125456,0.0
4n,14,3,20262121,56,ceiling,3,0.8647888597527452,0.8647888597527452,0.0
4n,14,3,20262121,56,exactN,3,0.8199813834274807,0.8647888597527452,0.044807476325264495
4n,14,3,20262121,56,sampledN,3,0.8048300325233932,0.8647888597527452,0.059958827229351974
4n,14,3,20262121,56,transfer_1,3,0.8640374316189713,0.8647888597527452,0.0007514281337739348
4n,14,3,20262121,56,transfer_2,3,0.8647888597527452,0.8647888597527452,0.0
4n,14,3,20262121,56,transfer_3,3,0.8647888597527452,0.8647888597527452,0.0
4n,14,3,20262121,56,universal,3,0.8640374316189713,0.8647888597527452,0.0007514281337739348
4n,14,4,20262122,56,leak_g0.2_b0.2,1,0.04655523460377979,,
4n,14,4,20262122,56,leak_g0.5_b0.3,1,0.3348703553936508,,
4n,14,4,20262122,56,leak_g1.0_b0.4,1,0.8552371830313708,,
4n,14,4,20262122,56,ceiling,1,0.7722169733035811,0.7722169733035811,0.0
4n,14,4,20262122,56,exactN,1,0.741802733083522,0.7722169733035811,0.03041424022005912
4n,14,4,20262122,56,sampledN,1,0.7574828742410545,0.7722169733035811,0.01473409906252654
4n,14,4,20262122,56,transfer_1,1,0.7722169733035811,0.7722169733035811,0.0
4n,14,4,20262122,56,transfer_2,1,0.7668409737713372,0.7722169733035811,0.00537599953224388
4n,14,4,20262122,56,transfer_3,1,0.7722169733035811,0.7722169733035811,0.0
4n,14,4,20262122,56,universal,1,0.7722169733035811,0.7722169733035811,0.0
4n,14,4,20262122,56,ceiling,3,0.8320810275631358,0.8320810275631358,0.0
4n,14,4,20262122,56,exactN,3,0.7870249430019838,0.8320810275631358,0.045056084561152066
4n,14,4,20262122,56,sampledN,3,0.7834100154445356,0.8320810275631358,0.048671012118600254
4n,14,4,20262122,56,transfer_1,3,0.8306643927974158,0.8320810275631358,0.0014166347657200706
4n,14,4,20262122,56,transfer_2,3,0.8320810275631358,0.8320810275631358,0.0
4n,14,4,20262122,56,transfer_3,3,0.8320810275631358,0.8320810275631358,0.0
4n,14,4,20262122,56,universal,3,0.8306643927974158,0.8320810275631358,0.0014166347657200706
4n,14,5,20262123,56,leak_g0.2_b0.2,1,0.04588757986057006,,
4n,14,5,20262123,56,leak_g0.5_b0.3,1,0.330538240910148,,
4n,14,5,20262123,56,leak_g1.0_b0.4,1,0.8429093347423111,,
4n,14,5,20262123,56,ceiling,1,0.7718646001373638,0.7718646001373638,0.0
4n,14,5,20262123,56,exactN,1,0.7394848220855291,0.7718646001373638,0.03237977805183467
4n,14,5,20262123,56,sampledN,1,0.7394848220855291,0.7718646001373638,0.03237977805183467
4n,14,5,20262123,56,transfer_1,1,0.7718646001373638,0.7718646001373638,0.0
4n,14,5,20262123,56,transfer_2,1,0.7653043691734361,0.7718646001373638,0.00656023096392766
4n,14,5,20262123,56,transfer_3,1,0.7718646001373638,0.7718646001373638,0.0
4n,14,5,20262123,56,universal,1,0.7718646001373638,0.7718646001373638,0.0
4n,14,5,20262123,56,ceiling,3,0.8370149653067073,0.8370149653067073,0.0
4n,14,5,20262123,56,exactN,3,0.7861048168242271,0.8370149653067073,0.05091014848248021
4n,14,5,20262123,56,sampledN,3,0.7749051415391808,0.8370149653067073,0.062109823767526495
4n,14,5,20262123,56,transfer_1,3,0.8334775698117,0.8370149653067073,0.0035373954950073117
4n,14,5,20262123,56,transfer_2,3,0.8370149653067073,0.8370149653067073,0.0
4n,14,5,20262123,56,transfer_3,3,0.8370149653067073,0.8370149653067073,0.0
4n,14,5,20262123,56,universal,3,0.8334775698117,0.8370149653067073,0.0035373954950073117
4n,14,6,20262124,56,leak_g0.2_b0.2,1,0.04928347361201722,,
4n,14,6,20262124,56,leak_g0.5_b0.3,1,0.34729543342892555,,
4n,14,6,20262124,56,leak_g1.0_b0.4,1,0.8531388003224156,,
4n,14,6,20262124,56,ceiling,1,0.7739064248064303,0.7739064248064303,0.0
4n,14,6,20262124,56,exactN,1,0.7469432218388501,0.7739064248064303,0.026963202967580258
4n,14,6,20262124,56,sampledN,1,0.7694398648081848,0.7739064248064303,0.004466559998245523
4n,14,6,20262124,56,transfer_1,1,0.7739064248064303,0.7739064248064303,0.0
4n,14,6,20262124,56,transfer_2,1,0.7715036852632405,0.7739064248064303,0.0024027395431898135
4n,14,6,20262124,56,transfer_3,1,0.7739064248064303,0.7739064248064303,0.0
4n,14,6,20262124,56,universal,1,0.7739064248064303,0.7739064248064303,0.0
4n,14,6,20262124,56,ceiling,3,0.8374564615517528,0.8374564615517528,0.0
4n,14,6,20262124,56,exactN,3,0.7942442315225825,0.8374564615517528,0.043212230029170295
4n,14,6,20262124,56,sampledN,3,0.778339582307107,0.8374564615517528,0.059116879244645815
4n,14,6,20262124,56,transfer_1,3,0.8353595815790505,0.8374564615517528,0.002096879972702248
4n,14,6,20262124,56,transfer_2,3,0.8374564615517528,0.8374564615517528,0.0
4n,14,6,20262124,56,transfer_3,3,0.8374564615517528,0.8374564615517528,0.0
4n,14,6,20262124,56,universal,3,0.8353595815790505,0.8374564615517528,0.002096879972702248
4n,14,7,20262125,56,leak_g0.2_b0.2,1,0.044648295900213096,,
4n,14,7,20262125,56,leak_g0.5_b0.3,1,0.32284468050837956,,
4n,14,7,20262125,56,leak_g1.0_b0.4,1,0.8364267272475241,,
4n,14,7,20262125,56,ceiling,1,0.7858551070080592,0.7858551070080592,0.0
4n,14,7,20262125,56,exactN,1,0.7559762431324963,0.7858551070080592,0.029878863875562822
4n,14,7,20262125,56,sampledN,1,0.7559762431324963,0.7858551070080592,0.029878863875562822
4n,14,7,20262125,56,transfer_1,1,0.7858551070080592,0.7858551070080592,0.0
4n,14,7,20262125,56,transfer_2,1,0.780550828419211,0.7858551070080592,0.005304278588848188
4n,14,7,20262125,56,transfer_3,1,0.7858551070080592,0.7858551070080592,0.0
4n,14,7,20262125,56,universal,1,0.7858551070080592,0.7858551070080592,0.0
4n,14,7,20262125,56,ceiling,3,0.845386464705105,0.845386464705105,0.0
4n,14,7,20262125,56,exactN,3,0.8008475233546748,0.845386464705105,0.04453894135043024
4n,14,7,20262125,56,sampledN,3,0.7855179069735013,0.845386464705105,0.05986855773160371
4n,14,7,20262125,56,transfer_1,3,0.8444860103496877,0.845386464705105,0.0009004543554173017
4n,14,7,20262125,56,transfer_2,3,0.845386464705105,0.845386464705105,0.0
4n,14,7,20262125,56,transfer_3,3,0.845386464705105,0.845386464705105,0.0
4n,14,7,20262125,56,universal,3,0.8444860103496877,0.845386464705105,0.0009004543554173017
4n,14,8,20262126,56,leak_g0.2_b0.2,1,0.042962359683172545,,
4n,14,8,20262126,56,leak_g0.5_b0.3,1,0.3158915135534953,,
4n,14,8,20262126,56,leak_g1.0_b0.4,1,0.8366270174415477,,
4n,14,8,20262126,56,ceiling,1,0.81057859714118,0.81057859714118,0.0
4n,14,8,20262126,56,exactN,1,0.7782162723213496,0.81057859714118,0.03236232481983037
4n,14,8,20262126,56,sampledN,1,0.7782162723213496,0.81057859714118,0.03236232481983037
4n,14,8,20262126,56,transfer_1,1,0.81057859714118,0.81057859714118,0.0
4n,14,8,20262126,56,transfer_2,1,0.8049480604333258,0.81057859714118,0.0056305367078541835
4n,14,8,20262126,56,transfer_3,1,0.81057859714118,0.81057859714118,0.0
4n,14,8,20262126,56,universal,1,0.81057859714118,0.81057859714118,0.0
4n,14,8,20262126,56,ceiling,3,0.8738704374152914,0.8738704374152914,0.0
4n,14,8,20262126,56,exactN,3,0.8252972701080284,0.8738704374152914,0.04857316730726291
4n,14,8,20262126,56,sampledN,3,0.8252972701080284,0.8738704374152914,0.04857316730726291
4n,14,8,20262126,56,transfer_1,3,0.8719813056696047,0.8738704374152914,0.001889131745686612
4n,14,8,20262126,56,transfer_2,3,0.8738704374152914,0.8738704374152914,0.0
4n,14,8,20262126,56,transfer_3,3,0.8738704374152914,0.8738704374152914,0.0
4n,14,8,20262126,56,universal,3,0.8719813056696047,0.8738704374152914,0.001889131745686612
4n,14,9,20262127,56,leak_g0.2_b0.2,1,0.0440498167980575,,
4n,14,9,20262127,56,leak_g0.5_b0.3,1,0.3194817122156716,,
4n,14,9,20262127,56,leak_g1.0_b0.4,1,0.8314332707259646,,
4n,14,9,20262127,56,ceiling,1,0.7885336108899322,0.7885336108899322,0.0
4n,14,9,20262127,56,exactN,1,0.7566561710840012,0.7885336108899322,0.03187743980593105
4n,14,9,20262127,56,sampledN,1,0.7726538765869267,0.7885336108899322,0.01587973430300549
4n,14,9,20262127,56,transfer_1,1,0.7885336108899322,0.7885336108899322,0.0
4n,14,9,20262127,56,transfer_2,1,0.7823662890679509,0.7885336108899322,0.00616732182198132
4n,14,9,20262127,56,transfer_3,1,0.7885336108899322,0.7885336108899322,0.0
4n,14,9,20262127,56,universal,1,0.7885336108899322,0.7885336108899322,0.0
4n,14,9,20262127,56,ceiling,3,0.8500156176725558,0.8500156176725558,0.0
4n,14,9,20262127,56,exactN,3,0.8024082690921123,0.8500156176725558,0.047607348580443576
4n,14,9,20262127,56,sampledN,3,0.7878807114177248,0.8500156176725558,0.06213490625483109
4n,14,9,20262127,56,transfer_1,3,0.8483783319196357,0.8500156176725558,0.0016372857529201035
4n,14,9,20262127,56,transfer_2,3,0.8500156176725558,0.8500156176725558,0.0
4n,14,9,20262127,56,transfer_3,3,0.8500156176725558,0.8500156176725558,0.0
4n,14,9,20262127,56,universal,3,0.8483783319196357,0.8500156176725558,0.0016372857529201035
4n,14,10,20262128,56,leak_g0.2_b0.2,1,0.043942118241540526,,
4n,14,10,20262128,56,leak_g0.5_b0.3,1,0.31916026197004244,,
4n,14,10,20262128,56,leak_g1.0_b0.4,1,0.8335505369114993,,
4n,14,10,20262128,56,ceiling,1,0.7885060486053009,0.7885060486053009,0.0
4n,14,10,20262128,56,exactN,1,0.7566526815100882,0.7885060486053009,0.03185336709521269
4n,14,10,20262128,56,sampledN,1,0.7727580364958736,0.7885060486053009,0.015748012109427334
4n,14,10,20262128,56,transfer_1,1,0.7885060486053009,0.7885060486053009,0.0
4n,14,10,20262128,56,transfer_2,1,0.782296647940005,0.7885060486053009,0.006209400665295961
4n,14,10,20262128,56,transfer_3,1,0.7885060486053009,0.7885060486053009,0.0
4n,14,10,20262128,56,universal,1,0.7885060486053009,0.7885060486053009,0.0
4n,14,10,20262128,56,ceiling,3,0.8473328251332416,0.8473328251332416,0.0
4n,14,10,20262128,56,exactN,3,0.8019016908518806,0.8473328251332416,0.04543113428136103
4n,14,10,20262128,56,sampledN,3,0.7874258628100076,0.8473328251332416,0.059906962323234
4n,14,10,20262128,56,transfer_1,3,0.8460921099266608,0.8473328251332416,0.0012407152065807558
4n,14,10,20262128,56,transfer_2,3,0.8473328251332416,0.8473328251332416,0.0
4n,14,10,20262128,56,transfer_3,3,0.8473328251332416,0.8473328251332416,0.0
4n,14,10,20262128,56,universal,3,0.8460921099266608,0.8473328251332416,0.0012407152065807558
