family,n,instance,seed,m,method,p,ar,ceil,regret
ER(0.5),14,1,20262107,42,ceiling,1,0.809359194848053,0.809359194848053,0.0
ER(0.5),14,1,20262107,42,binned_exact,1,0.7755941242216371,0.809359194848053,0.03376507062641587
ER(0.5),14,1,20262107,42,binned_sampled,1,0.7755941242216371,0.809359194848053,0.03376507062641587
ER(0.5),14,1,20262107,42,transfer_1,1,0.8002185474902272,0.809359194848053,0.009140647357825715
ER(0.5),14,1,20262107,42,transfer_2,1,0.7920473616999562,0.809359194848053,0.01731183314809681
ER(0.5),14,1,20262107,42,transfer_3,1,0.8002185474902272,0.809359194848053,0.009140647357825715
ER(0.5),14,1,20262107,42,universal,1,0.7920473616999562,0.809359194848053,0.01731183314809681
ER(0.5),14,1,20262107,42,ceiling,3,0.9003987099395357,0.9003987099395357,0.0
ER(0.5),14,1,20262107,42,binned_exact,3,0.819120044726202,0.9003987099395357,0.08127866521333371
ER(0.5),14,1,20262107,42,binned_sampled,3,0.8232592605071838,0.9003987099395357,0.07713944943235196
ER(0.5),14,1,20262107,42,transfer_1,3,0.8863725907830924,0.9003987099395357,0.014026119156443362
ER(0.5),14,1,20262107,42,transfer_2,3,0.8717270425419923,0.9003987099395357,0.028671667397543454
ER(0.5),14,1,20262107,42,transfer_3,3,0.8632397448827641,0.9003987099395357,0.03715896505677163
ER(0.5),14,1,20262107,42,universal,3,0.8261273665825464,0.9003987099395357,0.07427134335698937
ER(0.5),14,2,20262108,44,ceiling,1,0.7671757343307806,0.7671757343307806,0.0
ER(0.5),14,2,20262108,44,binned_exact,1,0.7231773342733829,0.7671757343307806,0.043998400057397635
ER(0.5),14,2,20262108,44,binned_sampled,1,0.7344631088514321,0.7671757343307806,0.0327126254793485
ER(0.5),14,2,20262108,44,transfer_1,1,0.7656330500231417,0.7671757343307806,0.0015426843076388197
ER(0.5),14,2,20262108,44,transfer_2,1,0.7616696956938731,0.7671757343307806,0.005506038636907462
ER(0.5),14,2,20262108,44,transfer_3,1,0.7656330500231417,0.7671757343307806,0.0015426843076388197
ER(0.5),14,2,20262108,44,universal,1,0.7616696956938731,0.7671757343307806,0.005506038636907462
ER(0.5),14,2,20262108,44,ceiling,3,0.8631543169186919,0.8631543169186919,0.0
ER(0.5),14,2,20262108,44,binned_exact,3,0.7673244076820868,0.8631543169186919,0.09582990923660517
ER(0.5),14,2,20262108,44,binned_sampled,3,0.7673244076820868,0.8631543169186919,0.09582990923660517
ER(0.5),14,2,20262108,44,transfer_1,3,0.854447219367882,0.8631543169186919,0.008707097550809895
ER(0.5),14,2,20262108,44,transfer_2,3,0.8473062315673506,0.8631543169186919,0.0158480853513413
ER(0.5),14,2,20262108,44,transfer_3,3,0.8459751484166114,0.8631543169186919,0.017179168502080566
ER(0.5),14,2,20262108,44,universal,3,0.8188392682665334,0.8631543169186919,0.04431504865215852
ER(0.5),14,3,20262109,46,ceiling,1,0.7829355333176409,0.7829355333176409,0.0
ER(0.5),14,3,20262109,46,binned_exact,1,0.7531390261116934,0.7829355333176409,0.02979650720594751
ER(0.5),14,3,20262109,46,binned_sampled,1,0.7461722509788363,0.7829355333176409,0.03676328233880455
ER(0.5),14,3,20262109,46,transfer_1,1,0.7716745633302432,0.7829355333176409,0.011260969987397673
ER(0.5),14,3,20262109,46,transfer_2,1,0.7638403337796484,0.7829355333176409,0.019095199537992436
ER(0.5),14,3,20262109,46,transfer_3,1,0.7716745633302432,0.7829355333176409,0.011260969987397673
ER(0.5),14,3,20262109,46,universal,1,0.7638403337796484,0.7829355333176409,0.019095199537992436
ER(0.5),14,3,20262109,46,ceiling,3,0.8821636906318017,0.8821636906318017,0.0
ER(0.5),14,3,20262109,46,binned_exact,3,0.7906036331961106,0.8821636906318017,0.09156005743569107
ER(0.5),14,3,20262109,46,binned_sampled,3,0.7906036331961106,0.8821636906318017,0.09156005743569107
ER(0.5),14,3,20262109,46,transfer_1,3,0.8588996085968942,0.8821636906318017,0.023264082034907485
ER(0.5),14,3,20262109,46,transfer_2,3,0.8418370225308645,0.8821636906318017,0.04032666810093721
ER(0.5),14,3,20262109,46,transfer_3,3,0.831324367497357,0.8821636906318017,0.050839323134444614
ER(0.5),14,3,20262109,46,universal,3,0.7917275147843799,0.8821636906318017,0.0904361758474218
ER(0.5),14,4,20262110,44,ceiling,1,0.8129128210599991,0.8129128210599991,0.0
ER(0.5),14,4,20262110,44,binned_exact,1,0.7637831299982255,0.8129128210599991,0.04912969106177356
ER(0.5),14,4,20262110,44,binned_sampled,1,0.765788320394317,0.8129128210599991,0.04712450066568208
ER(0.5),14,4,20262110,44,transfer_1,1,0.8097026130834273,0.8129128210599991,0.0032102079765717884
ER(0.5),14,4,20262110,44,transfer_2,1,0.8032358176786847,0.8129128210599991,0.009677003381314386
ER(0.5),14,4,20262110,44,transfer_3,1,0.8097026130834273,0.8129128210599991,0.0032102079765717884
ER(0.5),14,4,20262110,44,universal,1,0.8032358176786847,0.8129128210599991,0.009677003381314386
ER(0.5),14,4,20262110,44,ceiling,3,0.9072557925944221,0.9072557925944221,0.0
ER(0.5),14,4,20262110,44,binned_exact,3,0.8125083412230191,0.9072557925944221,0.09474745137140306
ER(0.5),14,4,20262110,44,binned_sampled,3,0.8309345693160841,0.9072557925944221,0.07632122327833801
ER(0.5),14,4,20262110,44,transfer_1,3,0.8951780774757462,0.9072557925944221,0.012077715118675947
ER(0.5),14,4,20262110,44,transfer_2,3,0.8890465140379802,0.9072557925944221,0.018209278556441943
ER(0.5),14,4,20262110,44,transfer_3,3,0.8916295982383249,0.9072557925944221,0.015626194356097245
ER(0.5),14,4,20262110,44,universal,3,0.8631084767291449,0.9072557925944221,0.044147315865277204
ER(0.5),14,5,20262111,42,ceiling,1,0.8180326465466986,0.8180326465466986,0.0
ER(0.5),14,5,20262111,42,binned_exact,1,0.782546127217345,0.8180326465466986,0.03548651932935365
ER(0.5),14,5,20262111,42,binned_sampled,1,0.782546127217345,0.8180326465466986,0.03548651932935365
ER(0.5),14,5,20262111,42,transfer_1,1,0.809591364382559,0.8180326465466986,0.00844128216413964
ER(0.5),14,5,20262111,42,transfer_2,1,0.8013503908884673,0.8180326465466986,0.016682255658231337
ER(0.5),14,5,20262111,42,transfer_3,1,0.809591364382559,0.8180326465466986,0.00844128216413964
ER(0.5),14,5,20262111,42,universal,1,0.8013503908884673,0.8180326465466986,0.016682255658231337
ER(0.5),14,5,20262111,42,ceiling,3,0.9033713264541738,0.9033713264541738,0.0
ER(0.5),14,5,20262111,42,binned_exact,3,0.8303299635977152,0.9033713264541738,0.07304136285645868
ER(0.5),14,5,20262111,42,binned_sampled,3,0.8537241311719665,0.9033713264541738,0.04964719528220729
ER(0.5),14,5,20262111,42,transfer_1,3,0.8944063984238567,0.9033713264541738,0.00896492803031712
ER(0.5),14,5,20262111,42,transfer_2,3,0.8797338062411215,0.9033713264541738,0.02363752021305232
ER(0.5),14,5,20262111,42,transfer_3,3,0.8707377942619372,0.9033713264541738,0.032633532192236636
ER(0.5),14,5,20262111,42,universal,3,0.8387664385186391,0.9033713264541738,0.06460488793553476
ER(0.5),14,6,20262112,53,ceiling,1,0.8085188620971405,0.8085188620971405,0.0
ER(0.5),14,6,20262112,53,binned_exact,1,0.7787743778414669,0.8085188620971405,0.029744484255673664
ER(0.5),14,6,20262112,53,binned_sampled,1,0.7826903533538343,0.8085188620971405,0.025828508743306222
ER(0.5),14,6,20262112,53,transfer_1,1,0.7945788569566246,0.8085188620971405,0.013940005140515965
ER(0.5),14,6,20262112,53,transfer_2,1,0.7854518572571083,0.8085188620971405,0.023067004840032213
ER(0.5),14,6,20262112,53,transfer_3,1,0.7945788569566246,0.8085188620971405,0.013940005140515965
ER(0.5),14,6,20262112,53,universal,1,0.7854518572571083,0.8085188620971405,0.023067004840032213
ER(0.5),14,6,20262112,53,ceiling,3,0.8968753261263189,0.8968753261263189,0.0
ER(0.5),14,6,20262112,53,binned_exact,3,0.8168622756050321,0.8968753261263189,0.08001305052128682
ER(0.5),14,6,20262112,53,binned_sampled,3,0.8278542385308143,0.8968753261263189,0.06902108759550463
ER(0.5),14,6,20262112,53,transfer_1,3,0.8749987100899149,0.8968753261263189,0.021876616036404006
ER(0.5),14,6,20262112,53,transfer_2,3,0.8550021010618151,0.8968753261263189,0.04187322506450386
ER(0.5),14,6,20262112,53,transfer_3,3,0.8410416038429622,0.8968753261263189,0.0558337222833567
ER(0.5),14,6,20262112,53,universal,3,0.8010997520372635,0.8968753261263189,0.09577557408905546
ER(0.5),14,7,20262113,50,ceiling,1,0.8193277207521352,0.8193277207521352,0.0
ER(0.5),14,7,20262113,50,binned_exact,1,0.7839747469826441,0.8193277207521352,0.03535297376949109
ER(0.5),14,7,20262113,50,binned_sampled,1,0.7979260500110104,0.8193277207521352,0.021401670741124867
ER(0.5),14,7,20262113,50,transfer_1,1,0.8041761501393173,0.8193277207521352,0.01515157061281791
ER(0.5),14,7,20262113,50,transfer_2,1,0.7970824292417931,0.8193277207521352,0.022245291510342158
ER(0.5),14,7,20262113,50,transfer_3,1,0.8041761501393173,0.8193277207521352,0.01515157061281791
ER(0.5),14,7,20262113,50,universal,1,0.7970824292417931,0.8193277207521352,0.022245291510342158
ER(0.5),14,7,20262113,50,ceiling,3,0.9069249285077355,0.9069249285077355,0.0
ER(0.5),14,7,20262113,50,binned_exact,3,0.8311126253076889,0.9069249285077355,0.07581230320004662
ER(0.5),14,7,20262113,50,binned_sampled,3,0.8311126253076889,0.9069249285077355,0.07581230320004662
ER(0.5),14,7,20262113,50,transfer_1,3,0.8917641924980514,0.9069249285077355,0.01516073600968415
ER(0.5),14,7,20262113,50,transfer_2,3,0.8703646942262847,0.9069249285077355,0.03656023428145083
ER(0.5),14,7,20262113,50,transfer_3,3,0.8495416422230817,0.9069249285077355,0.057383286284653834
ER(0.5),14,7,20262113,50,universal,3,0.8106100340766895,0.9069249285077355,0.09631489443104602
ER(0.5),14,8,20262114,43,ceiling,1,0.8179481455077091,0.8179481455077091,0.0
ER(0.5),14,8,20262114,43,binned_exact,1,0.782077133039153,0.8179481455077091,0.03587101246855606
ER(0.5),14,8,20262114,43,binned_sampled,1,0.782077133039153,0.8179481455077091,0.03587101246855606
ER(0.5),14,8,20262114,43,transfer_1,1,0.813025207952774,0.8179481455077091,0.004922937554935114
ER(0.5),14,8,20262114,43,transfer_2,1,0.8079235137466257,0.8179481455077091,0.010024631761083369
ER(0.5),14,8,20262114,43,transfer_3,1,0.813025207952774,0.8179481455077091,0.004922937554935114
ER(0.5),14,8,20262114,43,universal,1,0.8079235137466257,0.8179481455077091,0.010024631761083369
ER(0.5),14,8,20262114,43,ceiling,3,0.9111014916376005,0.9111014916376005,0.0
ER(0.5),14,8,20262114,43,binned_exact,3,0.8257647525667284,0.9111014916376005,0.08533673907087203
ER(0.5),14,8,20262114,43,binned_sampled,3,0.8257647525667284,0.9111014916376005,0.08533673907087203
ER(0.5),14,8,20262114,43,transfer_1,3,0.9071347482024015,0.9111014916376005,0.003966743435198983
ER(0.5),14,8,20262114,43,transfer_2,3,0.8973244179444687,0.9111014916376005,0.013777073693131747
ER(0.5),14,8,20262114,43,transfer_3,3,0.887886925637177,0.9111014916376005,0.023214566000423487
ER(0.5),14,8,20262114,43,universal,3,0.8590755353895698,0.9111014916376005,0.052025956248030636
ER(0.5),14,9,20262115,40,ceiling,1,0.807805254303918,0.807805254303918,0.0
ER(0.5),14,9,20262115,40,binned_exact,1,0.7671418889767091,0.807805254303918,0.040663365327208933
ER(0.5),14,9,20262115,40,binned_sampled,1,0.7695089063380427,0.807805254303918,0.03829634796587533
ER(0.5),14,9,20262115,40,transfer_1,1,0.807805254303918,0.807805254303918,0.0
ER(0.5),14,9,20262115,40,transfer_2,1,0.8055456029714786,0.807805254303918,0.0022596513324394385
ER(0.5),14,9,20262115,40,transfer_3,1,0.807805254303918,0.807805254303918,0.0
ER(0.5),14,9,20262115,40,universal,1,0.8055456029714786,0.807805254303918,0.0022596513324394385
ER(0.5),14,9,20262115,40,ceiling,3,0.9046253996944436,0.9046253996944436,0.0
ER(0.5),14,9,20262115,40,binned_exact,3,0.7968235723998902,0.9046253996944436,0.10780182729455334
ER(0.5),14,9,20262115,40,binned_sampled,3,0.8259772393877052,0.9046253996944436,0.07864816030673838
ER(0.5),14,9,20262115,40,transfer_1,3,0.898954727709669,0.9046253996944436,0.005670671984774556
ER(0.5),14,9,20262115,40,transfer_2,3,0.8946085974789533,0.9046253996944436,0.010016802215490284
ER(0.5),14,9,20262115,40,transfer_3,3,0.8945852754937867,0.9046253996944436,0.010040124200656808
ER(0.5),14,9,20262115,40,universal,3,0.8791173254608712,0.9046253996944436,0.025508074233572375
ER(0.5),14,10,20262116,50,ceiling,1,0.8237392946132986,0.8237392946132986,0.0
ER(0.5),14,10,20262116,50,binned_exact,1,0.7876334887271053,0.8237392946132986,0.03610580588619339
ER(0.5),14,10,20262116,50,binned_sampled,1,0.7956173722645057,0.8237392946132986,0.02812192234879296
ER(0.5),14,10,20262116,50,transfer_1,1,0.8052693764014254,0.8237392946132986,0.01846991821187327
ER(0.5),14,10,20262116,50,transfer_2,1,0.7965655297382325,0.8237392946132986,0.027173764875066175
ER(0.5),14,10,20262116,50,transfer_3,1,0.8052693764014254,0.8237392946132986,0.01846991821187327
ER(0.5),14,10,20262116,50,universal,1,0.7965655297382325,0.8237392946132986,0.027173764875066175
ER(0.5),14,10,20262116,50,ceiling,3,0.9088201221773226,0.9088201221773226,0.0
ER(0.5),14,10,20262116,50,binned_exact,3,0.8361020390875923,0.9088201221773226,0.07271808308973027
ER(0.5),14,10,20262116,50,binned_sampled,3,0.8438135487493218,0.9088201221773226,0.06500657342800076
ER(0.5),14,10,20262116,50,transfer_1,3,0.8872176981044521,0.9088201221773226,0.021602424072870496
ER(0.5),14,10,20262116,50,transfer_2,3,0.8645747741031076,0.9088201221773226,0.044245348074214985
ER(0.5),14,10,20262116,50,transfer_3,3,0.8445219977261641,0.9088201221773226,0.06429812445115846
ER(0.5),14,10,20262116,50,universal,3,0.8075509242635677,0.9088201221773226,0.10126919791375488
