family,n,inst,m,p,ceiling,ar_emp,regret,argmax_disp,robust_frac,overlap
ER(0.5),12,1,38,1,0.847729,0.826848,0.020881,0.072524,0.01375,0.972817
ER(0.5),12,1,38,3,0.924775,0.850504,0.074271,0.327327,0.004395,0.970067
ER(0.5),12,2,37,1,0.836853,0.809919,0.026934,0.074756,0.013125,0.973094
ER(0.5),12,2,37,3,0.932219,0.83772,0.094499,0.276642,0.007324,0.969594
ER(0.5),12,3,35,1,0.824275,0.796824,0.027452,0.09245,0.015,0.976839
ER(0.5),12,3,35,3,0.925855,0.84444,0.081415,0.349927,0.004883,0.926123
ER(0.5),12,4,37,1,0.852769,0.834434,0.018335,0.072524,0.01375,0.976175
ER(0.5),12,4,37,3,0.916212,0.855176,0.061036,0.303046,0.004639,0.974544
ER(0.5),12,5,43,1,0.867125,0.847611,0.019514,0.072524,0.013125,0.984539
ER(0.5),12,5,43,3,0.931342,0.875354,0.055988,0.327327,0.004883,0.964726
ER(0.5),12,6,38,1,0.817472,0.796764,0.020708,0.072524,0.01375,0.971107
ER(0.5),12,6,38,3,0.912566,0.821158,0.091408,0.349927,0.004883,0.96766
ER(0.5),12,7,33,1,0.784744,0.753611,0.031132,0.09245,0.01375,0.980259
ER(0.5),12,7,33,3,0.877226,0.801345,0.075881,0.357143,0.006104,0.932562
ER(0.5),12,8,27,1,0.818434,0.78736,0.031074,0.09245,0.0125,0.978552
ER(0.5),12,8,27,3,0.897231,0.826596,0.070635,0.397697,0.003662,0.95967
ER(0.5),12,9,20,1,0.823532,0.782662,0.04087,0.110286,0.0125,0.963807
ER(0.5),12,9,20,3,0.922811,0.833786,0.089025,0.397697,0.004883,0.940831
ER(0.5),12,10,41,1,0.867052,0.841617,0.025435,0.072524,0.011875,0.986083
ER(0.5),12,10,41,3,0.93713,0.873303,0.063827,0.327327,0.004395,0.967609
ER(0.5),14,1,43,1,0.83554,0.799584,0.035956,0.090655,0.01375,0.985998
ER(0.5),14,1,43,3,0.912856,0.837318,0.075539,0.327327,0.003418,0.966409
ER(0.5),14,2,50,1,0.833224,0.812635,0.02059,0.072524,0.013125,0.979682
ER(0.5),14,2,50,3,0.900858,0.841491,0.059367,0.327327,0.006104,0.9553
ER(0.5),14,3,47,1,0.800478,0.76986,0.030617,0.090655,0.01375,0.981978
ER(0.5),14,3,47,3,0.883452,0.805581,0.077871,0.327327,0.007568,0.958035
ER(0.5),14,4,42,1,0.824529,0.796938,0.027591,0.09245,0.015,0.971147
ER(0.5),14,4,42,3,0.908402,0.823106,0.085296,0.327327,0.006836,0.966806
ER(0.5),14,5,40,1,0.752189,0.717166,0.035023,0.09245,0.013125,0.972225
ER(0.5),14,5,40,3,0.869438,0.743586,0.125851,0.384655,0.001953,0.961927
ER(0.5),14,6,52,1,0.871042,0.847053,0.023989,0.072524,0.0125,0.979084
ER(0.5),14,6,52,3,0.93488,0.878995,0.055886,0.303046,0.004639,0.9577
ER(0.5),14,7,50,1,0.841932,0.81589,0.026042,0.090655,0.01375,0.980133
ER(0.5),14,7,50,3,0.913278,0.849038,0.064239,0.327327,0.003906,0.957578
ER(0.5),14,8,49,1,0.808292,0.779263,0.029029,0.090655,0.01375,0.98059
ER(0.5),14,8,49,3,0.892788,0.814615,0.078173,0.294508,0.006348,0.955238
ER(0.5),14,9,35,1,0.841415,0.80558,0.035834,0.108786,0.0125,0.97601
ER(0.5),14,9,35,3,0.929087,0.856039,0.073048,0.327327,0.005859,0.934608
ER(0.5),14,10,45,1,0.860966,0.832765,0.028201,0.090655,0.013125,0.984707
ER(0.5),14,10,45,3,0.930756,0.865864,0.064892,0.303046,0.00415,0.965783
ER(0.25),12,1,15,1,0.763325,0.73174,0.031585,0.110286,0.014375,0.966494
ER(0.25),12,1,15,3,0.86719,0.788139,0.079051,0.327327,0.005615,0.932413
ER(0.25),12,2,17,1,0.800817,0.770724,0.030093,0.09245,0.0125,0.956712
ER(0.25),12,2,17,3,0.902946,0.834921,0.068025,0.236902,0.004395,0.933035
ER(0.25),12,3,15,1,0.74323,0.705463,0.037767,0.11467,0.01375,0.949107
ER(0.25),12,3,15,3,0.888638,0.786917,0.101721,0.371154,0.003418,0.898156
ER(0.25),12,4,9,1,0.769267,0.739068,0.030199,0.128205,0.013125,0.932893
ER(0.25),12,4,9,3,0.856305,0.803627,0.052678,0.159719,0.001953,0.906663
ER(0.25),12,5,11,1,0.793687,0.763276,0.030412,0.110286,0.013125,0.951749
ER(0.25),12,5,11,3,0.879597,0.833542,0.046055,0.174964,0.002441,0.923031
ER(0.25),12,6,19,1,0.776228,0.741598,0.03463,0.110286,0.013125,0.961089
ER(0.25),12,6,19,3,0.896143,0.790971,0.105172,0.446071,0.007568,0.935615
ER(0.25),12,7,14,1,0.753861,0.731111,0.02275,0.108786,0.0175,0.963869
ER(0.25),12,7,14,3,0.868537,0.783357,0.08518,0.357143,0.005127,0.930426
ER(0.25),12,8,20,1,0.816208,0.779507,0.0367,0.110286,0.01125,0.96255
ER(0.25),12,8,20,3,0.925623,0.827869,0.097754,0.416497,0.00415,0.937918
ER(0.25),12,9,18,1,0.747486,0.706379,0.041107,0.110286,0.015,0.96472
ER(0.25),12,9,18,3,0.87312,0.75778,0.11534,0.440315,0.005859,0.938814
ER(0.25),12,10,11,1,0.75396,0.729303,0.024657,0.09245,0.01375,0.958339
ER(0.25),12,10,11,3,0.896164,0.795442,0.100723,0.276642,0.001953,0.928004
ER(0.25),14,1,22,1,0.795779,0.761841,0.033938,0.09245,0.0125,0.962187
ER(0.25),14,1,22,3,0.889005,0.804786,0.084219,0.416497,0.004639,0.93291
ER(0.25),14,2,24,1,0.763864,0.730313,0.033551,0.09245,0.0125,0.963643
ER(0.25),14,2,24,3,0.875046,0.784985,0.090061,0.416497,0.005127,0.916075
ER(0.25),14,3,23,1,0.752542,0.706107,0.046436,0.128205,0.014375,0.967856
ER(0.25),14,3,23,3,0.875442,0.76781,0.107633,0.446071,0.005127,0.91534
ER(0.25),14,4,23,1,0.763323,0.722835,0.040488,0.110286,0.014375,0.956611
ER(0.25),14,4,23,3,0.871641,0.773117,0.098524,0.446071,0.004883,0.924398
ER(0.25),14,5,26,1,0.810156,0.77798,0.032176,0.097638,0.015,0.964373
ER(0.25),14,5,26,3,0.914332,0.815739,0.098593,0.39123,0.006836,0.957158
ER(0.25),14,6,24,1,0.798255,0.76466,0.033595,0.110286,0.01375,0.963701
ER(0.25),14,6,24,3,0.893987,0.819785,0.074202,0.327327,0.008301,0.925964
ER(0.25),14,7,18,1,0.777343,0.751616,0.025728,0.110286,0.018125,0.958785
ER(0.25),14,7,18,3,0.882668,0.804219,0.078449,0.303046,0.003174,0.928675
ER(0.25),14,8,24,1,0.732014,0.697108,0.034907,0.110286,0.014375,0.963898
ER(0.25),14,8,24,3,0.842164,0.751433,0.090731,0.357143,0.008301,0.907222
ER(0.25),14,9,18,1,0.810979,0.780447,0.030532,0.09245,0.013125,0.949196
ER(0.25),14,9,18,3,0.905964,0.835351,0.070613,0.247436,0.003174,0.942289
ER(0.25),14,10,22,1,0.758722,0.723653,0.035069,0.110286,0.014375,0.954749
ER(0.25),14,10,22,3,0.871116,0.772423,0.098694,0.416497,0.006348,0.92731
BA(k=2),12,1,20,1,0.755404,0.72743,0.027973,0.09245,0.01375,0.955241
BA(k=2),12,1,20,3,0.868111,0.773724,0.094387,0.446071,0.007324,0.929484
BA(k=2),12,2,20,1,0.852018,0.823634,0.028384,0.09245,0.01375,0.968752
BA(k=2),12,2,20,3,0.927055,0.866151,0.060904,0.327327,0.003906,0.955281
BA(k=2),12,3,20,1,0.845851,0.819758,0.026094,0.09245,0.014375,0.956997
BA(k=2),12,3,20,3,0.936066,0.865932,0.070134,0.33503,0.005615,0.933483
BA(k=2),12,4,20,1,0.845212,0.818118,0.027094,0.110286,0.015625,0.960589
BA(k=2),12,4,20,3,0.932323,0.864897,0.067426,0.327327,0.00415,0.949766
BA(k=2),12,5,20,1,0.754022,0.727204,0.026818,0.09245,0.01625,0.956048
BA(k=2),12,5,20,3,0.865165,0.780936,0.084229,0.276642,0.009033,0.94291
BA(k=2),12,6,20,1,0.765477,0.733275,0.032202,0.09245,0.0125,0.95901
BA(k=2),12,6,20,3,0.877914,0.77902,0.098894,0.446071,0.004395,0.92896
BA(k=2),12,7,20,1,0.837216,0.8144,0.022816,0.09245,0.016875,0.961701
BA(k=2),12,7,20,3,0.920371,0.857902,0.06247,0.327327,0.003906,0.952055
BA(k=2),12,8,20,1,0.741367,0.709193,0.032173,0.128205,0.01875,0.97509
BA(k=2),12,8,20,3,0.853263,0.759405,0.093858,0.349927,0.003174,0.940852
BA(k=2),12,9,20,1,0.785087,0.763185,0.021902,0.09245,0.01875,0.96054
BA(k=2),12,9,20,3,0.871211,0.805423,0.065789,0.327327,0.005127,0.949125
BA(k=2),12,10,20,1,0.760134,0.729815,0.030318,0.110286,0.013125,0.959936
BA(k=2),12,10,20,3,0.863135,0.7736,0.089535,0.446071,0.004395,0.934526
BA(k=2),14,1,24,1,0.774731,0.733042,0.041689,0.110286,0.013125,0.966991
BA(k=2),14,1,24,3,0.878564,0.791274,0.08729,0.428571,0.00708,0.917424
BA(k=2),14,2,24,1,0.760801,0.726943,0.033857,0.110286,0.0175,0.962666
BA(k=2),14,2,24,3,0.868262,0.789982,0.07828,0.188982,0.008057,0.928392
BA(k=2),14,3,24,1,0.803716,0.765979,0.037737,0.110286,0.015625,0.969745
BA(k=2),14,3,24,3,0.89081,0.820191,0.070619,0.327327,0.005615,0.93345
BA(k=2),14,4,24,1,0.803383,0.765835,0.037547,0.110286,0.015625,0.969571
BA(k=2),14,4,24,3,0.89529,0.820084,0.075206,0.327327,0.004883,0.934235
BA(k=2),14,5,24,1,0.817184,0.771842,0.045342,0.110286,0.013125,0.967563
BA(k=2),14,5,24,3,0.91672,0.833869,0.082851,0.428571,0.005371,0.92092
BA(k=2),14,6,24,1,0.734673,0.6965,0.038172,0.110286,0.01375,0.968416
BA(k=2),14,6,24,3,0.839505,0.749899,0.089606,0.446071,0.004883,0.919808
BA(k=2),14,7,24,1,0.773695,0.731289,0.042405,0.128205,0.013125,0.966491
BA(k=2),14,7,24,3,0.880303,0.790042,0.09026,0.428571,0.006592,0.920844
BA(k=2),14,8,24,1,0.802907,0.766255,0.036652,0.110286,0.014375,0.969834
BA(k=2),14,8,24,3,0.893369,0.820255,0.073114,0.327327,0.005371,0.934064
BA(k=2),14,9,24,1,0.776151,0.732914,0.043238,0.128205,0.01375,0.967782
BA(k=2),14,9,24,3,0.866993,0.791529,0.075464,0.397697,0.006836,0.923728
BA(k=2),14,10,24,1,0.799887,0.764711,0.035175,0.110286,0.015625,0.967009
BA(k=2),14,10,24,3,0.891638,0.819857,0.071782,0.327327,0.006592,0.93325
BA(k=4),12,1,32,1,0.758882,0.72969,0.029192,0.09245,0.01375,0.981377
BA(k=4),12,1,32,3,0.854515,0.774711,0.079804,0.384655,0.004395,0.934878
BA(k=4),12,2,32,1,0.780236,0.756394,0.023842,0.090655,0.015625,0.980112
BA(k=4),12,2,32,3,0.877347,0.798958,0.078389,0.349927,0.006592,0.933126
BA(k=4),12,3,32,1,0.784795,0.758013,0.026782,0.090655,0.01625,0.982187
BA(k=4),12,3,32,3,0.870328,0.800294,0.070034,0.327327,0.008057,0.938371
BA(k=4),12,4,32,1,0.790761,0.760456,0.030306,0.09245,0.01375,0.979527
BA(k=4),12,4,32,3,0.891425,0.810704,0.080721,0.357143,0.007568,0.932098
BA(k=4),12,5,32,1,0.797834,0.766218,0.031616,0.090655,0.0125,0.976425
BA(k=4),12,5,32,3,0.897432,0.814485,0.082947,0.384655,0.004883,0.931914
BA(k=4),12,6,32,1,0.784602,0.758056,0.026546,0.090655,0.015625,0.981632
BA(k=4),12,6,32,3,0.869112,0.800513,0.068599,0.327327,0.008545,0.937226
BA(k=4),12,7,32,1,0.79191,0.760589,0.031322,0.09245,0.014375,0.980495
BA(k=4),12,7,32,3,0.896344,0.809935,0.086409,0.349927,0.005615,0.933536
BA(k=4),12,8,32,1,0.817061,0.790287,0.026774,0.090655,0.015,0.981174
BA(k=4),12,8,32,3,0.904681,0.836687,0.067993,0.276642,0.007324,0.942789
BA(k=4),12,9,32,1,0.783083,0.757414,0.025669,0.090655,0.015625,0.981818
BA(k=4),12,9,32,3,0.863869,0.801105,0.062764,0.276642,0.008789,0.94388
BA(k=4),12,10,32,1,0.79517,0.765158,0.030012,0.090655,0.01375,0.977087
BA(k=4),12,10,32,3,0.884731,0.811389,0.073341,0.327327,0.007568,0.938504
BA(k=4),14,1,40,1,0.840825,0.812391,0.028433,0.09245,0.014375,0.973185
BA(k=4),14,1,40,3,0.929698,0.839162,0.090536,0.327327,0.006348,0.969988
BA(k=4),14,2,40,1,0.81141,0.784202,0.027208,0.09245,0.015,0.971098
BA(k=4),14,2,40,3,0.898292,0.810628,0.087664,0.327327,0.005859,0.967711
BA(k=4),14,3,40,1,0.806631,0.782022,0.024608,0.090655,0.015625,0.972312
BA(k=4),14,3,40,3,0.88898,0.806438,0.082542,0.327327,0.006592,0.968759
BA(k=4),14,4,40,1,0.83703,0.810952,0.026077,0.09245,0.015625,0.972137
BA(k=4),14,4,40,3,0.922881,0.836875,0.086006,0.327327,0.006104,0.968769
BA(k=4),14,5,40,1,0.837276,0.81116,0.026116,0.09245,0.015625,0.972571
BA(k=4),14,5,40,3,0.920489,0.836829,0.083659,0.327327,0.004639,0.969877
BA(k=4),14,6,40,1,0.801958,0.76448,0.037478,0.09245,0.0125,0.972063
BA(k=4),14,6,40,3,0.901342,0.821929,0.079413,0.294508,0.006836,0.913144
BA(k=4),14,7,40,1,0.831935,0.808844,0.023091,0.090655,0.015,0.971392
BA(k=4),14,7,40,3,0.917862,0.833381,0.084481,0.327327,0.00708,0.968376
BA(k=4),14,8,40,1,0.830593,0.808449,0.022144,0.090655,0.014375,0.972867
BA(k=4),14,8,40,3,0.908045,0.831658,0.076387,0.327327,0.007324,0.970064
BA(k=4),14,9,40,1,0.78022,0.756343,0.023877,0.09245,0.015625,0.972342
BA(k=4),14,9,40,3,0.869185,0.78023,0.088955,0.349927,0.006348,0.967861
BA(k=4),14,10,40,1,0.789166,0.760121,0.029044,0.09245,0.01375,0.971058
BA(k=4),14,10,40,3,0.888665,0.787392,0.101273,0.349927,0.006104,0.966357
WS(k=4;b=0.1),12,1,24,1,0.833172,0.804496,0.028676,0.090655,0.01125,0.971545
WS(k=4;b=0.1),12,1,24,3,0.907038,0.851535,0.055503,0.327327,0.00415,0.938691
WS(k=4;b=0.1),12,2,24,1,0.827806,0.80201,0.025795,0.090655,0.011875,0.968385
WS(k=4;b=0.1),12,2,24,3,0.904593,0.848047,0.056546,0.327327,0.004883,0.93351
WS(k=4;b=0.1),12,3,24,1,0.832641,0.804214,0.028427,0.090655,0.0125,0.968018
WS(k=4;b=0.1),12,3,24,3,0.924028,0.854072,0.069955,0.327327,0.006104,0.930173
WS(k=4;b=0.1),12,4,24,1,0.877542,0.84976,0.027782,0.090655,0.01125,0.971771
WS(k=4;b=0.1),12,4,24,3,0.956469,0.897018,0.059451,0.327327,0.005371,0.935725
WS(k=4;b=0.1),12,5,24,1,0.786067,0.760373,0.025693,0.090655,0.013125,0.970833
WS(k=4;b=0.1),12,5,24,3,0.865869,0.804501,0.061368,0.327327,0.005371,0.934139
WS(k=4;b=0.1),12,6,24,1,0.825346,0.800765,0.024581,0.090655,0.01125,0.973622
WS(k=4;b=0.1),12,6,24,3,0.893033,0.842644,0.050389,0.327327,0.004395,0.940058
WS(k=4;b=0.1),12,7,24,1,0.873247,0.847429,0.025817,0.090655,0.01125,0.973696
WS(k=4;b=0.1),12,7,24,3,0.945042,0.891973,0.053069,0.327327,0.004395,0.940448
WS(k=4;b=0.1),12,8,24,1,0.83655,0.806373,0.030178,0.090655,0.0125,0.967864
WS(k=4;b=0.1),12,8,24,3,0.923861,0.857193,0.066668,0.327327,0.006836,0.929534
WS(k=4;b=0.1),12,9,24,1,0.789259,0.76224,0.02702,0.090655,0.0125,0.970722
WS(k=4;b=0.1),12,9,24,3,0.871514,0.807606,0.063908,0.349927,0.005859,0.934664
WS(k=4;b=0.1),12,10,24,1,0.873604,0.847617,0.025987,0.090655,0.01125,0.973776
WS(k=4;b=0.1),12,10,24,3,0.943366,0.892579,0.050788,0.33503,0.003174,0.943398
WS(k=4;b=0.1),14,1,28,1,0.838571,0.80712,0.031451,0.090655,0.013125,0.961211
WS(k=4;b=0.1),14,1,28,3,0.926998,0.837431,0.089567,0.39123,0.006104,0.959
WS(k=4;b=0.1),14,2,28,1,0.800063,0.764969,0.035095,0.09245,0.013125,0.967622
WS(k=4;b=0.1),14,2,28,3,0.898132,0.799496,0.098635,0.440315,0.00708,0.954093
WS(k=4;b=0.1),14,3,28,1,0.86946,0.837263,0.032196,0.09245,0.01125,0.973718
WS(k=4;b=0.1),14,3,28,3,0.935156,0.868035,0.067121,0.397697,0.003174,0.966013
WS(k=4;b=0.1),14,4,28,1,0.793848,0.762553,0.031295,0.09245,0.0125,0.971783
WS(k=4;b=0.1),14,4,28,3,0.88745,0.793373,0.094078,0.410326,0.003906,0.960239
WS(k=4;b=0.1),14,5,28,1,0.835038,0.805496,0.029542,0.090655,0.0125,0.963192
WS(k=4;b=0.1),14,5,28,3,0.918739,0.833763,0.084977,0.39123,0.006104,0.960238
WS(k=4;b=0.1),14,6,28,1,0.831998,0.80404,0.027958,0.090655,0.0125,0.966587
WS(k=4;b=0.1),14,6,28,3,0.90423,0.8302,0.07403,0.39123,0.003906,0.964902
WS(k=4;b=0.1),14,7,28,1,0.828281,0.797522,0.030759,0.09245,0.01125,0.974325
WS(k=4;b=0.1),14,7,28,3,0.90057,0.826993,0.073577,0.39123,0.005127,0.964618
WS(k=4;b=0.1),14,8,28,1,0.762654,0.730461,0.032193,0.09245,0.014375,0.968498
WS(k=4;b=0.1),14,8,28,3,0.854568,0.762139,0.092429,0.410326,0.006104,0.956023
WS(k=4;b=0.1),14,9,28,1,0.831998,0.798903,0.033095,0.09245,0.0125,0.971241
WS(k=4;b=0.1),14,9,28,3,0.914168,0.830886,0.083283,0.39123,0.006348,0.960361
WS(k=4;b=0.1),14,10,28,1,0.804126,0.77224,0.031886,0.09245,0.013125,0.959018
WS(k=4;b=0.1),14,10,28,3,0.900349,0.802813,0.097537,0.410326,0.006104,0.955363
WS(k=4;b=0.5),12,1,24,1,0.845243,0.810053,0.035189,0.09245,0.013125,0.967771
WS(k=4;b=0.5),12,1,24,3,0.935996,0.864934,0.071062,0.397697,0.00415,0.926339
WS(k=4;b=0.5),12,2,24,1,0.832221,0.803926,0.028295,0.090655,0.01375,0.969228
WS(k=4;b=0.5),12,2,24,3,0.914179,0.852497,0.061682,0.327327,0.004395,0.935709
WS(k=4;b=0.5),12,3,24,1,0.764643,0.730663,0.03398,0.09245,0.0125,0.961223
WS(k=4;b=0.5),12,3,24,3,0.875523,0.786405,0.089118,0.446071,0.006348,0.90889
WS(k=4;b=0.5),12,4,24,1,0.787335,0.761181,0.026155,0.090655,0.014375,0.966197
WS(k=4;b=0.5),12,4,24,3,0.875172,0.80904,0.066132,0.327327,0.005859,0.931607
WS(k=4;b=0.5),12,5,24,1,0.795132,0.765293,0.02984,0.09245,0.01375,0.961075
WS(k=4;b=0.5),12,5,24,3,0.906733,0.818349,0.088384,0.446071,0.005859,0.907143
WS(k=4;b=0.5),12,6,24,1,0.836743,0.806195,0.030547,0.090655,0.0125,0.971186
WS(k=4;b=0.5),12,6,24,3,0.915807,0.855979,0.059828,0.327327,0.004395,0.938983
WS(k=4;b=0.5),12,7,24,1,0.765067,0.73061,0.034457,0.09245,0.0125,0.961809
WS(k=4;b=0.5),12,7,24,3,0.882203,0.786886,0.095317,0.39123,0.004639,0.907326
WS(k=4;b=0.5),12,8,24,1,0.792171,0.76349,0.028681,0.090655,0.01375,0.967019
WS(k=4;b=0.5),12,8,24,3,0.883416,0.813428,0.069988,0.327327,0.006592,0.930429
WS(k=4;b=0.5),12,9,24,1,0.826582,0.795516,0.031067,0.09245,0.013125,0.973319
WS(k=4;b=0.5),12,9,24,3,0.911972,0.848004,0.063968,0.327327,0.005127,0.931902
WS(k=4;b=0.5),12,10,24,1,0.835704,0.805721,0.029984,0.090655,0.013125,0.966614
WS(k=4;b=0.5),12,10,24,3,0.927756,0.858347,0.06941,0.327327,0.005615,0.932776
WS(k=4;b=0.5),14,1,28,1,0.832776,0.799301,0.033475,0.09245,0.01375,0.968714
WS(k=4;b=0.5),14,1,28,3,0.915162,0.833309,0.081852,0.39123,0.005615,0.958726
WS(k=4;b=0.5),14,2,28,1,0.802868,0.765644,0.037224,0.097638,0.013125,0.963618
WS(k=4;b=0.5),14,2,28,3,0.902952,0.80342,0.099532,0.422577,0.008301,0.952393
WS(k=4;b=0.5),14,3,28,1,0.830932,0.798168,0.032765,0.09245,0.013125,0.970818
WS(k=4;b=0.5),14,3,28,3,0.914176,0.830647,0.083529,0.39123,0.004639,0.962011
WS(k=4;b=0.5),14,4,28,1,0.765045,0.731129,0.033916,0.097638,0.01375,0.96459
WS(k=4;b=0.5),14,4,28,3,0.866448,0.765913,0.100535,0.440315,0.005371,0.952186
WS(k=4;b=0.5),14,5,28,1,0.835396,0.800414,0.034983,0.09245,0.013125,0.967531
WS(k=4;b=0.5),14,5,28,3,0.919528,0.836077,0.083451,0.39123,0.006836,0.956955
WS(k=4;b=0.5),14,6,28,1,0.804495,0.772455,0.032041,0.09245,0.0125,0.956691
WS(k=4;b=0.5),14,6,28,3,0.899802,0.80479,0.095011,0.422577,0.00708,0.955329
WS(k=4;b=0.5),14,7,28,1,0.7207,0.684753,0.035947,0.110286,0.01375,0.95396
WS(k=4;b=0.5),14,7,28,3,0.844472,0.718081,0.126391,0.384655,0.003418,0.948795
WS(k=4;b=0.5),14,8,28,1,0.80262,0.771224,0.031396,0.09245,0.013125,0.960317
WS(k=4;b=0.5),14,8,28,3,0.890534,0.801823,0.088711,0.39123,0.006348,0.959022
WS(k=4;b=0.5),14,9,28,1,0.810909,0.774704,0.036206,0.09245,0.0125,0.95675
WS(k=4;b=0.5),14,9,28,3,0.914571,0.808851,0.10572,0.440315,0.006592,0.954495
WS(k=4;b=0.5),14,10,28,1,0.774663,0.740702,0.033961,0.09245,0.0125,0.954131
WS(k=4;b=0.5),14,10,28,3,0.878977,0.774142,0.104835,0.349927,0.007324,0.952545
3-regular,12,1,18,1,0.778747,0.729999,0.048749,0.11467,0.0125,0.954879
3-regular,12,1,18,3,0.923538,0.826031,0.097507,0.371154,0.001953,0.887918
3-regular,12,2,18,1,0.759324,0.72256,0.036765,0.110286,0.0125,0.963942
3-regular,12,2,18,3,0.857677,0.775717,0.08196,0.446071,0.00293,0.906484
3-regular,12,3,18,1,0.768335,0.726279,0.042055,0.110286,0.014375,0.95662
3-regular,12,3,18,3,0.890753,0.789071,0.101681,0.446071,0.002441,0.896095
3-regular,12,4,18,1,0.809946,0.77073,0.039216,0.110286,0.011875,0.962167
3-regular,12,4,18,3,0.902902,0.829792,0.07311,0.327327,0.004395,0.922607
3-regular,12,5,18,1,0.800487,0.766763,0.033724,0.09245,0.010625,0.960381
3-regular,12,5,18,3,0.889274,0.821948,0.067326,0.33503,0.005127,0.919488
3-regular,12,6,18,1,0.809946,0.781803,0.028143,0.09245,0.011875,0.948648
3-regular,12,6,18,3,0.898206,0.828502,0.069704,0.327327,0.005127,0.923383
3-regular,12,7,18,1,0.800487,0.766763,0.033724,0.09245,0.010625,0.962421
3-regular,12,7,18,3,0.884404,0.820698,0.063706,0.33503,0.005371,0.919313
3-regular,12,8,18,1,0.800487,0.766763,0.033724,0.09245,0.010625,0.962421
3-regular,12,8,18,3,0.884404,0.820698,0.063706,0.33503,0.005371,0.919313
3-regular,12,9,18,1,0.791514,0.762796,0.028718,0.09245,0.01375,0.96335
3-regular,12,9,18,3,0.877543,0.811982,0.065562,0.357143,0.006104,0.919728
3-regular,12,10,18,1,0.783211,0.758828,0.024383,0.090655,0.014375,0.959712
3-regular,12,10,18,3,0.874309,0.805503,0.068806,0.33503,0.005859,0.915501
3-regular,14,1,21,1,0.836595,0.794566,0.042029,0.110286,0.011875,0.961603
3-regular,14,1,21,3,0.920341,0.854032,0.066309,0.33503,0.003418,0.920219
3-regular,14,2,21,1,0.75612,0.714059,0.04206,0.110286,0.015,0.949066
3-regular,14,2,21,3,0.869413,0.775782,0.093631,0.434483,0.003174,0.8799
3-regular,14,3,21,1,0.782108,0.747117,0.034991,0.110286,0.01125,0.953794
3-regular,14,3,21,3,0.880845,0.782516,0.098328,0.416497,0.00415,0.943299
3-regular,14,4,21,1,0.790117,0.750423,0.039694,0.110286,0.0125,0.955745
3-regular,14,4,21,3,0.887711,0.788298,0.099412,0.416497,0.003906,0.943289
3-regular,14,5,21,1,0.828114,0.791065,0.037049,0.110286,0.010625,0.955347
3-regular,14,5,21,3,0.912329,0.82834,0.08399,0.397697,0.004883,0.94615
3-regular,14,6,21,1,0.805164,0.780563,0.0246,0.090655,0.013125,0.956215
3-regular,14,6,21,3,0.880618,0.810978,0.06964,0.303046,0.005127,0.950823
3-regular,14,7,21,1,0.75612,0.714059,0.04206,0.110286,0.015,0.950507
3-regular,14,7,21,3,0.869364,0.754562,0.114802,0.446071,0.002441,0.936277
3-regular,14,8,21,1,0.790117,0.750423,0.039694,0.110286,0.0125,0.953872
3-regular,14,8,21,3,0.88797,0.789038,0.098932,0.416497,0.003906,0.943741
3-regular,14,9,21,1,0.798126,0.753729,0.044397,0.110286,0.01375,0.956365
3-regular,14,9,21,3,0.898164,0.815422,0.082742,0.434483,0.003906,0.890674
3-regular,14,10,21,1,0.774513,0.743811,0.030702,0.09245,0.011875,0.954506
3-regular,14,10,21,3,0.864645,0.775922,0.088723,0.410326,0.004883,0.943261
