family,n,inst,m,tau,c4,varT,varE_exact,linproj,crude36,quadbound,capture_lin,capture_quad,rho_cond_exact,rho_cond_bound
ER(0.5),12,1,38,40,145,3180.0,2191.1878,1515.7895,1515.7895,2095.6627,0.6918,0.9564,0.3109,0.341
ER(0.5),12,2,37,31,122,2740.0,1740.2655,935.027,935.027,1634.6075,0.5373,0.9393,0.3649,0.4034
ER(0.5),12,3,35,30,105,2396.0,1539.5714,925.7143,925.7143,1469.646,0.6013,0.9546,0.3574,0.3866
ER(0.5),12,4,37,44,148,3216.0,2364.3969,1883.6757,1883.6757,2293.4068,0.7967,0.97,0.2648,0.2869
ER(0.5),12,5,43,66,280,5624.0,4419.9029,3646.8837,3646.8837,4231.6138,0.8251,0.9574,0.2141,0.2476
ER(0.5),12,6,38,39,153,3308.0,2260.7448,1440.9474,1440.9474,2132.1727,0.6374,0.9431,0.3166,0.3554
ER(0.5),12,7,33,25,80,1920.0,1185.7049,681.8182,681.8182,1139.4334,0.575,0.961,0.3824,0.4065
ER(0.5),12,8,27,17,36,1028.0,616.6741,385.3333,385.3333,604.7139,0.6249,0.9806,0.4001,0.4118
ER(0.5),12,9,20,3,6,304.0,111.301,16.2,16.2,109.4967,0.1456,0.9838,0.6339,0.6398
ER(0.5),12,10,41,54,212,4412.0,3294.9072,2560.3902,2560.3902,3150.7293,0.7771,0.9562,0.2532,0.2859
ER(0.5),14,1,43,42,152,3420.0,2199.8545,1476.8372,1476.8372,2129.7467,0.6713,0.9681,0.3568,0.3773
ER(0.5),14,2,50,73,320,6492.0,4821.8244,3836.88,3836.88,4643.1897,0.7957,0.963,0.2573,0.2848
ER(0.5),14,3,47,49,204,4424.0,2860.1122,1839.0638,1839.0638,2744.3548,0.643,0.9595,0.3535,0.3797
ER(0.5),14,4,42,35,118,2788.0,1667.4471,1050.0,1050.0,1628.0031,0.6297,0.9763,0.4019,0.4161
ER(0.5),14,5,40,22,93,2276.0,1166.2125,435.6,435.6,1124.5334,0.3735,0.9643,0.4876,0.5059
ER(0.5),14,6,52,69,291,6064.0,4275.9327,3296.0769,3296.0769,4148.108,0.7708,0.9701,0.2949,0.3159
ER(0.5),14,7,50,62,261,5492.0,3794.159,2767.68,2767.68,3651.6291,0.7295,0.9624,0.3091,0.3351
ER(0.5),14,8,49,52,220,4752.0,3058.0129,1986.6122,1986.6122,2942.8457,0.6496,0.9623,0.3565,0.3807
ER(0.5),14,9,35,23,65,1684.0,949.8275,544.1143,544.1143,926.7359,0.5729,0.9757,0.436,0.4497
ER(0.5),14,10,45,55,206,4412.0,3115.0073,2420.0,2420.0,3031.9778,0.7769,0.9733,0.294,0.3128
ER(0.25),12,1,15,3,3,200.0,89.7494,21.6,21.6,89.2585,0.2407,0.9945,0.5513,0.5537
ER(0.25),12,2,17,3,5,256.0,108.1872,19.0588,19.0588,106.1073,0.1762,0.9808,0.5774,0.5855
ER(0.25),12,3,15,0,4,192.0,72.5014,0.0,0.0,71.4419,0.0,0.9854,0.6224,0.6279
ER(0.25),12,4,9,0,0,32.0,7.1111,0.0,0.0,7.1111,0.0,1.0,0.7778,0.7778
ER(0.25),12,5,11,0,0,64.0,19.39,0.0,0.0,18.6182,0.0,0.9602,0.697,0.7091
ER(0.25),12,6,19,3,9,356.0,149.3532,17.0526,17.0526,147.1683,0.1142,0.9854,0.5805,0.5866
ER(0.25),12,7,14,5,8,264.0,151.8607,64.2857,64.2857,145.4015,0.4233,0.9575,0.4248,0.4492
ER(0.25),12,8,20,4,7,324.0,128.1485,28.8,28.8,125.7117,0.2247,0.981,0.6045,0.612
ER(0.25),12,9,18,2,8,316.0,129.0498,8.0,8.0,127.1759,0.062,0.9855,0.5916,0.5975
ER(0.25),12,10,11,1,2,116.0,53.7608,3.2727,3.2727,51.2747,0.0609,0.9538,0.5365,0.558
ER(0.25),14,1,22,5,5,292.0,105.5099,40.9091,40.9091,103.7615,0.3877,0.9834,0.6387,0.6447
ER(0.25),14,2,24,6,16,572.0,247.8301,54.0,54.0,241.1158,0.2179,0.9729,0.5667,0.5785
ER(0.25),14,3,23,3,11,456.0,170.6413,14.087,14.087,168.8418,0.0826,0.9895,0.6258,0.6297
ER(0.25),14,4,23,2,6,340.0,104.1196,6.2609,6.2609,103.1366,0.0601,0.9906,0.6938,0.6967
ER(0.25),14,5,26,10,25,788.0,387.4483,138.4615,138.4615,377.9682,0.3574,0.9755,0.5083,0.5203
ER(0.25),14,6,24,8,17,612.0,287.7654,96.0,96.0,284.0339,0.3336,0.987,0.5298,0.5359
ER(0.25),14,7,18,6,5,280.0,138.2169,72.0,72.0,137.5515,0.5209,0.9952,0.5064,0.5087
ER(0.25),14,8,24,5,14,540.0,220.5884,37.5,37.5,217.5401,0.17,0.9862,0.5915,0.5971
ER(0.25),14,9,18,2,1,176.0,54.7436,8.0,8.0,52.9427,0.1461,0.9671,0.689,0.6992
ER(0.25),14,10,22,3,9,400.0,148.4787,14.7273,14.7273,146.6376,0.0992,0.9876,0.6288,0.6334
BA(k=2),12,1,20,5,13,476.0,230.2125,45.0,45.0,225.8773,0.1955,0.9812,0.5164,0.5255
BA(k=2),12,2,20,6,4,296.0,134.1663,64.8,64.8,132.36,0.483,0.9865,0.5467,0.5528
BA(k=2),12,3,20,6,12,480.0,243.555,64.8,64.8,240.1367,0.2661,0.986,0.4926,0.4997
BA(k=2),12,4,20,7,11,460.0,242.7019,88.2,88.2,235.9188,0.3634,0.9721,0.4724,0.4871
BA(k=2),12,5,20,4,13,508.0,256.0627,28.8,28.8,248.9233,0.1125,0.9721,0.4959,0.51
BA(k=2),12,6,20,4,9,356.0,145.0305,28.8,28.8,141.8277,0.1986,0.9779,0.5926,0.6016
BA(k=2),12,7,20,8,11,472.0,260.0542,115.2,115.2,255.2817,0.443,0.9816,0.449,0.4591
BA(k=2),12,8,20,8,11,480.0,264.646,115.2,115.2,261.6338,0.4353,0.9886,0.4487,0.4549
BA(k=2),12,9,20,8,12,496.0,278.2862,115.2,115.2,270.6552,0.414,0.9726,0.4389,0.4543
BA(k=2),12,10,20,5,9,376.0,164.7935,45.0,45.0,162.681,0.2731,0.9872,0.5617,0.5673
BA(k=2),14,1,24,5,11,480.0,187.8994,37.5,37.5,184.6674,0.1996,0.9828,0.6085,0.6153
BA(k=2),14,2,24,6,18,700.0,346.7377,54.0,54.0,335.5897,0.1557,0.9678,0.5047,0.5206
BA(k=2),14,3,24,8,10,476.0,212.5967,96.0,96.0,211.7051,0.4516,0.9958,0.5534,0.5552
BA(k=2),14,4,24,8,10,480.0,216.555,96.0,96.0,214.1538,0.4433,0.9889,0.5488,0.5538
BA(k=2),14,5,24,5,11,480.0,188.2291,37.5,37.5,184.6674,0.1992,0.9811,0.6079,0.6153
BA(k=2),14,6,24,6,11,484.0,205.5518,54.0,54.0,194.7154,0.2627,0.9473,0.5753,0.5977
BA(k=2),14,7,24,6,13,524.0,221.9283,54.0,54.0,216.188,0.2433,0.9741,0.5765,0.5874
BA(k=2),14,8,24,8,10,464.0,206.3159,96.0,96.0,204.5128,0.4653,0.9913,0.5554,0.5592
BA(k=2),14,9,24,5,11,488.0,195.1551,37.5,37.5,190.0368,0.1922,0.9738,0.6001,0.6106
BA(k=2),14,10,24,8,13,552.0,256.4936,96.0,96.0,253.5273,0.3743,0.9884,0.5353,0.5407
BA(k=4),12,1,32,26,82,1952.0,1254.2913,760.5,760.5,1205.3292,0.6063,0.961,0.3574,0.3825
BA(k=4),12,2,32,31,107,2416.0,1689.901,1081.125,1081.125,1594.5089,0.6398,0.9436,0.3005,0.34
BA(k=4),12,3,32,29,86,2044.0,1381.5819,946.125,946.125,1334.7059,0.6848,0.9661,0.3241,0.347
BA(k=4),12,4,32,25,93,2140.0,1385.0251,703.125,703.125,1290.8515,0.5077,0.932,0.3528,0.3968
BA(k=4),12,5,32,22,72,1756.0,1051.2815,544.5,544.5,1007.8725,0.5179,0.9587,0.4013,0.426
BA(k=4),12,6,32,29,89,2084.0,1408.2862,946.125,946.125,1354.0678,0.6718,0.9615,0.3242,0.3503
BA(k=4),12,7,32,25,85,2008.0,1276.8222,703.125,703.125,1215.8509,0.5507,0.9522,0.3641,0.3945
BA(k=4),12,8,32,30,95,2192.0,1501.0001,1012.5,1012.5,1440.3703,0.6746,0.9596,0.3152,0.3429
BA(k=4),12,9,32,30,91,2120.0,1453.0248,1012.5,1012.5,1401.2042,0.6968,0.9643,0.3146,0.3391
BA(k=4),12,10,32,23,71,1764.0,1086.2545,595.125,595.125,1036.8722,0.5479,0.9545,0.3842,0.4122
BA(k=4),14,1,40,35,121,2812.0,1777.6217,1102.5,1102.5,1696.3007,0.6202,0.9543,0.3678,0.3968
BA(k=4),14,2,40,35,130,2976.0,1866.4793,1102.5,1102.5,1785.7121,0.5907,0.9567,0.3728,0.4
BA(k=4),14,3,40,39,135,3100.0,2036.4521,1368.9,1368.9,1969.3102,0.6722,0.967,0.3431,0.3647
BA(k=4),14,4,40,37,129,2988.0,1916.5493,1232.1,1232.1,1850.7289,0.6429,0.9657,0.3586,0.3806
BA(k=4),14,5,40,37,127,2928.0,1876.7362,1232.1,1232.1,1814.7854,0.6565,0.967,0.359,0.3802
BA(k=4),14,6,40,23,97,2356.0,1242.3329,476.1,476.1,1186.8995,0.3832,0.9554,0.4727,0.4962
BA(k=4),14,7,40,41,147,3292.0,2206.5551,1512.9,1512.9,2129.2846,0.6856,0.965,0.3297,0.3532
BA(k=4),14,8,40,42,142,3188.0,2169.7074,1587.6,1587.6,2106.0358,0.7317,0.9707,0.3194,0.3394
BA(k=4),14,9,40,38,131,3036.0,1969.5872,1299.6,1299.6,1906.9413,0.6598,0.9682,0.3513,0.3719
BA(k=4),14,10,40,31,119,2764.0,1638.1454,864.9,864.9,1570.5369,0.528,0.9587,0.4073,0.4318
WS(k=4;b=0.1),12,1,24,10,11,472.0,238.8483,150.0,150.0,235.1264,0.628,0.9844,0.494,0.5019
WS(k=4;b=0.1),12,2,24,11,15,548.0,291.5749,181.5,181.5,286.2347,0.6225,0.9817,0.4679,0.4777
WS(k=4;b=0.1),12,3,24,10,14,528.0,266.6086,150.0,150.0,260.7628,0.5626,0.9781,0.4951,0.5061
WS(k=4;b=0.1),12,4,24,11,12,484.0,267.6583,181.5,181.5,257.0938,0.6781,0.9605,0.447,0.4688
WS(k=4;b=0.1),12,5,24,11,13,504.0,272.9786,181.5,181.5,265.7497,0.6649,0.9735,0.4584,0.4727
WS(k=4;b=0.1),12,6,24,12,12,480.0,287.3902,216.0,216.0,275.2653,0.7516,0.9578,0.4013,0.4265
WS(k=4;b=0.1),12,7,24,12,12,492.0,289.5702,216.0,216.0,280.7755,0.7459,0.9696,0.4114,0.4293
WS(k=4;b=0.1),12,8,24,9,13,504.0,241.0087,121.5,121.5,234.5214,0.5041,0.9731,0.5218,0.5347
WS(k=4;b=0.1),12,9,24,10,12,484.0,254.4819,150.0,150.0,239.8196,0.5894,0.9424,0.4742,0.5045
WS(k=4;b=0.1),12,10,24,12,12,488.0,283.0564,216.0,216.0,278.9116,0.7631,0.9854,0.42,0.4285
WS(k=4;b=0.1),14,1,28,10,14,576.0,247.6111,128.5714,128.5714,245.001,0.5192,0.9895,0.5701,0.5747
WS(k=4;b=0.1),14,2,28,10,15,584.0,254.0575,128.5714,128.5714,247.5411,0.5061,0.9744,0.565,0.5761
WS(k=4;b=0.1),14,3,28,13,13,552.0,289.8719,217.2857,217.2857,287.0141,0.7496,0.9901,0.4749,0.48
WS(k=4;b=0.1),14,4,28,12,15,580.0,306.3428,185.1429,185.1429,277.5705,0.6044,0.9061,0.4718,0.5214
WS(k=4;b=0.1),14,5,28,11,13,556.0,255.2702,155.5714,155.5714,251.6757,0.6094,0.9859,0.5409,0.5473
WS(k=4;b=0.1),14,6,28,12,12,532.0,266.4742,185.1429,185.1429,259.6447,0.6948,0.9744,0.4991,0.5119
WS(k=4;b=0.1),14,7,28,13,13,548.0,303.4458,217.2857,217.2857,285.3575,0.7161,0.9404,0.4463,0.4793
WS(k=4;b=0.1),14,8,28,11,15,588.0,271.2157,155.5714,155.5714,264.5154,0.5736,0.9753,0.5387,0.5501
WS(k=4;b=0.1),14,9,28,12,14,564.0,284.3558,185.1429,185.1429,271.4598,0.6511,0.9546,0.4958,0.5187
WS(k=4;b=0.1),14,10,28,9,15,584.0,238.0818,104.1429,104.1429,234.3926,0.4374,0.9845,0.5923,0.5986
WS(k=4;b=0.5),12,1,24,7,12,496.0,212.2954,73.5,73.5,208.8859,0.3462,0.9839,0.572,0.5789
WS(k=4;b=0.5),12,2,24,10,13,520.0,260.9198,150.0,150.0,258.1359,0.5749,0.9893,0.4982,0.5036
WS(k=4;b=0.5),12,3,24,6,19,612.0,268.5012,54.0,54.0,260.749,0.2011,0.9711,0.5613,0.5739
WS(k=4;b=0.5),12,4,24,10,16,580.0,292.6229,150.0,150.0,288.1913,0.5126,0.9849,0.4955,0.5031
WS(k=4;b=0.5),12,5,24,8,20,628.0,297.7865,96.0,96.0,286.2043,0.3224,0.9611,0.5258,0.5443
WS(k=4;b=0.5),12,6,24,9,10,464.0,219.0585,121.5,121.5,217.456,0.5546,0.9927,0.5279,0.5313
WS(k=4;b=0.5),12,7,24,6,18,600.0,262.6997,54.0,54.0,255.1579,0.2056,0.9713,0.5622,0.5747
WS(k=4;b=0.5),12,8,24,9,14,536.0,255.0985,121.5,121.5,251.8074,0.4763,0.9871,0.5241,0.5302
WS(k=4;b=0.5),12,9,24,12,19,628.0,346.7255,216.0,216.0,342.2976,0.623,0.9872,0.4479,0.4549
WS(k=4;b=0.5),12,10,24,9,15,556.0,270.3354,121.5,121.5,262.1259,0.4494,0.9696,0.5138,0.5286
WS(k=4;b=0.5),14,1,28,11,15,604.0,275.1795,155.5714,155.5714,272.7264,0.5653,0.9911,0.5444,0.5485
WS(k=4;b=0.5),14,2,28,9,20,684.0,287.2824,104.1429,104.1429,282.2465,0.3625,0.9825,0.58,0.5874
WS(k=4;b=0.5),14,3,28,12,14,588.0,284.7882,185.1429,185.1429,282.7423,0.6501,0.9928,0.5157,0.5191
WS(k=4;b=0.5),14,4,28,10,19,672.0,292.9817,128.5714,128.5714,289.1184,0.4388,0.9868,0.564,0.5698
WS(k=4;b=0.5),14,5,28,10,15,608.0,263.7201,128.5714,128.5714,260.4104,0.4875,0.9874,0.5662,0.5717
WS(k=4;b=0.5),14,6,28,8,17,652.0,261.7359,82.2857,82.2857,258.9042,0.3144,0.9892,0.5986,0.6029
WS(k=4;b=0.5),14,7,28,5,19,664.0,241.4504,32.1429,32.1429,238.3789,0.1331,0.9873,0.6364,0.641
WS(k=4;b=0.5),14,8,28,9,14,600.0,246.879,104.1429,104.1429,245.1374,0.4218,0.9929,0.5885,0.5914
WS(k=4;b=0.5),14,9,28,7,17,640.0,245.8467,63.0,63.0,242.2833,0.2563,0.9855,0.6159,0.6214
WS(k=4;b=0.5),14,10,28,7,20,696.0,275.0486,63.0,63.0,270.7185,0.2291,0.9843,0.6048,0.611
3-regular,12,1,18,0,6,240.0,84.2298,0.0,0.0,76.1905,0.0,0.9046,0.649,0.6825
3-regular,12,2,18,2,1,160.0,48.4516,8.0,8.0,44.7898,0.1651,0.9244,0.6972,0.7201
3-regular,12,3,18,1,4,208.0,66.2067,2.0,2.0,62.1076,0.0302,0.9381,0.6817,0.7014
3-regular,12,4,18,2,2,176.0,55.646,8.0,8.0,51.2883,0.1438,0.9217,0.6838,0.7086
3-regular,12,5,18,3,3,192.0,68.6061,18.0,18.0,63.4595,0.2624,0.925,0.6427,0.6695
3-regular,12,6,18,2,1,160.0,48.5257,8.0,8.0,44.7898,0.1649,0.923,0.6967,0.7201
3-regular,12,7,18,3,2,176.0,61.1522,18.0,18.0,56.8847,0.2943,0.9302,0.6525,0.6768
3-regular,12,8,18,3,2,176.0,61.1522,18.0,18.0,56.8847,0.2943,0.9302,0.6525,0.6768
3-regular,12,9,18,4,2,176.0,68.8541,32.0,32.0,65.0191,0.4648,0.9443,0.6088,0.6306
3-regular,12,10,18,5,4,208.0,91.5337,50.0,50.0,87.9392,0.5462,0.9607,0.5599,0.5772
3-regular,14,1,21,2,0,168.0,39.8986,6.8571,6.8571,38.0247,0.1719,0.953,0.7625,0.7737
3-regular,14,2,21,1,4,232.0,60.3259,1.7143,1.7143,58.4758,0.0284,0.9693,0.74,0.7479
3-regular,14,3,21,3,2,200.0,55.9655,15.4286,15.4286,54.4702,0.2757,0.9733,0.7202,0.7276
3-regular,14,4,21,2,1,184.0,45.1983,6.8571,6.8571,43.4667,0.1517,0.9617,0.7544,0.7638
3-regular,14,5,21,3,2,200.0,56.8394,15.4286,15.4286,54.4702,0.2714,0.9583,0.7158,0.7276
3-regular,14,6,21,6,3,216.0,93.28,61.7143,61.7143,89.7097,0.6616,0.9617,0.5681,0.5847
3-regular,14,7,21,1,3,216.0,53.9808,1.7143,1.7143,52.1582,0.0318,0.9662,0.7501,0.7585
3-regular,14,8,21,2,2,200.0,50.6809,6.8571,6.8571,49.1933,0.1353,0.9706,0.7466,0.754
3-regular,14,9,21,1,1,184.0,42.3156,1.7143,1.7143,40.2492,0.0405,0.9512,0.77,0.7813
3-regular,14,10,21,4,2,200.0,63.9715,27.4286,27.4286,62.0345,0.4288,0.9697,0.6801,0.6898
