family,n,inst,seed,m,V2,V2_from_s2,varT_uncond,varT_codegree,SA2,rho_cond,lambda1,lambda1_pred,lambda_ratio
ER(0.5),12,1,20271812,38,988.812242,988.812242,3180.000000,3180.000000,1590,0.310947,0.00049142,0.00049133,1.000170
ER(0.5),12,2,20271813,37,999.734532,999.734532,2740.000000,2740.000000,1370,0.364867,0.00049400,0.00049404,0.999917
ER(0.5),12,3,20271814,35,856.428576,856.428576,2396.000000,2396.000000,1198,0.357441,0.00045708,0.00045726,0.999604
ER(0.5),12,4,20271815,37,851.603131,851.603131,3216.000000,3216.000000,1608,0.264802,0.00045612,0.00045597,1.000318
ER(0.5),12,5,20271816,43,1204.097052,1204.097052,5624.000000,5624.000000,2812,0.214100,0.00054333,0.00054219,1.002107
ER(0.5),12,6,20271817,38,1047.255165,1047.255165,3308.000000,3308.000000,1654,0.316583,0.00050585,0.00050565,1.000402
ER(0.5),12,7,20271818,33,734.295100,734.295100,1920.000000,1920.000000,960,0.382445,0.00042309,0.00042340,0.999247
ER(0.5),12,8,20271819,27,411.325882,411.325882,1028.000000,1028.000000,514,0.400122,0.00031639,0.00031689,0.998410
ER(0.5),12,9,20271820,20,192.698979,192.698979,304.000000,304.000000,152,0.633878,0.00021642,0.00021690,0.997770
ER(0.5),12,10,20271821,41,1117.092810,1117.092810,4412.000000,4412.000000,2206,0.253194,0.00052291,0.00052223,1.001290
ER(0.5),14,1,20272012,43,1220.145498,1220.145498,3420.000000,3420.000000,1710,0.356768,0.00054553,0.00054579,0.999528
ER(0.5),14,2,20272013,50,1670.175617,1670.175617,6492.000000,6492.000000,3246,0.257267,0.00063938,0.00063856,1.001280
ER(0.5),14,3,20272014,47,1563.887755,1563.887755,4424.000000,4424.000000,2212,0.353501,0.00061791,0.00061791,1.000006
ER(0.5),14,4,20272015,42,1120.552908,1120.552908,2788.000000,2788.000000,1394,0.401920,0.00052256,0.00052304,0.999083
ER(0.5),14,5,20272016,40,1109.787544,1109.787544,2276.000000,2276.000000,1138,0.487604,0.00051980,0.00052052,0.998602
ER(0.5),14,6,20272017,52,1788.067272,1788.067272,6064.000000,6064.000000,3032,0.294866,0.00066119,0.00066071,1.000719
ER(0.5),14,7,20272018,50,1697.840988,1697.840988,5492.000000,5492.000000,2746,0.309148,0.00064415,0.00064383,1.000509
ER(0.5),14,8,20272019,49,1693.987051,1693.987051,4752.000000,4752.000000,2376,0.356479,0.00064312,0.00064309,1.000036
ER(0.5),14,9,20272020,35,734.172518,734.172518,1684.000000,1684.000000,842,0.435969,0.00042279,0.00042337,0.998628
ER(0.5),14,10,20272021,45,1296.992654,1296.992654,4412.000000,4412.000000,2206,0.293969,0.00056289,0.00056272,1.000309
ER(0.5),16,1,20272212,53,1815.385322,1815.385322,4120.000000,4120.000000,2060,0.440628,0.00066502,0.00066574,0.998914
ER(0.5),16,2,20272213,67,3146.251067,3146.251067,10200.000000,10200.000000,5100,0.308456,0.00087748,0.00087643,1.001196
ER(0.5),16,3,20272214,61,2743.849618,2743.849618,7016.000000,7016.000000,3508,0.391085,0.00081843,0.00081847,0.999953
ER(0.5),16,4,20272215,61,2583.121177,2583.121177,7196.000000,7196.000000,3598,0.358966,0.00079419,0.00079413,1.000080
ER(0.5),16,5,20272216,63,2911.305203,2911.305203,8176.000000,8176.000000,4088,0.356079,0.00084347,0.00084307,1.000475
ER(0.5),16,6,20272217,64,2962.829999,2962.829999,9248.000000,9248.000000,4624,0.320375,0.00085137,0.00085050,1.001020
ER(0.5),16,7,20272218,59,2456.159037,2456.159037,6000.000000,6000.000000,3000,0.409360,0.00077404,0.00077437,0.999579
ER(0.5),16,8,20272219,58,2365.808956,2365.808956,5940.000000,5940.000000,2970,0.398284,0.00075971,0.00075999,0.999632
ER(0.5),16,9,20272220,68,3313.189177,3313.189177,9984.000000,9984.000000,4992,0.331850,0.00090033,0.00089938,1.001054
ER(0.5),16,10,20272221,61,2564.483120,2564.483120,7256.000000,7256.000000,3628,0.353429,0.00079137,0.00079126,1.000135
ER(0.5),18,1,20272412,79,4329.402563,4329.402563,11876.000000,11876.000000,5938,0.364551,0.00102852,0.00102810,1.000413
ER(0.5),18,2,20272413,76,4411.647575,4411.647575,11548.000000,11548.000000,5774,0.382027,0.00103822,0.00103782,1.000386
ER(0.5),18,3,20272414,85,5261.701076,5261.701076,16368.000000,16368.000000,8184,0.321463,0.00113524,0.00113340,1.001619
ER(0.5),18,4,20272415,80,4792.006424,4792.006424,14136.000000,14136.000000,7068,0.338993,0.00108300,0.00108163,1.001271
ER(0.5),18,5,20272416,78,4437.051393,4437.051393,12468.000000,12468.000000,6234,0.355875,0.00104153,0.00104080,1.000705
ER(0.5),18,6,20272417,78,4228.297541,4228.297541,13016.000000,13016.000000,6508,0.324854,0.00101690,0.00101602,1.000860
ER(0.5),18,7,20272418,75,3835.382962,3835.382962,9348.000000,9348.000000,4674,0.410289,0.00096732,0.00096766,0.999643
ER(0.5),18,8,20272419,71,3622.470564,3622.470564,9600.000000,9600.000000,4800,0.377341,0.00094058,0.00094042,1.000168
ER(0.5),18,9,20272420,71,3469.577745,3469.577745,9204.000000,9204.000000,4602,0.376964,0.00092032,0.00092036,0.999955
ER(0.5),18,10,20272421,75,3991.223529,3991.223529,9900.000000,9900.000000,4950,0.403154,0.00098700,0.00098713,0.999866
ER(0.25),12,1,20281812,15,110.250607,110.250607,200.000000,200.000000,100,0.551253,0.00016372,0.00016406,0.997917
ER(0.25),12,2,20281813,17,147.812785,147.812785,256.000000,256.000000,128,0.577394,0.00018956,0.00018997,0.997880
ER(0.25),12,3,20281814,15,119.498601,119.498601,192.000000,192.000000,96,0.622389,0.00017043,0.00017081,0.997786
ER(0.25),12,4,20281815,9,24.888889,24.888889,32.000000,32.000000,16,0.777778,0.00007781,0.00007795,0.998127
ER(0.25),12,5,20281816,11,44.610028,44.610028,64.000000,64.000000,32,0.697032,0.00010413,0.00010436,0.997774
ER(0.25),12,6,20281817,19,206.646815,206.646815,356.000000,356.000000,178,0.580469,0.00022416,0.00022461,0.997968
ER(0.25),12,7,20281818,14,112.139321,112.139321,264.000000,264.000000,132,0.424770,0.00016521,0.00016546,0.998476
ER(0.25),12,8,20281819,20,195.851455,195.851455,324.000000,324.000000,162,0.604480,0.00021823,0.00021867,0.997982
ER(0.25),12,9,20281820,18,186.950207,186.950207,316.000000,316.000000,158,0.591615,0.00021318,0.00021364,0.997846
ER(0.25),12,10,20281821,11,62.239190,62.239190,116.000000,116.000000,58,0.536545,0.00012304,0.00012327,0.998134
ER(0.25),14,1,20282012,22,186.490089,186.490089,292.000000,292.000000,146,0.638665,0.00021301,0.00021338,0.998289
ER(0.25),14,2,20282013,24,324.169852,324.169852,572.000000,572.000000,286,0.566731,0.00028076,0.00028132,0.997981
ER(0.25),14,3,20282014,23,285.358697,285.358697,456.000000,456.000000,228,0.625787,0.00026334,0.00026395,0.997717
ER(0.25),14,4,20282015,23,235.880401,235.880401,340.000000,340.000000,170,0.693766,0.00023942,0.00023997,0.997679
ER(0.25),14,5,20282016,26,400.551672,400.551672,788.000000,788.000000,394,0.508314,0.00031213,0.00031272,0.998130
ER(0.25),14,6,20282017,24,324.234581,324.234581,612.000000,612.000000,306,0.529795,0.00028076,0.00028135,0.997892
ER(0.25),14,7,20282018,18,141.783135,141.783135,280.000000,280.000000,140,0.506368,0.00018563,0.00018605,0.997755
ER(0.25),14,8,20282019,24,319.411645,319.411645,540.000000,540.000000,270,0.591503,0.00027867,0.00027925,0.997901
ER(0.25),14,9,20282020,18,121.256445,121.256445,176.000000,176.000000,88,0.688957,0.00017163,0.00017206,0.997524
ER(0.25),14,10,20282021,22,251.521302,251.521302,400.000000,400.000000,200,0.628803,0.00024723,0.00024780,0.997671
ER(0.25),16,1,20282212,26,350.172159,350.172159,632.000000,632.000000,316,0.554070,0.00029177,0.00029239,0.997891
ER(0.25),16,2,20282213,25,259.910377,259.910377,368.000000,368.000000,184,0.706278,0.00025132,0.00025190,0.997673
ER(0.25),16,3,20282214,32,502.022045,502.022045,852.000000,852.000000,426,0.589228,0.00034935,0.00035009,0.997871
ER(0.25),16,4,20282215,26,271.256880,271.256880,368.000000,368.000000,184,0.737111,0.00025664,0.00025734,0.997291
ER(0.25),16,5,20282216,33,551.908234,551.908234,956.000000,956.000000,478,0.577310,0.00036627,0.00036707,0.997803
ER(0.25),16,6,20282217,33,522.270529,522.270529,872.000000,872.000000,436,0.598934,0.00035626,0.00035708,0.997696
ER(0.25),16,7,20282218,31,417.700403,417.700403,620.000000,620.000000,310,0.673710,0.00031849,0.00031934,0.997350
ER(0.25),16,8,20282219,39,950.113405,950.113405,2064.000000,2064.000000,1032,0.460326,0.00048082,0.00048162,0.998329
ER(0.25),16,9,20282220,31,508.553934,508.553934,920.000000,920.000000,460,0.552776,0.00035162,0.00035236,0.997897
ER(0.25),16,10,20282221,35,705.904978,705.904978,1304.000000,1304.000000,652,0.541338,0.00041438,0.00041514,0.998179
ER(0.25),18,1,20282412,21,147.569743,147.569743,204.000000,204.000000,102,0.723381,0.00018938,0.00018981,0.997750
ER(0.25),18,2,20282413,37,620.272201,620.272201,956.000000,956.000000,478,0.648820,0.00038813,0.00038914,0.997384
ER(0.25),18,3,20282414,39,647.001666,647.001666,980.000000,980.000000,490,0.660206,0.00039646,0.00039744,0.997533
ER(0.25),18,4,20282415,42,889.707287,889.707287,1460.000000,1460.000000,730,0.609389,0.00046490,0.00046606,0.997497
ER(0.25),18,5,20282416,37,570.299322,570.299322,976.000000,976.000000,488,0.584323,0.00037239,0.00037314,0.997990
ER(0.25),18,6,20282417,38,702.891414,702.891414,1232.000000,1232.000000,616,0.570529,0.00041330,0.00041425,0.997699
ER(0.25),18,7,20282418,31,403.124574,403.124574,560.000000,560.000000,280,0.719865,0.00031295,0.00031372,0.997565
ER(0.25),18,8,20282419,41,865.497108,865.497108,1556.000000,1556.000000,778,0.556232,0.00045863,0.00045968,0.997718
ER(0.25),18,9,20282420,42,1003.324064,1003.324064,1832.000000,1832.000000,916,0.547666,0.00049387,0.00049493,0.997860
ER(0.25),18,10,20282421,33,503.368205,503.368205,708.000000,708.000000,354,0.710972,0.00034962,0.00035056,0.997320
BA(k=2),12,1,20291812,20,245.787516,245.787516,476.000000,476.000000,238,0.516360,0.00024444,0.00024496,0.997861
BA(k=2),12,2,20291813,20,161.833680,161.833680,296.000000,296.000000,148,0.546735,0.00019835,0.00019877,0.997884
BA(k=2),12,3,20291814,20,236.444966,236.444966,480.000000,480.000000,240,0.492594,0.00023972,0.00024026,0.997761
BA(k=2),12,4,20291815,20,217.298127,217.298127,460.000000,460.000000,230,0.472387,0.00022980,0.00023033,0.997700
BA(k=2),12,5,20291816,20,251.937264,251.937264,508.000000,508.000000,254,0.495939,0.00024740,0.00024801,0.997529
BA(k=2),12,6,20291817,20,210.969454,210.969454,356.000000,356.000000,178,0.592611,0.00022653,0.00022695,0.998155
BA(k=2),12,7,20291818,20,211.945768,211.945768,472.000000,472.000000,236,0.449038,0.00022695,0.00022747,0.997691
BA(k=2),12,8,20291819,20,215.354013,215.354013,480.000000,480.000000,240,0.448654,0.00022878,0.00022930,0.997752
BA(k=2),12,9,20291820,20,217.713781,217.713781,496.000000,496.000000,248,0.438939,0.00023002,0.00023055,0.997692
BA(k=2),12,10,20291821,20,211.206522,211.206522,376.000000,376.000000,188,0.561719,0.00022662,0.00022708,0.997997
BA(k=2),14,1,20292012,24,292.100634,292.100634,480.000000,480.000000,240,0.608543,0.00026645,0.00026705,0.997766
BA(k=2),14,2,20292013,24,353.262342,353.262342,700.000000,700.000000,350,0.504660,0.00029291,0.00029368,0.997384
BA(k=2),14,3,20292014,24,263.403253,263.403253,476.000000,476.000000,238,0.553368,0.00025303,0.00025359,0.997796
BA(k=2),14,4,20292015,24,263.444965,263.444965,480.000000,480.000000,240,0.548844,0.00025306,0.00025361,0.997845
BA(k=2),14,5,20292016,24,291.770853,291.770853,480.000000,480.000000,240,0.607856,0.00026627,0.00026690,0.997640
BA(k=2),14,6,20292017,24,278.448244,278.448244,484.000000,484.000000,242,0.575306,0.00026015,0.00026073,0.997776
BA(k=2),14,7,20292018,24,302.071663,302.071663,524.000000,524.000000,262,0.576473,0.00027093,0.00027157,0.997650
BA(k=2),14,8,20292019,24,257.684126,257.684126,464.000000,464.000000,232,0.555354,0.00025031,0.00025082,0.997960
BA(k=2),14,9,20292020,24,292.844934,292.844934,488.000000,488.000000,244,0.600092,0.00026674,0.00026739,0.997565
BA(k=2),14,10,20292021,24,295.506357,295.506357,552.000000,552.000000,276,0.535338,0.00026798,0.00026860,0.997709
BA(k=2),16,1,20292212,28,409.991268,409.991268,800.000000,800.000000,400,0.512489,0.00031555,0.00031638,0.997381
BA(k=2),16,2,20292213,28,414.011346,414.011346,716.000000,716.000000,358,0.578228,0.00031714,0.00031793,0.997525
BA(k=2),16,3,20292214,28,404.613076,404.613076,660.000000,660.000000,330,0.613050,0.00031351,0.00031430,0.997488
BA(k=2),16,4,20292215,28,427.951734,427.951734,824.000000,824.000000,412,0.519359,0.00032236,0.00032323,0.997284
BA(k=2),16,5,20292216,28,394.964053,394.964053,696.000000,696.000000,348,0.567477,0.00030978,0.00031053,0.997594
BA(k=2),16,6,20292217,28,447.607107,447.607107,756.000000,756.000000,378,0.592073,0.00032973,0.00033057,0.997438
BA(k=2),16,7,20292218,28,347.022754,347.022754,572.000000,572.000000,286,0.606683,0.00029037,0.00029107,0.997579
BA(k=2),16,8,20292219,28,399.919409,399.919409,768.000000,768.000000,384,0.520728,0.00031168,0.00031247,0.997472
BA(k=2),16,9,20292220,28,463.370698,463.370698,864.000000,864.000000,432,0.536309,0.00033550,0.00033634,0.997483
BA(k=2),16,10,20292221,28,375.373522,375.373522,724.000000,724.000000,362,0.518472,0.00030195,0.00030273,0.997440
BA(k=2),18,1,20292412,32,560.405034,560.405034,1088.000000,1088.000000,544,0.515078,0.00036883,0.00036989,0.997149
BA(k=2),18,2,20292413,32,571.790068,571.790068,1012.000000,1012.000000,506,0.565010,0.00037266,0.00037363,0.997424
BA(k=2),18,3,20292414,32,456.667487,456.667487,732.000000,732.000000,366,0.623863,0.00033301,0.00033390,0.997316
BA(k=2),18,4,20292415,32,435.841838,435.841838,660.000000,660.000000,330,0.660366,0.00032529,0.00032620,0.997195
BA(k=2),18,5,20292416,32,481.003892,481.003892,764.000000,764.000000,382,0.629586,0.00034177,0.00034268,0.997339
BA(k=2),18,6,20292417,32,531.895814,531.895814,912.000000,912.000000,456,0.583219,0.00035934,0.00036036,0.997170
BA(k=2),18,7,20292418,32,470.119245,470.119245,716.000000,716.000000,358,0.656591,0.00033789,0.00033878,0.997349
BA(k=2),18,8,20292419,32,505.002826,505.002826,780.000000,780.000000,390,0.647440,0.00035026,0.00035113,0.997529
BA(k=2),18,9,20292420,32,491.132070,491.132070,740.000000,740.000000,370,0.663692,0.00034535,0.00034627,0.997346
BA(k=2),18,10,20292421,32,498.153722,498.153722,868.000000,868.000000,434,0.573910,0.00034777,0.00034874,0.997210
BA(k=4),12,1,20301812,32,697.708665,697.708665,1952.000000,1952.000000,976,0.357433,0.00041230,0.00041272,0.998978
BA(k=4),12,2,20301813,32,726.099038,726.099038,2416.000000,2416.000000,1208,0.300538,0.00042086,0.00042103,0.999584
BA(k=4),12,3,20301814,32,662.418119,662.418119,2044.000000,2044.000000,1022,0.324079,0.00040175,0.00040215,0.999013
BA(k=4),12,4,20301815,32,754.974932,754.974932,2140.000000,2140.000000,1070,0.352792,0.00042909,0.00042933,0.999441
BA(k=4),12,5,20301816,32,704.718496,704.718496,1756.000000,1756.000000,878,0.401320,0.00041439,0.00041479,0.999038
BA(k=4),12,6,20301817,32,675.713777,675.713777,2084.000000,2084.000000,1042,0.324239,0.00040588,0.00040616,0.999298
BA(k=4),12,7,20301818,32,731.177809,731.177809,2008.000000,2008.000000,1004,0.364132,0.00042212,0.00042250,0.999080
BA(k=4),12,8,20301819,32,690.999867,690.999867,2192.000000,2192.000000,1096,0.315237,0.00041045,0.00041073,0.999320
BA(k=4),12,9,20301820,32,666.975180,666.975180,2120.000000,2120.000000,1060,0.314611,0.00040324,0.00040353,0.999271
BA(k=4),12,10,20301821,32,677.745528,677.745528,1764.000000,1764.000000,882,0.384209,0.00040646,0.00040677,0.999240
BA(k=4),14,1,20302012,40,1034.378302,1034.378302,2812.000000,2812.000000,1406,0.367844,0.00050207,0.00050253,0.999097
BA(k=4),14,2,20302013,40,1109.520673,1109.520673,2976.000000,2976.000000,1488,0.372823,0.00052011,0.00052046,0.999328
BA(k=4),14,3,20302014,40,1063.547865,1063.547865,3100.000000,3100.000000,1550,0.343080,0.00050910,0.00050956,0.999095
BA(k=4),14,4,20302015,40,1071.450737,1071.450737,2988.000000,2988.000000,1494,0.358585,0.00051102,0.00051145,0.999159
BA(k=4),14,5,20302016,40,1051.263756,1051.263756,2928.000000,2928.000000,1464,0.359038,0.00050625,0.00050661,0.999283
BA(k=4),14,6,20302017,40,1113.667071,1113.667071,2356.000000,2356.000000,1178,0.472694,0.00052075,0.00052143,0.998684
BA(k=4),14,7,20302018,40,1085.444911,1085.444911,3292.000000,3292.000000,1646,0.329722,0.00051452,0.00051478,0.999486
BA(k=4),14,8,20302019,40,1018.292647,1018.292647,3188.000000,3188.000000,1594,0.319414,0.00049839,0.00049860,0.999572
BA(k=4),14,9,20302020,40,1066.412834,1066.412834,3036.000000,3036.000000,1518,0.351256,0.00050975,0.00051025,0.999019
BA(k=4),14,10,20302021,40,1125.854623,1125.854623,2764.000000,2764.000000,1382,0.407328,0.00052380,0.00052428,0.999093
BA(k=4),16,1,20302212,48,1443.164037,1443.164037,3592.000000,3592.000000,1796,0.401772,0.00059284,0.00059358,0.998749
BA(k=4),16,2,20302213,48,1517.019292,1517.019292,3776.000000,3776.000000,1888,0.401753,0.00060778,0.00060858,0.998689
BA(k=4),16,3,20302214,48,1605.692106,1605.692106,3788.000000,3788.000000,1894,0.423889,0.00062545,0.00062611,0.998949
BA(k=4),16,4,20302215,48,1475.225516,1475.225516,3488.000000,3488.000000,1744,0.422943,0.00059930,0.00060014,0.998600
BA(k=4),16,5,20302216,48,1389.940330,1389.940330,3476.000000,3476.000000,1738,0.399868,0.00058173,0.00058253,0.998620
BA(k=4),16,6,20302217,48,1492.410974,1492.410974,3780.000000,3780.000000,1890,0.394818,0.00060296,0.00060362,0.998909
BA(k=4),16,7,20302218,48,1670.061726,1670.061726,4120.000000,4120.000000,2060,0.405355,0.00063793,0.00063854,0.999046
BA(k=4),16,8,20302219,48,1520.153074,1520.153074,4060.000000,4060.000000,2030,0.374422,0.00060860,0.00060921,0.999010
BA(k=4),16,9,20302220,48,1507.688780,1507.688780,3436.000000,3436.000000,1718,0.438792,0.00060596,0.00060670,0.998774
BA(k=4),16,10,20302221,48,1546.146087,1546.146087,3976.000000,3976.000000,1988,0.388870,0.00061377,0.00061439,0.998994
BA(k=4),18,1,20302412,56,1958.113623,1958.113623,4068.000000,4068.000000,2034,0.481346,0.00069015,0.00069142,0.998170
BA(k=4),18,2,20302413,56,1899.810757,1899.810757,4316.000000,4316.000000,2158,0.440179,0.00068003,0.00068104,0.998508
BA(k=4),18,3,20302414,56,2042.164021,2042.164021,5108.000000,5108.000000,2554,0.399797,0.00070515,0.00070610,0.998662
BA(k=4),18,4,20302415,56,1990.138988,1990.138988,4524.000000,4524.000000,2262,0.439907,0.00069599,0.00069705,0.998490
BA(k=4),18,5,20302416,56,2121.242762,2121.242762,4672.000000,4672.000000,2336,0.454033,0.00071862,0.00071964,0.998588
BA(k=4),18,6,20302417,56,1919.614453,1919.614453,4340.000000,4340.000000,2170,0.442307,0.00068361,0.00068458,0.998576
BA(k=4),18,7,20302418,56,2057.465598,2057.465598,4804.000000,4804.000000,2402,0.428282,0.00070775,0.00070874,0.998611
BA(k=4),18,8,20302419,56,1958.130450,1958.130450,3900.000000,3900.000000,1950,0.502085,0.00069014,0.00069142,0.998156
BA(k=4),18,9,20302420,56,1904.089103,1904.089103,4096.000000,4096.000000,2048,0.464866,0.00068060,0.00068181,0.998220
BA(k=4),18,10,20302421,56,2083.166817,2083.166817,4456.000000,4456.000000,2228,0.467497,0.00071203,0.00071315,0.998428
WS(k=4;b=0.1),12,1,20311812,24,233.151658,233.151658,472.000000,472.000000,236,0.493965,0.00023820,0.00023858,0.998411
WS(k=4;b=0.1),12,2,20311813,24,256.425057,256.425057,548.000000,548.000000,274,0.467929,0.00024985,0.00025021,0.998576
WS(k=4;b=0.1),12,3,20311814,24,261.391351,261.391351,528.000000,528.000000,264,0.495059,0.00025224,0.00025262,0.998498
WS(k=4;b=0.1),12,4,20311815,24,216.341669,216.341669,484.000000,484.000000,242,0.446987,0.00022962,0.00022982,0.999127
WS(k=4;b=0.1),12,5,20311816,24,231.021394,231.021394,504.000000,504.000000,252,0.458376,0.00023718,0.00023749,0.998692
WS(k=4;b=0.1),12,6,20311817,24,192.609813,192.609813,480.000000,480.000000,240,0.401270,0.00021677,0.00021685,0.999637
WS(k=4;b=0.1),12,7,20311818,24,202.429828,202.429828,492.000000,492.000000,246,0.411443,0.00022208,0.00022231,0.998987
WS(k=4;b=0.1),12,8,20311819,24,262.991310,262.991310,504.000000,504.000000,252,0.521808,0.00025302,0.00025339,0.998548
WS(k=4;b=0.1),12,9,20311820,24,229.518115,229.518115,484.000000,484.000000,242,0.474211,0.00023647,0.00023672,0.998955
WS(k=4;b=0.1),12,10,20311821,24,204.943633,204.943633,488.000000,488.000000,244,0.419966,0.00022340,0.00022369,0.998741
WS(k=4;b=0.1),14,1,20312012,28,328.388868,328.388868,576.000000,576.000000,288,0.570120,0.00028265,0.00028315,0.998236
WS(k=4;b=0.1),14,2,20312013,28,329.942517,329.942517,584.000000,584.000000,292,0.564970,0.00028343,0.00028382,0.998647
WS(k=4;b=0.1),14,3,20312014,28,262.128078,262.128078,552.000000,552.000000,276,0.474870,0.00025264,0.00025297,0.998676
WS(k=4;b=0.1),14,4,20312015,28,273.657221,273.657221,580.000000,580.000000,290,0.471823,0.00025824,0.00025848,0.999075
WS(k=4;b=0.1),14,5,20312016,28,300.729773,300.729773,556.000000,556.000000,278,0.540881,0.00027056,0.00027096,0.998499
WS(k=4;b=0.1),14,6,20312017,28,265.525823,265.525823,532.000000,532.000000,266,0.499109,0.00025431,0.00025461,0.998817
WS(k=4;b=0.1),14,7,20312018,28,244.554227,244.554227,548.000000,548.000000,274,0.446267,0.00024414,0.00024435,0.999148
WS(k=4;b=0.1),14,8,20312019,28,316.784292,316.784292,588.000000,588.000000,294,0.538749,0.00027775,0.00027810,0.998736
WS(k=4;b=0.1),14,9,20312020,28,279.644153,279.644153,564.000000,564.000000,282,0.495823,0.00026105,0.00026129,0.999076
WS(k=4;b=0.1),14,10,20312021,28,345.918172,345.918172,584.000000,584.000000,292,0.592326,0.00029013,0.00029061,0.998345
WS(k=4;b=0.1),16,1,20312212,32,316.989122,316.989122,648.000000,648.000000,324,0.489181,0.00027792,0.00027819,0.999037
WS(k=4;b=0.1),16,2,20312213,32,417.047047,417.047047,668.000000,668.000000,334,0.624322,0.00031856,0.00031909,0.998346
WS(k=4;b=0.1),16,3,20312214,32,287.034199,287.034199,640.000000,640.000000,320,0.448491,0.00026455,0.00026472,0.999353
WS(k=4;b=0.1),16,4,20312215,32,355.362430,355.362430,588.000000,588.000000,294,0.604358,0.00029401,0.00029455,0.998183
WS(k=4;b=0.1),16,5,20312216,32,308.222653,308.222653,600.000000,600.000000,300,0.513704,0.00027393,0.00027432,0.998576
WS(k=4;b=0.1),16,6,20312217,32,297.509710,297.509710,660.000000,660.000000,330,0.450772,0.00026933,0.00026951,0.999357
WS(k=4;b=0.1),16,7,20312218,32,394.294356,394.294356,628.000000,628.000000,314,0.627857,0.00030964,0.00031026,0.997992
WS(k=4;b=0.1),16,8,20312219,32,306.162120,306.162120,632.000000,632.000000,316,0.484434,0.00027311,0.00027340,0.998958
WS(k=4;b=0.1),16,9,20312220,32,291.133870,291.133870,628.000000,628.000000,314,0.463589,0.00026636,0.00026660,0.999096
WS(k=4;b=0.1),16,10,20312221,32,374.523005,374.523005,620.000000,620.000000,310,0.604069,0.00030178,0.00030238,0.997998
WS(k=4;b=0.1),18,1,20312412,36,340.137883,340.137883,664.000000,664.000000,332,0.512256,0.00028790,0.00028817,0.999059
WS(k=4;b=0.1),18,2,20312413,36,414.425014,414.425014,684.000000,684.000000,342,0.605885,0.00031765,0.00031808,0.998648
WS(k=4;b=0.1),18,3,20312414,36,405.264181,405.264181,696.000000,696.000000,348,0.582276,0.00031406,0.00031455,0.998455
WS(k=4;b=0.1),18,4,20312415,36,417.645716,417.645716,688.000000,688.000000,344,0.607043,0.00031885,0.00031932,0.998530
WS(k=4;b=0.1),18,5,20312416,36,358.832992,358.832992,692.000000,692.000000,346,0.518545,0.00029572,0.00029598,0.999121
WS(k=4;b=0.1),18,6,20312417,36,386.982038,386.982038,732.000000,732.000000,366,0.528664,0.00030708,0.00030737,0.999055
WS(k=4;b=0.1),18,7,20312418,36,391.870372,391.870372,676.000000,676.000000,338,0.579690,0.00030883,0.00030931,0.998469
WS(k=4;b=0.1),18,8,20312419,36,366.030401,366.030401,708.000000,708.000000,354,0.516992,0.00029861,0.00029894,0.998892
WS(k=4;b=0.1),18,9,20312420,36,365.917788,365.917788,768.000000,768.000000,384,0.476455,0.00029867,0.00029889,0.999275
WS(k=4;b=0.1),18,10,20312421,36,466.005643,466.005643,660.000000,660.000000,330,0.706069,0.00033646,0.00033730,0.997512
WS(k=4;b=0.5),12,1,20321812,24,283.704558,283.704558,496.000000,496.000000,248,0.571985,0.00026263,0.00026318,0.997916
WS(k=4;b=0.5),12,2,20321813,24,259.080164,259.080164,520.000000,520.000000,260,0.498231,0.00025105,0.00025150,0.998224
WS(k=4;b=0.5),12,3,20321814,24,343.498803,343.498803,612.000000,612.000000,306,0.561273,0.00028904,0.00028959,0.998103
WS(k=4;b=0.5),12,4,20321815,24,287.377109,287.377109,580.000000,580.000000,290,0.495478,0.00026442,0.00026488,0.998267
WS(k=4;b=0.5),12,5,20321816,24,330.213531,330.213531,628.000000,628.000000,314,0.525818,0.00028348,0.00028393,0.998417
WS(k=4;b=0.5),12,6,20321817,24,244.941530,244.941530,464.000000,464.000000,232,0.527891,0.00024407,0.00024454,0.998076
WS(k=4;b=0.5),12,7,20321818,24,337.300309,337.300309,600.000000,600.000000,300,0.562167,0.00028642,0.00028696,0.998108
WS(k=4;b=0.5),12,8,20321819,24,280.901495,280.901495,536.000000,536.000000,268,0.524070,0.00026141,0.00026188,0.998211
WS(k=4;b=0.5),12,9,20321820,24,281.274452,281.274452,628.000000,628.000000,314,0.447889,0.00026161,0.00026205,0.998314
WS(k=4;b=0.5),12,10,20321821,24,285.664636,285.664636,556.000000,556.000000,278,0.513785,0.00026361,0.00026409,0.998186
WS(k=4;b=0.5),14,1,20322012,28,328.820514,328.820514,604.000000,604.000000,302,0.544405,0.00028285,0.00028333,0.998286
WS(k=4;b=0.5),14,2,20322013,28,396.717591,396.717591,684.000000,684.000000,342,0.579996,0.00031065,0.00031122,0.998185
WS(k=4;b=0.5),14,3,20322014,28,303.211759,303.211759,588.000000,588.000000,294,0.515666,0.00027162,0.00027208,0.998308
WS(k=4;b=0.5),14,4,20322015,28,379.018263,379.018263,672.000000,672.000000,336,0.564015,0.00030367,0.00030419,0.998282
WS(k=4;b=0.5),14,5,20322016,28,344.279865,344.279865,608.000000,608.000000,304,0.566250,0.00028941,0.00028992,0.998260
WS(k=4;b=0.5),14,6,20322017,28,390.264104,390.264104,652.000000,652.000000,326,0.598565,0.00030802,0.00030867,0.997896
WS(k=4;b=0.5),14,7,20322018,28,422.549584,422.549584,664.000000,664.000000,332,0.636370,0.00032049,0.00032119,0.997821
WS(k=4;b=0.5),14,8,20322019,28,353.121037,353.121037,600.000000,600.000000,300,0.588535,0.00029300,0.00029362,0.997883
WS(k=4;b=0.5),14,9,20322020,28,394.153320,394.153320,640.000000,640.000000,320,0.615865,0.00030953,0.00031021,0.997817
WS(k=4;b=0.5),14,10,20322021,28,420.951417,420.951417,696.000000,696.000000,348,0.604815,0.00031989,0.00032058,0.997850
WS(k=4;b=0.5),16,1,20322212,32,542.785702,542.785702,892.000000,892.000000,446,0.608504,0.00036320,0.00036403,0.997736
WS(k=4;b=0.5),16,2,20322213,32,427.857914,427.857914,688.000000,688.000000,344,0.621887,0.00032247,0.00032320,0.997753
WS(k=4;b=0.5),16,3,20322214,32,467.472861,467.472861,708.000000,708.000000,354,0.660272,0.00033697,0.00033783,0.997462
WS(k=4;b=0.5),16,4,20322215,32,407.236980,407.236980,676.000000,676.000000,338,0.602422,0.00031483,0.00031531,0.998464
WS(k=4;b=0.5),16,5,20322216,32,437.136019,437.136019,652.000000,652.000000,326,0.670454,0.00032585,0.00032668,0.997452
WS(k=4;b=0.5),16,6,20322217,32,423.287980,423.287980,704.000000,704.000000,352,0.601261,0.00032085,0.00032147,0.998085
WS(k=4;b=0.5),16,7,20322218,32,372.750130,372.750130,616.000000,616.000000,308,0.605114,0.00030105,0.00030167,0.997958
WS(k=4;b=0.5),16,8,20322219,32,432.509637,432.509637,656.000000,656.000000,328,0.659313,0.00032419,0.00032495,0.997668
WS(k=4;b=0.5),16,9,20322220,32,465.259747,465.259747,752.000000,752.000000,376,0.618696,0.00033636,0.00033703,0.998028
WS(k=4;b=0.5),16,10,20322221,32,413.026900,413.026900,640.000000,640.000000,320,0.645355,0.00031686,0.00031755,0.997842
WS(k=4;b=0.5),18,1,20322412,36,407.670951,407.670951,672.000000,672.000000,336,0.606653,0.00031484,0.00031548,0.997964
WS(k=4;b=0.5),18,2,20322413,36,451.025667,451.025667,740.000000,740.000000,370,0.609494,0.00033127,0.00033183,0.998312
WS(k=4;b=0.5),18,3,20322414,36,517.730401,517.730401,744.000000,744.000000,372,0.695874,0.00035472,0.00035553,0.997719
WS(k=4;b=0.5),18,4,20322415,36,451.271379,451.271379,692.000000,692.000000,346,0.652126,0.00033126,0.00033192,0.998003
WS(k=4;b=0.5),18,5,20322416,36,561.789093,561.789093,788.000000,788.000000,394,0.712930,0.00036933,0.00037035,0.997269
WS(k=4;b=0.5),18,6,20322417,36,545.697652,545.697652,928.000000,928.000000,464,0.588036,0.00036411,0.00036500,0.997547
WS(k=4;b=0.5),18,7,20322418,36,498.701482,498.701482,684.000000,684.000000,342,0.729096,0.00034811,0.00034893,0.997646
WS(k=4;b=0.5),18,8,20322419,36,618.045372,618.045372,864.000000,864.000000,432,0.715330,0.00038739,0.00038845,0.997287
WS(k=4;b=0.5),18,9,20322420,36,507.496465,507.496465,748.000000,748.000000,374,0.678471,0.00035112,0.00035200,0.997513
WS(k=4;b=0.5),18,10,20322421,36,495.115115,495.115115,680.000000,680.000000,340,0.728110,0.00034681,0.00034767,0.997522
3-regular,12,1,20331812,18,155.770215,155.770215,240.000000,240.000000,120,0.649043,0.00019460,0.00019501,0.997901
3-regular,12,2,20331813,18,111.548436,111.548436,160.000000,160.000000,80,0.697178,0.00016475,0.00016503,0.998344
3-regular,12,3,20331814,18,141.793267,141.793267,208.000000,208.000000,104,0.681698,0.00018571,0.00018606,0.998138
3-regular,12,4,20331815,18,120.353998,120.353998,176.000000,176.000000,88,0.683830,0.00017111,0.00017142,0.998221
3-regular,12,5,20331816,18,123.393943,123.393943,192.000000,192.000000,96,0.642677,0.00017329,0.00017357,0.998415
3-regular,12,6,20331817,18,111.474331,111.474331,160.000000,160.000000,80,0.696715,0.00016468,0.00016497,0.998237
3-regular,12,7,20331818,18,114.847786,114.847786,176.000000,176.000000,88,0.652544,0.00016719,0.00016745,0.998471
3-regular,12,8,20331819,18,114.847786,114.847786,176.000000,176.000000,88,0.652544,0.00016719,0.00016745,0.998471
3-regular,12,9,20331820,18,107.145862,107.145862,176.000000,176.000000,88,0.608783,0.00016154,0.00016174,0.998757
3-regular,12,10,20331821,18,116.466288,116.466288,208.000000,208.000000,104,0.559934,0.00016844,0.00016862,0.998933
3-regular,14,1,20332012,21,128.101364,128.101364,168.000000,168.000000,84,0.762508,0.00017644,0.00017685,0.997705
3-regular,14,2,20332013,21,171.674127,171.674127,232.000000,232.000000,116,0.739975,0.00020430,0.00020473,0.997930
3-regular,14,3,20332014,21,144.034539,144.034539,200.000000,200.000000,100,0.720173,0.00018722,0.00018752,0.998368
3-regular,14,4,20332015,21,138.801738,138.801738,184.000000,184.000000,92,0.754357,0.00018376,0.00018408,0.998228
3-regular,14,5,20332016,21,143.160553,143.160553,200.000000,200.000000,100,0.715803,0.00018661,0.00018695,0.998141
3-regular,14,6,20332017,21,122.720001,122.720001,216.000000,216.000000,108,0.568148,0.00017294,0.00017309,0.999120
3-regular,14,7,20332018,21,162.019219,162.019219,216.000000,216.000000,108,0.750089,0.00019851,0.00019889,0.998088
3-regular,14,8,20332019,21,149.319130,149.319130,200.000000,200.000000,100,0.746596,0.00019057,0.00019093,0.998096
3-regular,14,9,20332020,21,141.684394,141.684394,184.000000,184.000000,92,0.770024,0.00018561,0.00018599,0.997979
3-regular,14,10,20332021,21,136.028529,136.028529,200.000000,200.000000,100,0.680143,0.00018198,0.00018224,0.998617
3-regular,16,1,20332212,24,167.929524,167.929524,208.000000,208.000000,104,0.807353,0.00020205,0.00020248,0.997888
3-regular,16,2,20332213,24,170.924120,170.924120,224.000000,224.000000,112,0.763054,0.00020392,0.00020428,0.998267
3-regular,16,3,20332214,24,196.737665,196.737665,256.000000,256.000000,128,0.768507,0.00021879,0.00021916,0.998300
3-regular,16,4,20332215,24,190.244904,190.244904,240.000000,240.000000,120,0.792687,0.00021503,0.00021551,0.997731
3-regular,16,5,20332216,24,191.890001,191.890001,256.000000,256.000000,128,0.749570,0.00021608,0.00021644,0.998319
3-regular,16,6,20332217,24,168.229746,168.229746,208.000000,208.000000,104,0.808797,0.00020217,0.00020266,0.997554
3-regular,16,7,20332218,24,175.848491,175.848491,224.000000,224.000000,112,0.785038,0.00020682,0.00020720,0.998175
3-regular,16,8,20332219,24,176.005040,176.005040,224.000000,224.000000,112,0.785737,0.00020686,0.00020729,0.997916
3-regular,16,9,20332220,24,196.657883,196.657883,256.000000,256.000000,128,0.768195,0.00021872,0.00021912,0.998192
3-regular,16,10,20332221,24,159.786821,159.786821,208.000000,208.000000,104,0.768206,0.00019717,0.00019751,0.998290
3-regular,18,1,20332412,27,212.894964,212.894964,264.000000,264.000000,132,0.806420,0.00022755,0.00022798,0.998081
3-regular,18,2,20332413,27,192.873706,192.873706,264.000000,264.000000,132,0.730582,0.00021671,0.00021700,0.998650
3-regular,18,3,20332414,27,216.338936,216.338936,264.000000,264.000000,132,0.819466,0.00022929,0.00022982,0.997687
3-regular,18,4,20332415,27,201.669214,201.669214,248.000000,248.000000,124,0.813182,0.00022144,0.00022189,0.997949
3-regular,18,5,20332416,27,237.233472,237.233472,296.000000,296.000000,148,0.801464,0.00024018,0.00024066,0.997988
3-regular,18,6,20332417,27,204.288348,204.288348,248.000000,248.000000,124,0.823743,0.00022281,0.00022333,0.997677
3-regular,18,7,20332418,27,226.521271,226.521271,280.000000,280.000000,140,0.809005,0.00023468,0.00023517,0.997912
3-regular,18,8,20332419,27,201.648820,201.648820,248.000000,248.000000,124,0.813100,0.00022146,0.00022188,0.998128
3-regular,18,9,20332420,27,204.342072,204.342072,248.000000,248.000000,124,0.823960,0.00022284,0.00022336,0.997687
3-regular,18,10,20332421,27,207.998591,207.998591,264.000000,264.000000,132,0.787873,0.00022496,0.00022535,0.998294
