family,n,inst,m,p,regret,e_star,e_hat,delta_e,margin,cancel_factor
ER(0.5),12,1,38,1,0.027598,-0.017043,-0.06164,0.044597,0.016999,0.566799
ER(0.5),12,1,38,3,0.029402,-0.01282,-0.073014,0.060195,0.030792,0.701294
ER(0.5),12,2,37,1,0.021868,-0.021619,-0.067787,0.046168,0.0243,0.516384
ER(0.5),12,2,37,3,0.025315,-0.013542,-0.06196,0.048419,0.023104,0.641288
ER(0.5),12,3,35,1,0.026456,-0.024684,-0.06735,0.042666,0.01621,0.463592
ER(0.5),12,3,35,3,0.043432,-0.032825,-0.098365,0.06554,0.022108,0.499584
ER(0.5),12,4,37,1,0.01161,-0.015404,-0.035138,0.019733,0.008124,0.390441
ER(0.5),12,4,37,3,0.018577,-0.015236,-0.045851,0.030615,0.012038,0.50117
ER(0.5),12,5,43,1,0.004257,-0.012541,-0.021621,0.009079,0.004823,0.265775
ER(0.5),12,5,43,3,0.024356,-0.007681,-0.059016,0.051335,0.026978,0.769681
ER(0.5),12,6,38,1,0.02612,-0.016863,-0.059795,0.042932,0.016812,0.560052
ER(0.5),12,6,38,3,0.047839,-0.026356,-0.100887,0.07453,0.026691,0.585733
ER(0.5),12,7,33,1,0.02154,-0.02128,-0.058741,0.037461,0.015921,0.468139
ER(0.5),12,7,33,3,0.022452,-0.019922,-0.058382,0.03846,0.016008,0.491156
ER(0.5),12,8,27,1,0.036839,-0.022726,-0.082731,0.060006,0.023166,0.569005
ER(0.5),12,8,27,3,0.022632,-0.012971,-0.05355,0.040579,0.017948,0.610023
ER(0.5),12,9,20,1,0.069087,-0.036845,-0.148229,0.111384,0.042297,0.601835
ER(0.5),12,9,20,3,0.043094,-0.027265,-0.088405,0.061141,0.018047,0.528578
ER(0.5),12,10,41,1,0.015064,-0.013058,-0.040038,0.02698,0.011916,0.50814
ER(0.5),12,10,41,3,0.036327,-0.00668,-0.070085,0.063405,0.027078,0.82596
ER(0.5),14,1,43,1,0.041126,-0.018338,-0.087941,0.069603,0.028477,0.654908
ER(0.5),14,1,43,3,0.042299,-0.013349,-0.083425,0.070075,0.027777,0.724116
ER(0.5),14,2,50,1,0.01745,-0.014226,-0.040827,0.026601,0.009151,0.483185
ER(0.5),14,2,50,3,0.068354,-0.012686,-0.121077,0.10839,0.040036,0.810314
ER(0.5),14,3,47,1,0.038309,-0.01981,-0.082721,0.062911,0.024602,0.613581
ER(0.5),14,3,47,3,0.092985,-0.016756,-0.154365,0.137609,0.044625,0.804161
ER(0.5),14,4,42,1,0.039903,-0.026796,-0.086198,0.059402,0.019499,0.525707
ER(0.5),14,4,42,3,0.060034,-0.016325,-0.128265,0.11194,0.051907,0.774194
ER(0.5),14,5,40,1,0.033651,-0.024296,-0.089206,0.06491,0.031259,0.571886
ER(0.5),14,5,40,3,0.033171,-0.006341,-0.057824,0.051483,0.018313,0.802362
ER(0.5),14,6,52,1,0.016093,-0.016792,-0.048739,0.031947,0.015853,0.487505
ER(0.5),14,6,52,3,0.044289,-0.019658,-0.077653,0.057995,0.013706,0.595972
ER(0.5),14,7,50,1,0.030794,-0.021628,-0.067848,0.04622,0.015426,0.516561
ER(0.5),14,7,50,3,0.031298,-0.011758,-0.062077,0.050319,0.019021,0.681503
ER(0.5),14,8,49,1,0.028075,-0.020383,-0.070515,0.050132,0.022057,0.551516
ER(0.5),14,8,49,3,0.071077,-0.015435,-0.125272,0.109837,0.03876,0.780614
ER(0.5),14,9,35,1,0.053955,-0.030495,-0.115432,0.084936,0.030981,0.582049
ER(0.5),14,9,35,3,0.02178,-0.018274,-0.059231,0.040957,0.019177,0.528439
ER(0.5),14,10,45,1,0.017641,-0.018837,-0.047068,0.028231,0.01059,0.428362
ER(0.5),14,10,45,3,0.03589,-0.020056,-0.082785,0.062729,0.026839,0.609967
ER(0.25),12,1,15,1,0.062813,-0.028781,-0.127803,0.099022,0.03621,0.63239
ER(0.25),12,1,15,3,0.03499,-0.032624,-0.115666,0.083042,0.048051,0.559995
ER(0.25),12,2,17,1,0.119521,-0.032691,-0.204351,0.171659,0.052139,0.724173
ER(0.25),12,2,17,3,0.057341,-0.027548,-0.116774,0.089226,0.031885,0.618247
ER(0.25),12,3,15,1,0.083595,-0.043466,-0.178277,0.134811,0.051216,0.607959
ER(0.25),12,3,15,3,0.053773,-0.029648,-0.133063,0.103415,0.049641,0.635574
ER(0.25),12,4,9,1,0.060661,-0.045493,-0.142847,0.097354,0.036693,0.516907
ER(0.25),12,4,9,3,0.021567,-0.048187,-0.093922,0.045734,0.024167,0.321825
ER(0.25),12,5,11,1,0.061494,-0.040152,-0.133463,0.09331,0.031816,0.537456
ER(0.25),12,5,11,3,0.013204,-0.017918,-0.053022,0.035103,0.021899,0.494829
ER(0.25),12,6,19,1,0.064236,-0.035254,-0.132091,0.096837,0.032601,0.578667
ER(0.25),12,6,19,3,0.067386,-0.021726,-0.142914,0.121189,0.053803,0.736082
ER(0.25),12,7,14,1,0.02601,-0.025061,-0.07118,0.046119,0.020109,0.479197
ER(0.25),12,7,14,3,0.051133,-0.016491,-0.121112,0.104621,0.053489,0.760314
ER(0.25),12,8,20,1,0.067605,-0.035271,-0.137893,0.102623,0.035018,0.592634
ER(0.25),12,8,20,3,0.039068,-0.02748,-0.097421,0.06994,0.030873,0.559967
ER(0.25),12,9,18,1,0.059062,-0.031402,-0.136311,0.104909,0.045847,0.625529
ER(0.25),12,9,18,3,0.08981,-0.041328,-0.188257,0.14693,0.057119,0.639979
ER(0.25),12,10,11,1,0.077555,-0.028506,-0.139918,0.111413,0.033858,0.661499
ER(0.25),12,10,11,3,0.026356,-0.022028,-0.080736,0.058707,0.032352,0.571283
ER(0.25),14,1,22,1,0.030491,-0.024368,-0.077663,0.053296,0.022805,0.522348
ER(0.25),14,1,22,3,0.028406,-0.02152,-0.086492,0.064972,0.036566,0.60152
ER(0.25),14,2,24,1,0.067287,-0.029525,-0.142381,0.112856,0.045569,0.656501
ER(0.25),14,2,24,3,0.070009,-0.042205,-0.134576,0.092371,0.022362,0.522518
ER(0.25),14,3,23,1,0.061929,-0.036867,-0.146326,0.109459,0.047529,0.597506
ER(0.25),14,3,23,3,0.094194,-0.032883,-0.195395,0.162512,0.068318,0.711902
ER(0.25),14,4,23,1,0.080925,-0.033235,-0.158126,0.124891,0.043966,0.652643
ER(0.25),14,4,23,3,0.047471,-0.019292,-0.114447,0.095154,0.047683,0.711491
ER(0.25),14,5,26,1,0.061245,-0.034563,-0.132408,0.097845,0.0366,0.586
ER(0.25),14,5,26,3,0.031845,-0.03209,-0.084838,0.052748,0.020902,0.451113
ER(0.25),14,6,24,1,0.057852,-0.033961,-0.124927,0.090967,0.033114,0.572522
ER(0.25),14,6,24,3,0.029872,-0.031368,-0.091662,0.060295,0.030423,0.490078
ER(0.25),14,7,18,1,0.086978,-0.033902,-0.184108,0.150206,0.063228,0.688985
ER(0.25),14,7,18,3,0.029296,-0.030876,-0.081004,0.050127,0.020832,0.448046
ER(0.25),14,8,24,1,0.062529,-0.031335,-0.126192,0.094857,0.032328,0.60216
ER(0.25),14,8,24,3,0.053493,-0.036362,-0.145392,0.10903,0.055538,0.59988
ER(0.25),14,9,18,1,0.10175,-0.033454,-0.190227,0.156773,0.055024,0.700879
ER(0.25),14,9,18,3,0.032932,-0.022247,-0.083179,0.060931,0.027999,0.577953
ER(0.25),14,10,22,1,0.104306,-0.036431,-0.193462,0.157031,0.052725,0.683059
ER(0.25),14,10,22,3,0.048308,-0.040765,-0.138452,0.097688,0.04938,0.545079
BA(k=2),12,1,20,1,0.05317,-0.029928,-0.126555,0.096627,0.043458,0.617494
BA(k=2),12,1,20,3,0.091319,-0.032989,-0.183784,0.150795,0.059476,0.695636
BA(k=2),12,2,20,1,0.030279,-0.025494,-0.072312,0.046818,0.016539,0.478681
BA(k=2),12,2,20,3,0.010004,-0.017361,-0.03925,0.021889,0.011884,0.386648
BA(k=2),12,3,20,1,0.044838,-0.03405,-0.122128,0.088079,0.043241,0.563965
BA(k=2),12,3,20,3,0.032607,-0.021378,-0.072139,0.050761,0.018154,0.542798
BA(k=2),12,4,20,1,0.063002,-0.04017,-0.151244,0.111075,0.048073,0.580284
BA(k=2),12,4,20,3,0.013079,-0.024596,-0.043159,0.018562,0.005483,0.273962
BA(k=2),12,5,20,1,0.029157,-0.032747,-0.106528,0.073781,0.044624,0.529746
BA(k=2),12,5,20,3,0.026827,-0.030106,-0.092732,0.062626,0.035799,0.509822
BA(k=2),12,6,20,1,0.036392,-0.026347,-0.088104,0.061757,0.025365,0.539587
BA(k=2),12,6,20,3,0.077358,-0.024772,-0.146335,0.121563,0.044205,0.71045
BA(k=2),12,7,20,1,0.062296,-0.030809,-0.132195,0.101386,0.03909,0.621985
BA(k=2),12,7,20,3,0.01861,-0.020559,-0.051159,0.0306,0.01199,0.426677
BA(k=2),12,8,20,1,0.041692,-0.028119,-0.106374,0.078255,0.036564,0.581855
BA(k=2),12,8,20,3,0.043424,-0.039168,-0.119681,0.080512,0.037089,0.506848
BA(k=2),12,9,20,1,0.038948,-0.028724,-0.109543,0.080819,0.04187,0.584511
BA(k=2),12,9,20,3,0.030632,-0.02692,-0.0724,0.04548,0.014848,0.457907
BA(k=2),12,10,20,1,0.059928,-0.033411,-0.120458,0.087048,0.02712,0.565727
BA(k=2),12,10,20,3,0.027177,-0.012459,-0.082261,0.069801,0.042624,0.73692
BA(k=2),14,1,24,1,0.084835,-0.03317,-0.176865,0.143695,0.05886,0.684145
BA(k=2),14,1,24,3,0.052179,-0.018281,-0.12456,0.10628,0.0541,0.744041
BA(k=2),14,2,24,1,0.03126,-0.036793,-0.123371,0.086577,0.055317,0.540554
BA(k=2),14,2,24,3,0.102222,-0.033506,-0.191357,0.15785,0.055629,0.701984
BA(k=2),14,3,24,1,0.04382,-0.029562,-0.105373,0.075811,0.031992,0.561836
BA(k=2),14,3,24,3,0.02974,-0.028986,-0.087528,0.058543,0.028802,0.502452
BA(k=2),14,4,24,1,0.079787,-0.031643,-0.156394,0.12475,0.044964,0.663436
BA(k=2),14,4,24,3,0.017331,-0.023993,-0.060667,0.036673,0.019342,0.433183
BA(k=2),14,5,24,1,0.087279,-0.035276,-0.180473,0.145197,0.057918,0.672993
BA(k=2),14,5,24,3,0.03731,-0.017392,-0.094863,0.077471,0.040161,0.690138
BA(k=2),14,6,24,1,0.067313,-0.028544,-0.139295,0.110751,0.043437,0.659862
BA(k=2),14,6,24,3,0.012501,-0.014825,-0.046579,0.031755,0.019253,0.517138
BA(k=2),14,7,24,1,0.083556,-0.041301,-0.185967,0.144666,0.06111,0.636541
BA(k=2),14,7,24,3,0.01815,-0.017721,-0.072061,0.054341,0.036191,0.605248
BA(k=2),14,8,24,1,0.069129,-0.031379,-0.138371,0.106991,0.037862,0.630287
BA(k=2),14,8,24,3,0.066412,-0.025076,-0.116671,0.091594,0.025182,0.646182
BA(k=2),14,9,24,1,0.078632,-0.039561,-0.167928,0.128367,0.049736,0.618672
BA(k=2),14,9,24,3,0.033686,-0.033195,-0.085581,0.052386,0.0187,0.441044
BA(k=2),14,10,24,1,0.081867,-0.033009,-0.162618,0.129609,0.047743,0.662534
BA(k=2),14,10,24,3,0.024436,-0.030999,-0.074718,0.043719,0.019284,0.413548
BA(k=4),12,1,32,1,0.019228,-0.01951,-0.05678,0.03727,0.018041,0.488527
BA(k=4),12,1,32,3,0.13334,-0.015382,-0.167789,0.152407,0.019067,0.832046
BA(k=4),12,2,32,1,0.025845,-0.016274,-0.057425,0.041151,0.015307,0.558369
BA(k=4),12,2,32,3,0.061872,-0.036075,-0.142103,0.106028,0.044156,0.595067
BA(k=4),12,3,32,1,0.025119,-0.015571,-0.061255,0.045683,0.020565,0.594634
BA(k=4),12,3,32,3,0.039282,-0.017319,-0.093819,0.0765,0.037218,0.688338
BA(k=4),12,4,32,1,0.033209,-0.022996,-0.077616,0.05462,0.02141,0.542877
BA(k=4),12,4,32,3,0.054869,-0.030091,-0.113804,0.083714,0.028844,0.581768
BA(k=4),12,5,32,1,0.020233,-0.021011,-0.061303,0.040293,0.02006,0.489497
BA(k=4),12,5,32,3,0.052855,-0.021036,-0.111057,0.090021,0.037166,0.681501
BA(k=4),12,6,32,1,0.025925,-0.016108,-0.058846,0.042738,0.016813,0.570197
BA(k=4),12,6,32,3,0.03614,-0.019234,-0.0901,0.070866,0.034726,0.64816
BA(k=4),12,7,32,1,0.03714,-0.021704,-0.085341,0.063637,0.026497,0.594486
BA(k=4),12,7,32,3,0.065334,-0.037971,-0.139908,0.101937,0.036603,0.573068
BA(k=4),12,8,32,1,0.021433,-0.017069,-0.055631,0.038562,0.017129,0.53042
BA(k=4),12,8,32,3,0.057172,-0.019327,-0.117765,0.098438,0.041265,0.718038
BA(k=4),12,9,32,1,0.021268,-0.015784,-0.051775,0.035991,0.014723,0.532733
BA(k=4),12,9,32,3,0.038325,-0.017861,-0.091048,0.073186,0.034862,0.671994
BA(k=4),12,10,32,1,0.037551,-0.022588,-0.087271,0.064683,0.027133,0.588784
BA(k=4),12,10,32,3,0.046765,-0.023792,-0.113829,0.090037,0.043273,0.654239
BA(k=4),14,1,40,1,0.035996,-0.027064,-0.086423,0.059359,0.023362,0.523043
BA(k=4),14,1,40,3,0.032104,-0.014211,-0.079434,0.065223,0.033118,0.696488
BA(k=4),14,2,40,1,0.033789,-0.027893,-0.085264,0.05737,0.023581,0.506995
BA(k=4),14,2,40,3,0.034011,-0.015229,-0.079504,0.064275,0.030264,0.678478
BA(k=4),14,3,40,1,0.052235,-0.020883,-0.105227,0.084344,0.032109,0.668809
BA(k=4),14,3,40,3,0.075173,-0.014925,-0.138452,0.123527,0.048354,0.80538
BA(k=4),14,4,40,1,0.059042,-0.027436,-0.119288,0.091853,0.032811,0.626024
BA(k=4),14,4,40,3,0.030874,-0.017636,-0.082412,0.064777,0.033902,0.647453
BA(k=4),14,5,40,1,0.055169,-0.027278,-0.108934,0.081656,0.026487,0.599481
BA(k=4),14,5,40,3,0.05341,-0.013966,-0.109974,0.096008,0.042598,0.774636
BA(k=4),14,6,40,1,0.048055,-0.028004,-0.118063,0.090059,0.042004,0.616563
BA(k=4),14,6,40,3,0.059048,-0.026685,-0.122927,0.096242,0.037194,0.643278
BA(k=4),14,7,40,1,0.041063,-0.021874,-0.082908,0.061034,0.019971,0.582483
BA(k=4),14,7,40,3,0.068986,-0.014131,-0.135894,0.121763,0.052777,0.81162
BA(k=4),14,8,40,1,0.026383,-0.020919,-0.061851,0.040932,0.014549,0.494531
BA(k=4),14,8,40,3,0.033976,-0.011994,-0.087242,0.075249,0.041273,0.758282
BA(k=4),14,9,40,1,0.039364,-0.023829,-0.09016,0.066332,0.026967,0.581913
BA(k=4),14,9,40,3,0.129004,-0.026889,-0.217462,0.190573,0.06157,0.779918
BA(k=4),14,10,40,1,0.048228,-0.02689,-0.104529,0.077639,0.029411,0.590771
BA(k=4),14,10,40,3,0.072709,-0.036511,-0.147591,0.11108,0.038371,0.603363
WS(k=4;b=0.1),12,1,24,1,0.038759,-0.020818,-0.077617,0.056798,0.01804,0.577013
WS(k=4;b=0.1),12,1,24,3,0.020827,-0.015074,-0.050546,0.035472,0.014645,0.540564
WS(k=4;b=0.1),12,2,24,1,0.041019,-0.022511,-0.081378,0.058867,0.017848,0.566633
WS(k=4;b=0.1),12,2,24,3,0.019401,-0.015047,-0.050272,0.035225,0.015824,0.539285
WS(k=4;b=0.1),12,3,24,1,0.03806,-0.022071,-0.082937,0.060866,0.022806,0.579636
WS(k=4;b=0.1),12,3,24,3,0.025681,-0.01997,-0.067784,0.047814,0.022133,0.544868
WS(k=4;b=0.1),12,4,24,1,0.020136,-0.020702,-0.053764,0.033063,0.012927,0.443997
WS(k=4;b=0.1),12,4,24,3,0.01672,-0.012996,-0.042123,0.029127,0.012406,0.528435
WS(k=4;b=0.1),12,5,24,1,0.022752,-0.01935,-0.058555,0.039205,0.016452,0.503233
WS(k=4;b=0.1),12,5,24,3,0.020049,-0.015374,-0.051617,0.036243,0.016193,0.541003
WS(k=4;b=0.1),12,6,24,1,0.020367,-0.019128,-0.049617,0.030489,0.010122,0.443516
WS(k=4;b=0.1),12,6,24,3,0.005074,-0.003936,-0.019862,0.015926,0.010852,0.669224
WS(k=4;b=0.1),12,7,24,1,0.020249,-0.018701,-0.04747,0.028769,0.008519,0.434759
WS(k=4;b=0.1),12,7,24,3,0.008588,-0.011268,-0.032591,0.021323,0.012734,0.486159
WS(k=4;b=0.1),12,8,24,1,0.038245,-0.022805,-0.086527,0.063722,0.025477,0.582831
WS(k=4;b=0.1),12,8,24,3,0.017912,-0.021423,-0.04992,0.028498,0.010586,0.399446
WS(k=4;b=0.1),12,9,24,1,0.023068,-0.019782,-0.058816,0.039034,0.015966,0.496627
WS(k=4;b=0.1),12,9,24,3,0.018319,-0.007188,-0.050257,0.043069,0.02475,0.74974
WS(k=4;b=0.1),12,10,24,1,0.028184,-0.02071,-0.061939,0.041229,0.013045,0.498844
WS(k=4;b=0.1),12,10,24,3,0.013915,-0.006137,-0.034645,0.028508,0.014593,0.699018
WS(k=4;b=0.1),14,1,28,1,0.060517,-0.024879,-0.12541,0.100531,0.040014,0.668918
WS(k=4;b=0.1),14,1,28,3,0.04076,-0.025439,-0.08479,0.059351,0.018591,0.538437
WS(k=4;b=0.1),14,2,28,1,0.036037,-0.02176,-0.08121,0.05945,0.023414,0.57736
WS(k=4;b=0.1),14,2,28,3,0.030163,-0.012233,-0.080113,0.06788,0.037717,0.735055
WS(k=4;b=0.1),14,3,28,1,0.027458,-0.022443,-0.066067,0.043624,0.016166,0.49287
WS(k=4;b=0.1),14,3,28,3,0.003244,-0.008092,-0.02297,0.014878,0.011634,0.47899
WS(k=4;b=0.1),14,4,28,1,0.024624,-0.019154,-0.057537,0.038383,0.013759,0.500491
WS(k=4;b=0.1),14,4,28,3,0.023256,-0.017306,-0.062267,0.044961,0.021705,0.565036
WS(k=4;b=0.1),14,5,28,1,0.046115,-0.023021,-0.096586,0.073565,0.02745,0.615051
WS(k=4;b=0.1),14,5,28,3,0.022293,-0.021338,-0.061821,0.040483,0.01819,0.486812
WS(k=4;b=0.1),14,6,28,1,0.024795,-0.021767,-0.064979,0.043212,0.018417,0.498151
WS(k=4;b=0.1),14,6,28,3,0.010797,-0.010114,-0.031857,0.021743,0.010946,0.518038
WS(k=4;b=0.1),14,7,28,1,0.026478,-0.019439,-0.058356,0.038917,0.012439,0.500246
WS(k=4;b=0.1),14,7,28,3,0.019695,-0.012534,-0.046953,0.034419,0.014724,0.578595
WS(k=4;b=0.1),14,8,28,1,0.034077,-0.021307,-0.080323,0.059016,0.024939,0.580689
WS(k=4;b=0.1),14,8,28,3,0.044258,-0.02319,-0.092225,0.069035,0.024777,0.598147
WS(k=4;b=0.1),14,9,28,1,0.024795,-0.021719,-0.065014,0.043294,0.018499,0.499168
WS(k=4;b=0.1),14,9,28,3,0.026738,-0.017833,-0.064306,0.046473,0.019734,0.565783
WS(k=4;b=0.1),14,10,28,1,0.06051,-0.02906,-0.122515,0.093455,0.032944,0.616559
WS(k=4;b=0.1),14,10,28,3,0.027758,-0.033658,-0.084578,0.05092,0.023162,0.430663
WS(k=4;b=0.5),12,1,24,1,0.079965,-0.030317,-0.150203,0.119886,0.039921,0.664118
WS(k=4;b=0.5),12,1,24,3,0.040321,-0.023129,-0.080232,0.057103,0.016782,0.552464
WS(k=4;b=0.5),12,2,24,1,0.035157,-0.02223,-0.081778,0.059548,0.02439,0.57253
WS(k=4;b=0.5),12,2,24,3,0.020849,-0.017057,-0.053003,0.035946,0.015097,0.513076
WS(k=4;b=0.5),12,3,24,1,0.063349,-0.029453,-0.132307,0.102854,0.039505,0.63584
WS(k=4;b=0.5),12,3,24,3,0.078579,-0.033658,-0.163942,0.130284,0.051705,0.659335
WS(k=4;b=0.5),12,4,24,1,0.056736,-0.023382,-0.108964,0.085582,0.028846,0.64665
WS(k=4;b=0.5),12,4,24,3,0.038183,-0.022894,-0.086471,0.063577,0.025394,0.581326
WS(k=4;b=0.5),12,5,24,1,0.059059,-0.030705,-0.125886,0.095181,0.036122,0.607828
WS(k=4;b=0.5),12,5,24,3,0.076903,-0.02469,-0.148436,0.123746,0.046843,0.714771
WS(k=4;b=0.5),12,6,24,1,0.034638,-0.021569,-0.080732,0.059164,0.024526,0.57833
WS(k=4;b=0.5),12,6,24,3,0.033935,-0.017745,-0.073343,0.055599,0.021663,0.610383
WS(k=4;b=0.5),12,7,24,1,0.041638,-0.028195,-0.10769,0.079495,0.037858,0.585019
WS(k=4;b=0.5),12,7,24,3,0.070439,-0.009231,-0.12833,0.119099,0.04866,0.865793
WS(k=4;b=0.5),12,8,24,1,0.031784,-0.022231,-0.08279,0.060559,0.028775,0.576631
WS(k=4;b=0.5),12,8,24,3,0.048506,-0.027003,-0.104018,0.077015,0.028509,0.587808
WS(k=4;b=0.5),12,9,24,1,0.032292,-0.022156,-0.073964,0.051808,0.019516,0.538989
WS(k=4;b=0.5),12,9,24,3,0.026559,-0.021955,-0.069643,0.047688,0.021129,0.520617
WS(k=4;b=0.5),12,10,24,1,0.058496,-0.024708,-0.117107,0.092399,0.033903,0.651544
WS(k=4;b=0.5),12,10,24,3,0.015278,-0.02141,-0.044362,0.022952,0.007674,0.34896
WS(k=4;b=0.5),14,1,28,1,0.039122,-0.024225,-0.091112,0.066887,0.027765,0.57993
WS(k=4;b=0.5),14,1,28,3,0.02698,-0.023624,-0.069532,0.045908,0.018928,0.492809
WS(k=4;b=0.5),14,2,28,1,0.057713,-0.031694,-0.130229,0.098535,0.040823,0.60853
WS(k=4;b=0.5),14,2,28,3,0.086297,-0.013196,-0.162041,0.148844,0.062547,0.84939
WS(k=4;b=0.5),14,3,28,1,0.044429,-0.023287,-0.095582,0.072295,0.027866,0.608192
WS(k=4;b=0.5),14,3,28,3,0.034633,-0.017436,-0.076591,0.059155,0.024523,0.629135
WS(k=4;b=0.5),14,4,28,1,0.054255,-0.028072,-0.114087,0.086015,0.031761,0.605064
WS(k=4;b=0.5),14,4,28,3,0.115845,-0.021341,-0.194754,0.173413,0.057569,0.802489
WS(k=4;b=0.5),14,5,28,1,0.056257,-0.025029,-0.113101,0.088072,0.031815,0.6376
WS(k=4;b=0.5),14,5,28,3,0.024241,-0.028513,-0.068672,0.040159,0.015917,0.41322
WS(k=4;b=0.5),14,6,28,1,0.075425,-0.031815,-0.151916,0.120101,0.044676,0.653681
WS(k=4;b=0.5),14,6,28,3,0.051035,-0.017216,-0.115514,0.098298,0.047263,0.74059
WS(k=4;b=0.5),14,7,28,1,0.05471,-0.034112,-0.126848,0.092736,0.038026,0.576141
WS(k=4;b=0.5),14,7,28,3,0.055682,-0.008432,-0.109336,0.100904,0.045222,0.856797
WS(k=4;b=0.5),14,8,28,1,0.070128,-0.029241,-0.13775,0.108509,0.038382,0.649793
WS(k=4;b=0.5),14,8,28,3,0.032092,-0.029518,-0.081145,0.051626,0.019535,0.466518
WS(k=4;b=0.5),14,9,28,1,0.070085,-0.031075,-0.151466,0.120391,0.050306,0.659529
WS(k=4;b=0.5),14,9,28,3,0.035635,-0.026459,-0.094624,0.068165,0.03253,0.562966
WS(k=4;b=0.5),14,10,28,1,0.084737,-0.031328,-0.168037,0.136709,0.051973,0.685722
WS(k=4;b=0.5),14,10,28,3,0.069215,-0.028744,-0.143458,0.114714,0.045499,0.66616
3-regular,12,1,18,1,0.053292,-0.044478,-0.139387,0.094909,0.041617,0.51619
3-regular,12,1,18,3,0.035531,-0.018325,-0.083701,0.065376,0.029845,0.640782
3-regular,12,2,18,1,0.034168,-0.027134,-0.079522,0.052387,0.01822,0.491182
3-regular,12,2,18,3,0.048647,0.008683,-0.103332,0.112015,0.063367,1.0
3-regular,12,3,18,1,0.058119,-0.035162,-0.135841,0.10068,0.042561,0.58876
3-regular,12,3,18,3,0.094636,-0.013178,-0.175275,0.162098,0.067461,0.860151
3-regular,12,4,18,1,0.046015,-0.035633,-0.112372,0.076739,0.030724,0.518493
3-regular,12,4,18,3,0.036473,-0.02351,-0.079477,0.055967,0.019494,0.543432
3-regular,12,5,18,1,0.051339,-0.029276,-0.11171,0.082433,0.031094,0.584693
3-regular,12,5,18,3,0.021592,-0.018325,-0.066559,0.048234,0.026641,0.568232
3-regular,12,6,18,1,0.046015,-0.032579,-0.106032,0.073453,0.027438,0.52992
3-regular,12,6,18,3,0.033493,-0.026238,-0.084515,0.058278,0.024784,0.526196
3-regular,12,7,18,1,0.051339,-0.02725,-0.10669,0.07944,0.028101,0.593102
3-regular,12,7,18,3,0.035141,-0.020114,-0.086111,0.065998,0.030857,0.621304
3-regular,12,8,18,1,0.051339,-0.02725,-0.10669,0.07944,0.028101,0.593102
3-regular,12,8,18,3,0.035141,-0.020114,-0.086111,0.065998,0.030857,0.621304
3-regular,12,9,18,1,0.027433,-0.024675,-0.06913,0.044456,0.017023,0.473916
3-regular,12,9,18,3,0.050783,0.004646,-0.11319,0.117835,0.067052,1.0
3-regular,12,10,18,1,0.040642,-0.021951,-0.081562,0.059611,0.018969,0.575874
3-regular,12,10,18,3,0.049978,-0.01476,-0.11718,0.10242,0.052442,0.776267
3-regular,14,1,21,1,0.045848,-0.03227,-0.104739,0.072469,0.026621,0.528932
3-regular,14,1,21,3,0.045612,-0.015611,-0.099155,0.083544,0.037932,0.727951
3-regular,14,2,21,1,0.066741,-0.035179,-0.153437,0.118258,0.051517,0.62698
3-regular,14,2,21,3,0.058222,-0.028175,-0.12473,0.096555,0.038333,0.631467
3-regular,14,3,21,1,0.04761,-0.033553,-0.108014,0.07446,0.02685,0.525971
3-regular,14,3,21,3,0.050646,-0.002589,-0.118306,0.115717,0.065071,0.957174
3-regular,14,4,21,1,0.043301,-0.031774,-0.107494,0.07572,0.032419,0.543696
3-regular,14,4,21,3,0.064632,-0.01515,-0.140265,0.125115,0.060483,0.80504
3-regular,14,5,21,1,0.061086,-0.035039,-0.123485,0.088446,0.02736,0.557932
3-regular,14,5,21,3,0.055819,-0.025818,-0.127252,0.101433,0.045614,0.662658
3-regular,14,6,21,1,0.024701,-0.022273,-0.066575,0.044302,0.019601,0.498627
3-regular,14,6,21,3,0.039745,-0.026791,-0.090531,0.06374,0.023995,0.543289
3-regular,14,7,21,1,0.066741,-0.03238,-0.141455,0.109075,0.042334,0.627462
3-regular,14,7,21,3,0.080212,-0.009841,-0.155279,0.145439,0.065226,0.880806
3-regular,14,8,21,1,0.075458,-0.034719,-0.147257,0.112538,0.037079,0.618421
3-regular,14,8,21,3,0.070878,-0.009456,-0.12785,0.118394,0.047516,0.862262
3-regular,14,9,21,1,0.059348,-0.032593,-0.135252,0.102659,0.043311,0.61163
3-regular,14,9,21,3,0.055526,-0.018452,-0.107317,0.088865,0.033338,0.706572
3-regular,14,10,21,1,0.032736,-0.02558,-0.083652,0.058073,0.025336,0.531646
3-regular,14,10,21,3,0.068493,0.003183,-0.130746,0.133929,0.065436,1.0
