family,n,inst,p,ceiling,kind,param,regret_raw,regret_norm
ER(0.5),12,1,1,0.842806,exact,0,0.022172,0.014026
ER(0.5),12,1,1,0.842806,rep,1,0.022172,0.014026
ER(0.5),12,1,1,0.842806,rep,2,0.022172,0.014026
ER(0.5),12,1,1,0.842806,rep,3,0.016079,0.014026
ER(0.5),12,1,1,0.842806,avg,3,0.022172,0.014026
ER(0.5),12,1,1,0.842806,sweep,3,0.022172,0.0
ER(0.5),12,1,1,0.842806,sweep,30,0.022172,0.014026
ER(0.5),12,1,3,0.907526,exact,0,0.052944,0.019415
ER(0.5),12,1,3,0.907526,rep,1,0.033093,0.019415
ER(0.5),12,1,3,0.907526,rep,2,0.056126,0.019415
ER(0.5),12,1,3,0.907526,rep,3,0.052944,0.019415
ER(0.5),12,1,3,0.907526,avg,3,0.052944,0.019415
ER(0.5),12,1,3,0.907526,sweep,3,0.033093,0.021801
ER(0.5),12,1,3,0.907526,sweep,30,0.052944,0.019415
ER(0.5),12,2,1,0.834427,exact,0,0.030107,0.011311
ER(0.5),12,2,1,0.834427,rep,1,0.030107,0.011311
ER(0.5),12,2,1,0.834427,rep,2,0.030107,0.011311
ER(0.5),12,2,1,0.834427,rep,3,0.030107,0.011311
ER(0.5),12,2,1,0.834427,avg,3,0.030107,0.011311
ER(0.5),12,2,1,0.834427,sweep,3,0.030107,0.011311
ER(0.5),12,2,1,0.834427,sweep,30,0.030107,0.011311
ER(0.5),12,2,3,0.918077,exact,0,0.075159,0.007132
ER(0.5),12,2,3,0.918077,rep,1,0.082994,0.000864
ER(0.5),12,2,3,0.918077,rep,2,0.075159,0.02841
ER(0.5),12,2,3,0.918077,rep,3,0.09267,0.000864
ER(0.5),12,2,3,0.918077,avg,3,0.075159,0.000864
ER(0.5),12,2,3,0.918077,sweep,3,0.075159,0.02841
ER(0.5),12,2,3,0.918077,sweep,30,0.082994,0.000864
ER(0.25),12,1,1,0.760727,exact,0,0.02994,0.074448
ER(0.25),12,1,1,0.760727,rep,1,0.02994,0.016479
ER(0.25),12,1,1,0.760727,rep,2,0.02994,0.0
ER(0.25),12,1,1,0.760727,rep,3,0.02994,0.0
ER(0.25),12,1,1,0.760727,avg,3,0.02994,0.074448
ER(0.25),12,1,1,0.760727,sweep,3,0.02994,0.0
ER(0.25),12,1,1,0.760727,sweep,30,0.02994,0.074448
ER(0.25),12,1,3,0.852162,exact,0,0.067001,0.021456
ER(0.25),12,1,3,0.852162,rep,1,0.028215,0.021456
ER(0.25),12,1,3,0.852162,rep,2,0.080506,0.00963
ER(0.25),12,1,3,0.852162,rep,3,0.058707,0.021456
ER(0.25),12,1,3,0.852162,avg,3,0.077618,0.021456
ER(0.25),12,1,3,0.852162,sweep,3,0.083825,0.021456
ER(0.25),12,1,3,0.852162,sweep,30,0.077618,0.021456
ER(0.25),12,2,1,0.798845,exact,0,0.028869,0.09858
ER(0.25),12,2,1,0.798845,rep,1,0.028869,0.066965
ER(0.25),12,2,1,0.798845,rep,2,0.028869,0.066965
ER(0.25),12,2,1,0.798845,rep,3,0.028869,0.035809
ER(0.25),12,2,1,0.798845,avg,3,0.028869,0.09858
ER(0.25),12,2,1,0.798845,sweep,3,0.0,0.005673
ER(0.25),12,2,1,0.798845,sweep,30,0.028869,0.09858
ER(0.25),12,2,3,0.889275,exact,0,0.061399,0.039706
ER(0.25),12,2,3,0.889275,rep,1,0.026028,0.039706
ER(0.25),12,2,3,0.889275,rep,2,0.091544,0.019125
ER(0.25),12,2,3,0.889275,rep,3,0.079363,0.019125
ER(0.25),12,2,3,0.889275,avg,3,0.061399,0.019125
ER(0.25),12,2,3,0.889275,sweep,3,0.073195,0.019125
ER(0.25),12,2,3,0.889275,sweep,30,0.061399,0.039706
BA(k=2),12,1,1,0.755192,exact,0,0.019425,0.063289
BA(k=2),12,1,1,0.755192,rep,1,0.019425,0.009252
BA(k=2),12,1,1,0.755192,rep,2,0.019425,0.009252
BA(k=2),12,1,1,0.755192,rep,3,0.06522,0.009252
BA(k=2),12,1,1,0.755192,avg,3,0.019425,0.009252
BA(k=2),12,1,1,0.755192,sweep,3,0.019425,0.045254
BA(k=2),12,1,1,0.755192,sweep,30,0.019425,0.009252
BA(k=2),12,1,3,0.858768,exact,0,0.065387,0.050908
BA(k=2),12,1,3,0.858768,rep,1,0.03437,0.050908
BA(k=2),12,1,3,0.858768,rep,2,0.065387,0.008488
BA(k=2),12,1,3,0.858768,rep,3,0.082448,0.033712
BA(k=2),12,1,3,0.858768,avg,3,0.065387,0.033712
BA(k=2),12,1,3,0.858768,sweep,3,0.03437,0.029576
BA(k=2),12,1,3,0.858768,sweep,30,0.086111,0.050908
BA(k=2),12,2,1,0.852466,exact,0,0.020074,0.013843
BA(k=2),12,2,1,0.852466,rep,1,0.020074,0.013843
BA(k=2),12,2,1,0.852466,rep,2,0.020074,0.046329
BA(k=2),12,2,1,0.852466,rep,3,0.020074,0.013843
BA(k=2),12,2,1,0.852466,avg,3,0.020074,0.013843
BA(k=2),12,2,1,0.852466,sweep,3,0.020074,0.013843
BA(k=2),12,2,1,0.852466,sweep,30,0.020074,0.013843
BA(k=2),12,2,3,0.908862,exact,0,0.039229,0.021768
BA(k=2),12,2,3,0.908862,rep,1,0.039229,0.002139
BA(k=2),12,2,3,0.908862,rep,2,0.039229,0.053324
BA(k=2),12,2,3,0.908862,rep,3,0.039229,0.002139
BA(k=2),12,2,3,0.908862,avg,3,0.039229,0.021768
BA(k=2),12,2,3,0.908862,sweep,3,0.039229,0.002139
BA(k=2),12,2,3,0.908862,sweep,30,0.039229,0.021768
BA(k=4),12,1,1,0.755427,exact,0,0.03092,0.004683
BA(k=4),12,1,1,0.755427,rep,1,0.03092,0.004683
BA(k=4),12,1,1,0.755427,rep,2,0.03092,0.004683
BA(k=4),12,1,1,0.755427,rep,3,0.056955,0.004683
BA(k=4),12,1,1,0.755427,avg,3,0.056955,0.004683
BA(k=4),12,1,1,0.755427,sweep,3,0.03092,0.004683
BA(k=4),12,1,1,0.755427,sweep,30,0.03092,0.004683
BA(k=4),12,1,3,0.839777,exact,0,0.081126,0.067779
BA(k=4),12,1,3,0.839777,rep,1,0.095356,0.049373
BA(k=4),12,1,3,0.839777,rep,2,0.080615,0.003387
BA(k=4),12,1,3,0.839777,rep,3,0.118672,0.049373
BA(k=4),12,1,3,0.839777,avg,3,0.080615,0.049373
BA(k=4),12,1,3,0.839777,sweep,3,0.087178,0.006367
BA(k=4),12,1,3,0.839777,sweep,30,0.082308,0.049373
BA(k=4),12,2,1,0.776403,exact,0,0.025588,0.027616
BA(k=4),12,2,1,0.776403,rep,1,0.025588,0.006636
BA(k=4),12,2,1,0.776403,rep,2,0.025588,0.027616
BA(k=4),12,2,1,0.776403,rep,3,0.025588,0.006636
BA(k=4),12,2,1,0.776403,avg,3,0.025588,0.027616
BA(k=4),12,2,1,0.776403,sweep,3,0.019043,0.006636
BA(k=4),12,2,1,0.776403,sweep,30,0.025588,0.006636
BA(k=4),12,2,3,0.865658,exact,0,0.081008,0.111122
BA(k=4),12,2,3,0.865658,rep,1,0.081008,0.030921
BA(k=4),12,2,3,0.865658,rep,2,0.079541,0.018607
BA(k=4),12,2,3,0.865658,rep,3,0.079541,0.02985
BA(k=4),12,2,3,0.865658,avg,3,0.083236,0.030921
BA(k=4),12,2,3,0.865658,sweep,3,0.057322,0.000591
BA(k=4),12,2,3,0.865658,sweep,30,0.081008,0.018607
WS(k=4;b=0.1),12,1,1,0.831641,exact,0,0.01029,0.022967
WS(k=4;b=0.1),12,1,1,0.831641,rep,1,0.01029,0.022967
WS(k=4;b=0.1),12,1,1,0.831641,rep,2,0.01029,0.0
WS(k=4;b=0.1),12,1,1,0.831641,rep,3,0.065936,0.022967
WS(k=4;b=0.1),12,1,1,0.831641,avg,3,0.01029,0.022967
WS(k=4;b=0.1),12,1,1,0.831641,sweep,3,0.01029,0.022967
WS(k=4;b=0.1),12,1,1,0.831641,sweep,30,0.01029,0.022967
WS(k=4;b=0.1),12,1,3,0.891618,exact,0,0.038457,0.036276
WS(k=4;b=0.1),12,1,3,0.891618,rep,1,0.038457,0.036276
WS(k=4;b=0.1),12,1,3,0.891618,rep,2,0.038457,0.008899
WS(k=4;b=0.1),12,1,3,0.891618,rep,3,0.058043,0.036276
WS(k=4;b=0.1),12,1,3,0.891618,avg,3,0.030324,0.036276
WS(k=4;b=0.1),12,1,3,0.891618,sweep,3,0.043236,0.0
WS(k=4;b=0.1),12,1,3,0.891618,sweep,30,0.038457,0.019203
WS(k=4;b=0.1),12,2,1,0.825393,exact,0,0.007933,0.02355
WS(k=4;b=0.1),12,2,1,0.825393,rep,1,0.06082,0.0
WS(k=4;b=0.1),12,2,1,0.825393,rep,2,0.047969,0.0
WS(k=4;b=0.1),12,2,1,0.825393,rep,3,0.007933,0.02355
WS(k=4;b=0.1),12,2,1,0.825393,avg,3,0.047969,0.02355
WS(k=4;b=0.1),12,2,1,0.825393,sweep,3,0.036767,0.0
WS(k=4;b=0.1),12,2,1,0.825393,sweep,30,0.007933,0.02355
WS(k=4;b=0.1),12,2,3,0.889734,exact,0,0.040484,0.014358
WS(k=4;b=0.1),12,2,3,0.889734,rep,1,0.057243,0.014358
WS(k=4;b=0.1),12,2,3,0.889734,rep,2,0.040484,0.014358
WS(k=4;b=0.1),12,2,3,0.889734,rep,3,0.040484,0.029027
WS(k=4;b=0.1),12,2,3,0.889734,avg,3,0.086265,0.029027
WS(k=4;b=0.1),12,2,3,0.889734,sweep,3,0.051052,0.0
WS(k=4;b=0.1),12,2,3,0.889734,sweep,30,0.031644,0.014358
WS(k=4;b=0.5),12,1,1,0.845087,exact,0,0.014924,0.098355
WS(k=4;b=0.5),12,1,1,0.845087,rep,1,0.014924,0.02255
WS(k=4;b=0.5),12,1,1,0.845087,rep,2,0.014924,0.02255
WS(k=4;b=0.5),12,1,1,0.845087,rep,3,0.014924,0.069266
WS(k=4;b=0.5),12,1,1,0.845087,avg,3,0.014924,0.098355
WS(k=4;b=0.5),12,1,1,0.845087,sweep,3,0.050456,0.0
WS(k=4;b=0.5),12,1,1,0.845087,sweep,30,0.076568,0.098355
WS(k=4;b=0.5),12,1,3,0.919628,exact,0,0.038112,0.021587
WS(k=4;b=0.5),12,1,3,0.919628,rep,1,0.052789,0.021587
WS(k=4;b=0.5),12,1,3,0.919628,rep,2,0.052789,0.021587
WS(k=4;b=0.5),12,1,3,0.919628,rep,3,0.052789,0.021587
WS(k=4;b=0.5),12,1,3,0.919628,avg,3,0.052789,0.021587
WS(k=4;b=0.5),12,1,3,0.919628,sweep,3,0.071658,0.021665
WS(k=4;b=0.5),12,1,3,0.919628,sweep,30,0.102939,0.042033
WS(k=4;b=0.5),12,2,1,0.831096,exact,0,0.010472,0.021435
WS(k=4;b=0.5),12,2,1,0.831096,rep,1,0.052918,0.021435
WS(k=4;b=0.5),12,2,1,0.831096,rep,2,0.010472,0.021435
WS(k=4;b=0.5),12,2,1,0.831096,rep,3,0.010472,0.021435
WS(k=4;b=0.5),12,2,1,0.831096,avg,3,0.010472,0.021435
WS(k=4;b=0.5),12,2,1,0.831096,sweep,3,0.010472,0.0
WS(k=4;b=0.5),12,2,1,0.831096,sweep,30,0.010472,0.021435
WS(k=4;b=0.5),12,2,3,0.898988,exact,0,0.035136,0.014997
WS(k=4;b=0.5),12,2,3,0.898988,rep,1,0.089975,0.034443
WS(k=4;b=0.5),12,2,3,0.898988,rep,2,0.047972,0.014997
WS(k=4;b=0.5),12,2,3,0.898988,rep,3,0.035136,0.014997
WS(k=4;b=0.5),12,2,3,0.898988,avg,3,0.045026,0.034443
WS(k=4;b=0.5),12,2,3,0.898988,sweep,3,0.035136,0.009816
WS(k=4;b=0.5),12,2,3,0.898988,sweep,30,0.045026,0.034443
3-regular,12,1,1,0.771453,exact,0,0.041653,0.054768
3-regular,12,1,1,0.771453,rep,1,0.041653,0.0
3-regular,12,1,1,0.771453,rep,2,0.001221,0.0
3-regular,12,1,1,0.771453,rep,3,0.041653,0.0
3-regular,12,1,1,0.771453,avg,3,0.041653,0.0
3-regular,12,1,1,0.771453,sweep,3,0.026276,0.0
3-regular,12,1,1,0.771453,sweep,30,0.041653,0.054768
3-regular,12,1,3,0.912009,exact,0,0.112645,0.049561
3-regular,12,1,3,0.912009,rep,1,0.130714,0.0
3-regular,12,1,3,0.912009,rep,2,0.066322,0.062412
3-regular,12,1,3,0.912009,rep,3,0.094588,0.006024
3-regular,12,1,3,0.912009,avg,3,0.112645,0.006024
3-regular,12,1,3,0.912009,sweep,3,0.010726,0.0
3-regular,12,1,3,0.912009,sweep,30,0.112645,0.006024
3-regular,12,2,1,0.755707,exact,0,0.033909,0.003037
3-regular,12,2,1,0.755707,rep,1,0.0,0.003037
3-regular,12,2,1,0.755707,rep,2,0.033909,0.003037
3-regular,12,2,1,0.755707,rep,3,0.033909,0.003037
3-regular,12,2,1,0.755707,avg,3,0.033909,0.003037
3-regular,12,2,1,0.755707,sweep,3,0.0,0.003037
3-regular,12,2,1,0.755707,sweep,30,0.033909,0.003037
3-regular,12,2,3,0.850927,exact,0,0.086925,0.071498
3-regular,12,2,3,0.850927,rep,1,0.082031,0.042728
3-regular,12,2,3,0.850927,rep,2,0.049676,0.071498
3-regular,12,2,3,0.850927,rep,3,0.088519,0.032751
3-regular,12,2,3,0.850927,avg,3,0.088519,0.042728
3-regular,12,2,3,0.850927,sweep,3,0.102136,0.031535
3-regular,12,2,3,0.850927,sweep,30,0.086925,0.042728
