family,n,instance,seed,m,ceil_p1,ar_paper_raw_p1,ar_paper_strict_p1,ar_paper_loose_p1,frac_sane_p1,ceil_p3,ar_paper_raw_p3,ar_paper_strict_p3,ar_paper_loose_p3,frac_sane_p3
ER(0.5),12,1,20271812,38,0.8477289924229867,0.48612701840493766,0.8160196007727409,0.7540730901291399,0.46125,0.9247747897814202,0.7456387950169029,0.763138174861514,0.7558965522410728,0.110107421875
ER(0.5),12,2,20271813,37,0.8368529726753533,0.4934468033466249,0.7722055994112504,0.6874393553584409,0.533125,0.9322194925298259,0.731350930601192,0.7745929646762314,0.7196734230626223,0.396240234375
ER(0.5),12,3,20271814,35,0.8242754436579601,0.5328470641483745,0.7259155943236999,0.5328470641483745,0.7025,0.9258549961144368,0.7194869290270246,0.7998647802427417,0.7202268670810297,0.886962890625
ER(0.5),12,4,20271815,37,0.852769413054839,0.4979164748263099,0.7958534842635152,0.7146745878645947,0.533125,0.9162119658638054,0.7603801200243222,0.7877777055471836,0.7582752232668588,0.396240234375
ER(0.5),12,5,20271816,43,0.8671247452810639,0.46939693664187443,0.8489154297666417,0.8415535245858928,0.12625,0.9313422058849091,0.8028718974628288,0.4932878904944191,0.4932878904944191,0.0
ER(0.5),12,6,20271817,38,0.8174717361236622,0.47026896903574733,0.786091675269384,0.7261637916420175,0.46125,0.912566152383117,0.7186098417998247,0.733818642716116,0.7267808079617986,0.110107421875
ER(0.5),12,7,20271818,33,0.7847435940265335,0.7673415163678535,0.7673415163678535,0.7673415163678535,1.0,0.8772262950414403,0.793930219227438,0.793930219227438,0.793930219227438,1.0
ER(0.5),12,8,20271819,27,0.8184342735726784,0.8076779585555581,0.7164317168822594,0.7544704036921827,0.421875,0.8972310340786219,0.8155581408532495,0.6331446153252485,0.6331446153252485,0.0
ER(0.5),12,9,20271820,20,0.823532073741406,0.8135622961819252,0.523731781024591,0.6209886328100274,0.12625,0.922810663097481,0.8833267698414415,0.6183681031564139,0.6183681031564139,0.0
ER(0.5),12,10,20271821,41,0.8670515840008822,0.48381812540466645,0.8545760602805701,0.8548879484847693,0.26125,0.9371304822012282,0.771451547767481,0.4996472321072249,0.4996472321072249,0.0
ER(0.5),12,11,20271822,29,0.7659195615998123,0.7579181750220765,0.6359823424423378,0.7298856409378718,0.543125,0.8675138190995717,0.8085223266129864,0.6348589581668704,0.6379806387927284,0.013916015625
ER(0.5),12,12,20271823,35,0.7970735260153092,0.5157040246889849,0.6980941119415829,0.5157040246889849,0.7025,0.9104397973273154,0.6918583653283198,0.7766187317636365,0.6932530795863331,0.886962890625
ER(0.5),12,13,20271824,37,0.831708180219495,0.48955968128836314,0.7705547243418565,0.6873812628646848,0.533125,0.9160809489136265,0.731300221193628,0.7714504139878932,0.7228571138759873,0.396240234375
ER(0.5),12,14,20271825,24,0.8026514266511103,0.7990644385010967,0.6671209072241024,0.6792907675693115,0.276875,0.9229712068478261,0.8637362517756187,0.6177498708052002,0.6177498708052002,0.0
ER(0.5),12,15,20271826,34,0.7963952149165868,0.6800000000000002,0.6800000000000002,0.6800000000000002,0.89,0.887842168791486,0.6988774097121707,0.7104463162435525,0.6988774097121707,0.96728515625
ER(0.5),12,16,20271827,32,0.8250840237221323,0.8131169353963396,0.7976471844634049,0.8131169353963396,0.89125,0.9129688379343402,0.8298227324247912,0.8342455610222581,0.8897600045154618,0.4931640625
ER(0.5),12,17,20271828,23,0.7765560088548945,0.7662474565200902,0.49458341778075077,0.5425983147959449,0.236875,0.8951165353526761,0.8380772067966566,0.5982172875291631,0.5982172875291631,0.0
ER(0.5),12,18,20271829,30,0.8135763091887231,0.8084920701043945,0.7123070527764678,0.7976765794662692,0.614375,0.900162838337084,0.8430559931049757,0.7082351044988289,0.7299226720785676,0.070556640625
ER(0.5),12,19,20271830,25,0.7788714863498212,0.7725658628519632,0.6509947738838832,0.6599373488093844,0.3225,0.8731609143722003,0.790048943558228,0.606361252197782,0.606361252197782,0.0
ER(0.5),12,20,20271831,34,0.8138558890686385,0.6800000000000002,0.6800000000000002,0.6800000000000002,0.89,0.9089574339882925,0.6990528133167095,0.7078185152485106,0.6990528133167095,0.96728515625
ER(0.5),12,21,20271832,34,0.8438434542733733,0.7083333333333335,0.7083333333333335,0.7083333333333335,0.89,0.938035503106145,0.7281464304495779,0.7402956623710443,0.7281464304495779,0.96728515625
ER(0.5),12,22,20271833,32,0.8272470952617033,0.8155491912243399,0.8012434773843247,0.8155491912243399,0.89125,0.9100196889790071,0.831673536569526,0.8322293480571967,0.8886271377957127,0.4931640625
ER(0.5),12,23,20271834,35,0.8251931758394995,0.5334724610021088,0.7259508148408119,0.5334724610021088,0.7025,0.91297455677095,0.7195034084756711,0.8002701272202686,0.7204058698056229,0.886962890625
ER(0.5),12,24,20271835,39,0.8339434035478438,0.46592207192224677,0.8175670265865231,0.777299188065385,0.39125,0.9090244073542654,0.741888420713695,0.6057747522578154,0.6057747522578154,0.0
ER(0.5),12,25,20271836,28,0.7735666880312357,0.7648172297223949,0.6687318833360053,0.6678704652190556,0.479375,0.8740596554588987,0.7951864304528278,0.6039849784417743,0.633988439411058,0.000244140625
ER(0.5),12,26,20271837,36,0.8097318232544978,0.4938690265805971,0.7405584485632702,0.593261856267469,0.611875,0.9079532027272431,0.7115353780125275,0.7051998576857319,0.6997379996036279,0.728759765625
ER(0.5),12,27,20271838,40,0.8451098368951856,0.47337816516460735,0.8404674427842601,0.8164164981941722,0.325,0.9267914331062319,0.7664036243810778,0.5134107468708176,0.5134107468708176,0.0
ER(0.5),12,28,20271839,28,0.8026886417530738,0.7914286796776479,0.6911209986013819,0.6870579269265996,0.479375,0.8895754550797096,0.8151858967307908,0.6381446938580243,0.6586231173164997,0.000244140625
ER(0.5),12,29,20271840,37,0.7694442554808677,0.4528767278315117,0.7140659509637182,0.638229557295305,0.533125,0.8766455200383864,0.6790183119901118,0.7247265544801482,0.6760417364969626,0.396240234375
ER(0.5),12,30,20271841,36,0.8277216232723161,0.501483291741528,0.7685140734792477,0.6142796517387451,0.611875,0.9077395546280533,0.7397934482276557,0.7319435163868486,0.7182339746951749,0.728759765625
ER(0.5),14,1,20272012,43,0.835539936227498,0.8295775628105179,0.781039884287603,0.8295775628105179,0.7225,0.912856104603816,0.8697154180238528,0.7905578032315407,0.7868660048355409,0.272705078125
ER(0.5),14,2,20272013,50,0.8332244475045842,0.5133635236649179,0.7930415092881585,0.7031865769416783,0.57625,0.9008575628620924,0.7437006513249815,0.7375689974593862,0.6698791069439594,0.562744140625
ER(0.5),14,3,20272014,47,0.8004775169660114,0.5754959284969512,0.6899367847596006,0.5754959284969512,0.80625,0.8834524243886568,0.7102807149425526,0.6983169521183551,0.7102807149425526,0.95751953125
ER(0.5),14,4,20272015,42,0.8245293656269178,0.8190196708492439,0.7288272157839415,0.8093031916615018,0.64875,0.9084022887862953,0.8406030789336794,0.7469793336740008,0.7618245248406414,0.138916015625
ER(0.5),14,5,20272016,40,0.7521891273631569,0.745005041075884,0.6518984667103062,0.7107392677650517,0.5375,0.8694375958291976,0.7888298932308537,0.6238227761183515,0.6107330365141963,0.020263671875
ER(0.5),14,6,20272017,52,0.871041803678108,0.5091081117546089,0.8461598133708014,0.8031546698857378,0.46875,0.9348804496093718,0.7785049926349096,0.5893324387657327,0.7920080696673826,0.1064453125
ER(0.5),14,7,20272018,50,0.8419315159739391,0.5206965761148181,0.794295245686398,0.7035838007384106,0.57625,0.9132775713018914,0.7517334131950354,0.7548115162174827,0.6678677837211547,0.562744140625
ER(0.5),14,8,20272019,49,0.8082921037570993,0.5208653353512064,0.7417203217042236,0.6118043739961213,0.64125,0.8927882282129495,0.7193333515601879,0.7512193988382682,0.7231254906611739,0.7890625
ER(0.5),14,9,20272020,35,0.8414147658518704,0.8310321278826188,0.5923329147366455,0.7216153110528117,0.325,0.9290866395516368,0.8767494833710827,0.6852143447776017,0.6852143447776017,0.0
ER(0.5),14,10,20272021,45,0.8609657491262915,0.8525279852798202,0.8483353515056368,0.8525279852798202,0.9825,0.9307555018812391,0.8747025292527811,0.890073916465642,0.8747025292527811,0.810791015625
ER(0.5),14,11,20272022,49,0.8328785328471061,0.5371678973596272,0.7635599705760743,0.630029056895329,0.64125,0.9126221341533626,0.7405012758199786,0.7737881120641271,0.7438450164817778,0.7890625
ER(0.5),14,12,20272023,47,0.8239742354301771,0.5925655079512628,0.7107710155480665,0.5925655079512628,0.80625,0.9021955307520492,0.7317921290753739,0.7191163910867877,0.7317921290753739,0.95751953125
ER(0.5),14,13,20272024,44,0.832515057368888,0.8239906976117752,0.805076251045055,0.8239906976117752,0.878125,0.9135133838959494,0.8388231944115575,0.8553746577734742,0.871451880137101,0.479248046875
ER(0.5),14,14,20272025,56,0.828633670270751,0.4859881699622709,0.8237555152991454,0.8234049547801948,0.259375,0.8948233720726211,0.7691200909180064,0.7182804165056155,0.7182804165056155,0.0
ER(0.5),14,15,20272026,45,0.8760985949458712,0.8640815518177655,0.8620261594114625,0.8640815518177655,0.9825,0.9539873937243694,0.899255828653868,0.915174556170723,0.899255828653868,0.810791015625
ER(0.5),14,16,20272027,48,0.8405072871356277,0.552846108722534,0.752511674435286,0.552846108722534,0.71125,0.9219577939833509,0.7473491649177397,0.7887645622377116,0.738531546522615,0.8935546875
ER(0.5),14,17,20272028,49,0.8292552615645715,0.5332933078954251,0.7633399855817077,0.6289767504171476,0.64125,0.9054967848961708,0.7404423872109129,0.7675545417526808,0.7452729241636467,0.7890625
ER(0.5),14,18,20272029,45,0.7979080656531403,0.7862976702053921,0.7846555853665383,0.7862976702053921,0.9825,0.8962567914053617,0.8301832838619806,0.8575285188243014,0.8301832838619806,0.810791015625
ER(0.5),14,19,20272030,44,0.850188607484086,0.840986442393901,0.8153127564184506,0.840986442393901,0.878125,0.9313756944808171,0.8515953304968062,0.8742081680377022,0.889644988445676,0.479248046875
ER(0.5),14,20,20272031,41,0.7980086911587189,0.7832031285262683,0.6985973358228311,0.776992883705175,0.585625,0.8795447875522806,0.8146273485724144,0.7095670470694231,0.6956262408230539,0.060302734375
ER(0.5),14,21,20272032,47,0.8262748586494073,0.5932800983916946,0.7109174160289096,0.5932800983916946,0.80625,0.9109694834374015,0.7318184005866191,0.7201873336208876,0.7318184005866191,0.95751953125
ER(0.5),14,22,20272033,41,0.7895140336522807,0.7784291657099528,0.7038343917160955,0.7683677739293562,0.585625,0.8862191082638153,0.8179282801434441,0.6911943828082623,0.6864534934882752,0.060302734375
ER(0.5),14,23,20272034,48,0.8162730339576314,0.5371536872879196,0.7303990905180756,0.5371536872879196,0.71125,0.9069232603144206,0.7253805361246526,0.7671296242447212,0.7170066054767659,0.8935546875
ER(0.5),14,24,20272035,42,0.8284122540042135,0.8229798199651162,0.7392922103582499,0.8154744464255361,0.64875,0.9122524941788765,0.8503190427672876,0.7490041109768505,0.7451594368951561,0.138916015625
ER(0.5),14,25,20272036,45,0.8417834912924869,0.831519152966336,0.8286905079788915,0.831519152966336,0.9825,0.9271477541120703,0.8646416202553878,0.8867319180376756,0.8646416202553878,0.810791015625
ER(0.5),14,26,20272037,46,0.810277448792847,0.779407155989058,0.779407155989058,0.779407155989058,0.9825,0.9141518275733791,0.719566203641903,0.719566203641903,0.719566203641903,1.0
ER(0.5),14,27,20272038,44,0.7857945162212768,0.7778961897460125,0.7625485234582652,0.7778961897460125,0.878125,0.8895482654661883,0.805423229501739,0.8404295408935282,0.8543807401082922,0.479248046875
ER(0.5),14,28,20272039,41,0.80176980297399,0.7882415901913957,0.7102766127478761,0.7829664760364603,0.585625,0.88975044903826,0.8219742558287273,0.7116353629921441,0.6999884909499231,0.060302734375
ER(0.5),14,29,20272040,46,0.8290720717518933,0.8010241393912141,0.8010241393912141,0.8010241393912141,0.9825,0.9106594815972855,0.741367061936937,0.741367061936937,0.741367061936937,1.0
ER(0.5),14,30,20272041,48,0.8178869755998799,0.5384111627593215,0.730439575745826,0.5384111627593215,0.71125,0.9096380342723623,0.725404155418687,0.7679111782295116,0.7172729332703911,0.8935546875
ER(0.25),12,1,20281812,15,0.7633254617586126,0.751355340145963,0.49705309979951856,0.5191800268584512,0.003125,0.8671899552473761,0.8315760774491218,0.5637056869829657,0.5637056869829657,0.0
ER(0.25),12,2,20281813,17,0.8008168503983236,0.7904782933504177,0.5229606069058378,0.603022735659532,0.026875,0.9029464111173743,0.8687561410883325,0.6001655078373285,0.6001655078373285,0.0
ER(0.25),12,3,20281814,15,0.7432304047517361,0.7392016679343134,0.5039356306138705,0.5214848821046669,0.003125,0.8886379860760607,0.8269003288405905,0.5315390295046137,0.5315390295046137,0.0
ER(0.25),12,4,20281815,9,0.7692668404573071,0.7623716355340758,0.2334758638511161,0.2334758638511161,0.0,0.8563054509262671,0.8273719029205957,0.4943515902018471,0.4943515902018471,0.0
ER(0.25),12,5,20281816,11,0.7936872184431911,0.7877439973053808,0.3119450317151292,0.3119450317151292,0.0,0.8795969622924542,0.8293840537613925,0.5467571021280767,0.5467571021280767,0.0
ER(0.25),12,6,20281817,19,0.776228141283609,0.7665981581845809,0.5098687119930434,0.5800404839873875,0.09625,0.8961425571965664,0.8507580843833328,0.5873978902317369,0.5873978902317369,0.0
ER(0.25),12,7,20281818,14,0.7538614468407902,0.7345162530204211,0.5610639239113421,0.5456725655042313,0.0,0.8685370680378588,0.818328421493829,0.5562464554990899,0.5562464554990899,0.0
ER(0.25),12,8,20281819,20,0.8162075572350613,0.8045251943320022,0.522016236337661,0.6228881896681442,0.12625,0.9256229181716064,0.8768360228595559,0.6173597924640926,0.6173597924640926,0.0
ER(0.25),12,9,20281820,18,0.7474859994280021,0.740152925272519,0.5174125725161142,0.5040633658708633,0.063125,0.8731202172922676,0.8254509142042903,0.5572153973525313,0.5572153973525313,0.0
ER(0.25),12,10,20281821,11,0.7539602516041647,0.7369960140389621,0.31464031369196394,0.31464031369196394,0.0,0.8961641035813337,0.8160358252318357,0.5295235456205801,0.5295235456205801,0.0
ER(0.25),12,11,20281822,22,0.8185528290435699,0.8038645932494785,0.5671884138074854,0.629844830911521,0.195625,0.9143462590694833,0.8493070692061316,0.644463566334084,0.644463566334084,0.0
ER(0.25),12,12,20281823,12,0.7708736684780063,0.765669369367895,0.5278498872311901,0.5278498872311901,0.0,0.8810752355042836,0.8265342265689374,0.5417421742785439,0.5417421742785439,0.0
ER(0.25),12,13,20281824,24,0.8228041997259071,0.8132470622670682,0.6958088410944947,0.7011692222949696,0.276875,0.8998942742882475,0.8516843369960688,0.642712371645097,0.642712371645097,0.0
ER(0.25),12,14,20281825,24,0.832162639711816,0.8243507562423158,0.6743407363974284,0.6847850890371046,0.276875,0.9208963183381884,0.8648362751448879,0.6443897670759421,0.6443897670759421,0.0
ER(0.25),12,15,20281826,15,0.7776218771329912,0.7672551604114373,0.5616558639215026,0.5691647168241034,0.003125,0.8961649905167157,0.8381161684569732,0.5664377031895659,0.5664377031895659,0.0
ER(0.25),12,16,20281827,16,0.8028092525595103,0.7869975075367275,0.5421700327710438,0.4988685243754162,0.010625,0.9017351628551682,0.8493754532343021,0.6066656525126718,0.6066656525126718,0.0
ER(0.25),12,17,20281828,9,0.8437765147266431,0.8247095364634256,0.20418824300506294,0.20418824300506294,0.0,0.9199758393251243,0.8830414682728938,0.5539016146055092,0.5539016146055092,0.0
ER(0.25),12,18,20281829,15,0.7964163535051649,0.7919692127132816,0.5545214116281021,0.566892371218177,0.003125,0.9035334672561522,0.8594481233994481,0.5734161654191419,0.5734161654191419,0.0
ER(0.25),12,19,20281830,21,0.7941637505913122,0.7821024732660258,0.5567338711135236,0.5394739467343976,0.161875,0.8999051820061693,0.858972488309684,0.604616985306059,0.604616985306059,0.0
ER(0.25),12,20,20281831,20,0.7620293513208537,0.749630570858023,0.48510362633858906,0.5821447474731963,0.12625,0.8748538370358913,0.8229445639260003,0.580075678123724,0.580075678123724,0.0
ER(0.25),12,21,20281832,17,0.7488098678180312,0.738361428516544,0.45970042996821187,0.555320668089556,0.026875,0.8764117155316508,0.8291581173255016,0.56016736778134,0.56016736778134,0.0
ER(0.25),12,22,20281833,18,0.7817064626409234,0.7700279422058022,0.5651293618591526,0.5510628897805041,0.063125,0.9018729090344532,0.8531610916329806,0.5922979317890966,0.5922979317890966,0.0
ER(0.25),12,23,20281834,18,0.7480313362351463,0.7404790876714129,0.5196361151377908,0.5071970363022436,0.063125,0.8827616863394723,0.8291467494042862,0.5572277947027746,0.5572277947027746,0.0
ER(0.25),12,24,20281835,18,0.8271249492690294,0.8111575337846583,0.6037069338183946,0.5885656627788711,0.063125,0.9276540393163542,0.8893594356454759,0.6334784200164163,0.6334784200164163,0.0
ER(0.25),12,25,20281836,12,0.7637789791488191,0.7560010727000782,0.4750359125611226,0.4750359125611226,0.0,0.8640838983200954,0.8252139367098213,0.5337469799102148,0.5337469799102148,0.0
ER(0.25),12,26,20281837,19,0.7834922808767725,0.7738976375408186,0.5143470245327051,0.5843546797740784,0.09625,0.870821038954976,0.8376790888150781,0.5871421255301694,0.5871421255301694,0.0
ER(0.25),12,27,20281838,21,0.7745373615475093,0.7585724648664438,0.5613760672673723,0.5434729072230542,0.161875,0.8979263010979704,0.8377596346824676,0.6000153831350759,0.6000153831350759,0.0
ER(0.25),12,28,20281839,16,0.8184952224302152,0.8057102139070362,0.5549104803578447,0.5021212589439897,0.010625,0.9095120429392718,0.8730288721271577,0.607632332461072,0.607632332461072,0.0
ER(0.25),12,29,20281840,20,0.8069427630130568,0.7939236930626755,0.5215475510453331,0.6223939122546576,0.12625,0.9022017975919872,0.8617315512357046,0.6165009370133483,0.6165009370133483,0.0
ER(0.25),12,30,20281841,14,0.7508699068621816,0.7442748406812034,0.5076269715695504,0.48878529312660446,0.0,0.848821763321378,0.8165370464412189,0.52880347950721,0.52880347950721,0.0
ER(0.25),14,1,20282012,22,0.7957785854954411,0.7804944665150625,0.5890707781582584,0.6077672627584758,0.00875,0.8890052149788955,0.8462573136618566,0.6027232122972518,0.6027232122972518,0.0
ER(0.25),14,2,20282013,24,0.7638638083489783,0.7524889900500297,0.5879303027621207,0.5563224838715077,0.025625,0.87504640352872,0.8305022748314996,0.5924597910465071,0.5924597910465071,0.0
ER(0.25),14,3,20282014,23,0.7525421791405413,0.7455125078019654,0.5724433352523715,0.5245932033786432,0.015,0.87544248068385,0.8254011286835757,0.5694729109905243,0.5694729109905243,0.0
ER(0.25),14,4,20282015,23,0.7633226081124465,0.7572079800958582,0.5731745948308058,0.5331254525720783,0.015,0.8716409334939794,0.82728838895144,0.5699838002569473,0.5699838002569473,0.0
ER(0.25),14,5,20282016,26,0.8101563370657182,0.7943350534686437,0.6284507937587781,0.5895226334602011,0.06125,0.9143320373505255,0.8740081566284935,0.647252086616987,0.647252086616987,0.0
ER(0.25),14,6,20282017,24,0.7982546435558324,0.7849150748904703,0.5936762214275932,0.5505341329297773,0.025625,0.89398655628628,0.8652311439036979,0.6220389995948079,0.6220389995948079,0.0
ER(0.25),14,7,20282018,18,0.7773433937794283,0.7630326859935802,0.5465534173872205,0.5465534173872205,0.0,0.8826676273548789,0.8447448100453329,0.5900167857258783,0.5900167857258783,0.0
ER(0.25),14,8,20282019,24,0.7320142400143693,0.7218931429357272,0.5399845744557888,0.5006086348472779,0.025625,0.8421639814824831,0.8049247219490842,0.5646075518577063,0.5646075518577063,0.0
ER(0.25),14,9,20282020,18,0.8109788995180817,0.8028672740384217,0.5821844724624073,0.5821844724624073,0.0,0.9059638540329176,0.8671574687404842,0.5940779575220646,0.5940779575220646,0.0
ER(0.25),14,10,20282021,22,0.7587223744972146,0.7511272252131228,0.5531978375953498,0.5888994087862179,0.00875,0.8711163397266019,0.8321817105738099,0.5732583706600914,0.5732583706600914,0.0
ER(0.25),14,11,20282022,24,0.8114138846767143,0.784024249848967,0.6349961444151515,0.601975461276461,0.025625,0.8948110957158958,0.8654837447336052,0.6514722320397899,0.6514722320397899,0.0
ER(0.25),14,12,20282023,21,0.7910383490973726,0.7721672900129702,0.6081568155602307,0.6053652120985699,0.003125,0.8864787116138544,0.8531102368942344,0.606644209769181,0.606644209769181,0.0
ER(0.25),14,13,20282024,18,0.8148035476800288,0.804264179552738,0.5821844724624071,0.5821844724624071,0.0,0.9092009785444956,0.8738698942192935,0.5938028347141352,0.5938028347141352,0.0
ER(0.25),14,14,20282025,20,0.775506052818805,0.7652364848069287,0.5709426495649972,0.5626168501720962,0.0,0.8738813223527024,0.844067856104094,0.5809452930110452,0.5809452930110452,0.0
ER(0.25),14,15,20282026,27,0.7911158467839705,0.7817115774065267,0.4890273510849138,0.5635323639053497,0.0875,0.8869691101620887,0.8429727238707017,0.611471913015776,0.611471913015776,0.0
ER(0.25),14,16,20282027,18,0.7662810322363525,0.7578418077521136,0.5374469144002599,0.5374469144002599,0.0,0.8775029262282559,0.8328123979466815,0.5568475098502959,0.5568475098502959,0.0
ER(0.25),14,17,20282028,25,0.8054879545020768,0.7955163521554954,0.6225628707477011,0.5792066346365891,0.0375,0.9164506420791984,0.8721591343474128,0.6227621236306213,0.6227621236306213,0.0
ER(0.25),14,18,20282029,18,0.7714573460213825,0.7655804285159507,0.5374469144002598,0.5374469144002598,0.0,0.8812073944935332,0.8342017824289369,0.5579102826382315,0.5579102826382315,0.0
ER(0.25),14,19,20282030,24,0.7801398830574959,0.7713727982329385,0.5738033117898176,0.5361306747128077,0.025625,0.8830530017939646,0.8520114344720653,0.5935406288480232,0.5935406288480232,0.0
ER(0.25),14,20,20282031,26,0.8172061613224939,0.7987215999269108,0.6215342864765118,0.5669395987038195,0.06125,0.8959769271934203,0.8575340815012076,0.6471436485829246,0.6471436485829246,0.0
ER(0.25),14,21,20282032,20,0.7089759179614354,0.7043357681176544,0.521158334080789,0.5174456232207021,0.0,0.8437982370771806,0.7775752933984048,0.5223361101656233,0.5223361101656233,0.0
ER(0.25),14,22,20282033,24,0.8094831974265501,0.7981832540639445,0.5908776495253951,0.5634485161937905,0.025625,0.9250816267459105,0.8834341488829376,0.6241777845730855,0.6241777845730855,0.0
ER(0.25),14,23,20282034,18,0.7574565161751551,0.7497463099299042,0.5457979429335068,0.5457979429335068,0.0,0.8845299512580533,0.828247160055281,0.5570928677480669,0.5570928677480669,0.0
ER(0.25),14,24,20282035,26,0.8015942332826318,0.791156329043707,0.5984202954577678,0.5502666513318886,0.06125,0.898937583710478,0.8541387535462258,0.6168392600257339,0.6168392600257339,0.0
ER(0.25),14,25,20282036,22,0.7665099199042766,0.7500294283072362,0.5883935714170598,0.6210922046071273,0.00875,0.8748357419260941,0.834257695686238,0.6015911747981836,0.6015911747981836,0.0
ER(0.25),14,26,20282037,21,0.779125230565207,0.7719611071864345,0.5775195878742859,0.5749200610744735,0.003125,0.8926398272434564,0.844631310378127,0.5779116436285301,0.5779116436285301,0.0
ER(0.25),14,27,20282038,22,0.7703402909227876,0.7641534036191647,0.5635382099792382,0.5831280888866676,0.00875,0.8681251249669613,0.8358299197900403,0.5738772391616284,0.5738772391616284,0.0
ER(0.25),14,28,20282039,31,0.7960529957943668,0.7798001928880213,0.6019862666394399,0.6604832475445436,0.193125,0.889268313272887,0.831367632868246,0.6429481955201483,0.6429481955201483,0.0
ER(0.25),14,29,20282040,20,0.7746392021282071,0.7611193437840034,0.5709426495649974,0.5636645423152404,0.0,0.8723113019703492,0.8429228388758676,0.5806557406064279,0.5806557406064279,0.0
ER(0.25),14,30,20282041,19,0.7503931185978867,0.743029169789506,0.5509637378510622,0.5509637378510622,0.0,0.8598524165991387,0.8144719906736784,0.5534355012288823,0.5534355012288823,0.0
BA(k=2),12,1,20291812,20,0.7554036783908936,0.7451758599414118,0.4924193754451211,0.582809908650228,0.12625,0.8681106729087494,0.827103078023805,0.5806605377300668,0.5806605377300668,0.0
BA(k=2),12,2,20291813,20,0.8520181839456353,0.835762257908901,0.541752899167125,0.656535380979342,0.12625,0.9270552008057835,0.8887083826899252,0.6562506459696086,0.6562506459696086,0.0
BA(k=2),12,3,20291814,20,0.8458511257869368,0.8319500354542969,0.5421862092553712,0.6509720749795075,0.12625,0.9360655515788486,0.9085698614574385,0.6570992275597048,0.6570992275597048,0.0
BA(k=2),12,4,20291815,20,0.8452117861939167,0.8306494907148927,0.5490531627724409,0.6584619287490363,0.12625,0.9323231337101671,0.9045953589579742,0.6560832505774852,0.6560832505774852,0.0
BA(k=2),12,5,20291816,20,0.7540215045091953,0.7458220193991124,0.49878340950499167,0.5933241851356271,0.12625,0.8651650298693871,0.8365158368889183,0.581760923021764,0.581760923021764,0.0
BA(k=2),12,6,20291817,20,0.7654770406945841,0.7539849704831141,0.47654184657947357,0.5734654167885727,0.12625,0.8779138449058124,0.8238570804374283,0.5809693129966087,0.5809693129966087,0.0
BA(k=2),12,7,20291818,20,0.8372160244161473,0.8215284477388619,0.5547771547426381,0.6655405860292539,0.12625,0.9203710788109223,0.8919367447358201,0.6550823009576151,0.6550823009576151,0.0
BA(k=2),12,8,20291819,20,0.7413666677394659,0.7269838947089589,0.47205465727417084,0.5751802993221192,0.12625,0.8532631519952822,0.8060254472985958,0.5778342530871159,0.5778342530871159,0.0
BA(k=2),12,9,20291820,20,0.7850873426187575,0.7701758617672179,0.4995286217037213,0.6050169812277495,0.12625,0.8712113467897167,0.8422700367238847,0.614174280476353,0.614174280476353,0.0
BA(k=2),12,10,20291821,20,0.7601335290854132,0.7485311906183424,0.4875100501406841,0.5806126847553357,0.12625,0.8631346818240334,0.8177935927304479,0.5802886292192694,0.5802886292192694,0.0
BA(k=2),12,11,20291822,20,0.7912297825848025,0.7779448458573773,0.5224493920652151,0.6236007791540653,0.12625,0.8892868470243307,0.857691922004892,0.6151966138100122,0.6151966138100122,0.0
BA(k=2),12,12,20291823,20,0.7544198975117424,0.7420222201162848,0.47956338469677673,0.5732487146173635,0.12625,0.8564560212667272,0.8133452865718546,0.5794966879682262,0.5794966879682262,0.0
BA(k=2),12,13,20291824,20,0.8488607960290409,0.8335357545733145,0.5328617738346024,0.6470814686247824,0.12625,0.9458212164312645,0.9106977877518488,0.6566963336753451,0.6566963336753451,0.0
BA(k=2),12,14,20291825,20,0.8018002353029288,0.7889308753304456,0.5226894900860063,0.6245704607611385,0.12625,0.8943313573268938,0.8615377047949373,0.6158425148463174,0.6158425148463174,0.0
BA(k=2),12,15,20291826,20,0.8146324333973225,0.8031742836051814,0.5207580749639326,0.622516048324022,0.12625,0.8994016161408588,0.8625247131434739,0.6173294591924038,0.6173294591924038,0.0
BA(k=2),12,16,20291827,20,0.8050808713447742,0.7937887018236462,0.5250963561323452,0.6251150532285048,0.12625,0.9141659210964801,0.8775065240859125,0.6168288262810314,0.6168288262810314,0.0
BA(k=2),12,17,20291828,20,0.8019519908855199,0.7916244438316814,0.5333599635283326,0.6291649666195314,0.12625,0.9062946643967271,0.8748542182683317,0.6170292144830821,0.6170292144830821,0.0
BA(k=2),12,18,20291829,20,0.7153977693635301,0.7060561570904994,0.47066107966286796,0.5586201403528896,0.12625,0.8512317704827235,0.7917371142775664,0.5483651139414392,0.5483651139414392,0.0
BA(k=2),12,19,20291830,20,0.7770631534974233,0.7704830199958432,0.505516961356124,0.5924001963763637,0.12625,0.8940349389212898,0.850535948645386,0.5832351972749854,0.5832351972749854,0.0
BA(k=2),12,20,20291831,20,0.8051611337375453,0.7927552843080918,0.5176610351338835,0.6205605818953484,0.12625,0.892898076987255,0.8583320794860549,0.6164734123994189,0.6164734123994189,0.0
BA(k=2),12,21,20291832,20,0.7622267628283369,0.75288439079086,0.4965200237944311,0.5890630765465706,0.12625,0.8598905634617011,0.8279633134579667,0.581350634990823,0.581350634990823,0.0
BA(k=2),12,22,20291833,20,0.7519484817209043,0.7401099206001608,0.48506440655954675,0.5809941957046942,0.12625,0.857969608470094,0.8166935333421024,0.5795817323441945,0.5795817323441945,0.0
BA(k=2),12,23,20291834,20,0.811596297226683,0.8008192205412807,0.5199114585021454,0.617679919670495,0.12625,0.9068605498086333,0.8720717839056012,0.6175067675374852,0.6175067675374852,0.0
BA(k=2),12,24,20291835,20,0.7553654872108355,0.7426797875089207,0.49452135355474713,0.587563579672595,0.12625,0.8680697672471341,0.8171257167662924,0.5793946879946706,0.5793946879946706,0.0
BA(k=2),12,25,20291836,20,0.7721593617245346,0.763769600188326,0.49966532076116765,0.5889870540706806,0.12625,0.8798390544219682,0.8398768042972418,0.5822392932602286,0.5822392932602286,0.0
BA(k=2),12,26,20291837,20,0.7793930874198348,0.761497112211085,0.5063200614588901,0.6122727829712935,0.12625,0.8629393471241849,0.8296925135812644,0.6130055901226485,0.6130055901226485,0.0
BA(k=2),12,27,20291838,20,0.7352037999679837,0.7287974608147507,0.477128731686556,0.5586966518769471,0.12625,0.8654134471005803,0.80607854719884,0.5507321833148588,0.5507321833148588,0.0
BA(k=2),12,28,20291839,20,0.7542825929686673,0.7448499463479379,0.5025179334233497,0.5925756175957114,0.12625,0.8971605352103164,0.8400832941863496,0.5807861520480576,0.5807861520480576,0.0
BA(k=2),12,29,20291840,20,0.8367603462373261,0.820656691865863,0.5478891571869032,0.6574357050755621,0.12625,0.9353445963803632,0.9019066482275045,0.6550830183606178,0.6550830183606178,0.0
BA(k=2),12,30,20291841,20,0.8078381247560663,0.7941272580033818,0.5075882721470448,0.6108529246313751,0.12625,0.9098199758142005,0.8614791160043347,0.6162460911666112,0.6162460911666112,0.0
BA(k=2),14,1,20292012,24,0.7747305186379442,0.7652112810258966,0.5654921696108053,0.5233039699639725,0.025625,0.8785644109031022,0.8456650026308962,0.5928622103651812,0.5928622103651812,0.0
BA(k=2),14,2,20292013,24,0.7608006473475826,0.7522500642968238,0.5587107658299443,0.5135279345042264,0.025625,0.8682620925069404,0.8310948986881165,0.592788791131647,0.592788791131647,0.0
BA(k=2),14,3,20292014,24,0.8037161609632646,0.7896182923990248,0.5899886430101315,0.54000598893266,0.025625,0.8908102778347229,0.8630345736409428,0.6215172936452081,0.6215172936452081,0.0
BA(k=2),14,4,20292015,24,0.803382790245896,0.7889617552474042,0.5905561234614218,0.5367058903694834,0.025625,0.8952901164280254,0.867004289903818,0.6215209207255188,0.6215209207255188,0.0
BA(k=2),14,5,20292016,24,0.8171842408704838,0.8074814152591874,0.6011111164359795,0.5551137279388677,0.025625,0.9167197022997023,0.8863110280098799,0.6241158794562286,0.6241158794562286,0.0
BA(k=2),14,6,20292017,24,0.7346726044632894,0.7245652803247954,0.5426334747946664,0.500931113322166,0.025625,0.8395050611495798,0.7993196138684604,0.563841998493855,0.563841998493855,0.0
BA(k=2),14,7,20292018,24,0.7736946140125314,0.7636494674386263,0.5709829150142314,0.5274932315304679,0.025625,0.8803026778236427,0.8477234250652902,0.5922573531119181,0.5922573531119181,0.0
BA(k=2),14,8,20292019,24,0.8029072184448939,0.7880733421390486,0.5974335987951073,0.5469188518693587,0.025625,0.8933694382408652,0.8658818082036405,0.6214056162165554,0.6214056162165554,0.0
BA(k=2),14,9,20292020,24,0.7761514958852171,0.7671207864378495,0.5713150457112119,0.528339617475941,0.025625,0.8669933378604263,0.8410577176124375,0.5929933540759237,0.5929933540759237,0.0
BA(k=2),14,10,20292021,24,0.7998865891148171,0.7867623544327329,0.5907191553603786,0.5422741783339946,0.025625,0.8916383925551862,0.8644748015428547,0.6218605603216454,0.6218605603216454,0.0
BA(k=2),14,11,20292022,24,0.8264984607682229,0.8097748249105619,0.6171614196226494,0.5665174523163827,0.025625,0.9039716912551581,0.8839764438840911,0.6541152359140128,0.6541152359140128,0.0
BA(k=2),14,12,20292023,24,0.804459694810998,0.7936164349822613,0.595299249051036,0.5459944496123385,0.025625,0.9065919191113139,0.8770225347915297,0.6228725220447365,0.6228725220447365,0.0
BA(k=2),14,13,20292024,24,0.7732959154497683,0.7625762429723366,0.5674914111024723,0.5228139995774714,0.025625,0.867453022745672,0.8380820937982044,0.5920196831720573,0.5920196831720573,0.0
BA(k=2),14,14,20292025,24,0.7538717951127663,0.7418540707450418,0.5626095473010011,0.5182591400016152,0.025625,0.8462425282461901,0.8211539459918396,0.5903035634619922,0.5903035634619922,0.0
BA(k=2),14,15,20292026,24,0.8152672176576377,0.805160001505875,0.5995712356742561,0.5544842657395037,0.025625,0.9173164959907222,0.8874071468003313,0.624043685679197,0.624043685679197,0.0
BA(k=2),14,16,20292027,24,0.7675666758051973,0.7570356900891284,0.5679009172904905,0.5230781421137106,0.025625,0.8699091039888817,0.8385116098366343,0.591655054927215,0.591655054927215,0.0
BA(k=2),14,17,20292028,24,0.8122401701319927,0.8006631306656523,0.5996893790622169,0.5502742647334073,0.025625,0.9099436970017245,0.8819510546451458,0.6231354358928063,0.6231354358928063,0.0
BA(k=2),14,18,20292029,24,0.7637744494571201,0.7510378117134389,0.5589146918452432,0.5106920741468999,0.025625,0.8482252235756331,0.8215666713236477,0.5905956310772122,0.5905956310772122,0.0
BA(k=2),14,19,20292030,24,0.7377497770660274,0.7285047179360359,0.5446005368574589,0.5032954199193929,0.025625,0.848222483367736,0.8077743892042308,0.5645348230372857,0.5645348230372857,0.0
BA(k=2),14,20,20292031,24,0.8031633343775224,0.7893213524311482,0.5942229762584714,0.5431305902383571,0.025625,0.8948571502859783,0.8672196682026939,0.621598981594872,0.621598981594872,0.0
BA(k=2),14,21,20292032,24,0.7674867618727571,0.7564692558006262,0.5633852891971094,0.5172890596618902,0.025625,0.875384380134982,0.8359133810963162,0.5914664987487203,0.5914664987487203,0.0
BA(k=2),14,22,20292033,24,0.8268003892860533,0.8195595285643912,0.602969502392838,0.5599447879848514,0.025625,0.9293893042854061,0.89798345794818,0.6257212086230249,0.6257212086230249,0.0
BA(k=2),14,23,20292034,24,0.7693310198885974,0.7584836618201568,0.5595155532405072,0.5126248020018734,0.025625,0.8646710684793295,0.8355620196739277,0.5921006492194494,0.5921006492194494,0.0
BA(k=2),14,24,20292035,24,0.7771184143023839,0.7685029631701648,0.5659252449142004,0.522164482430951,0.025625,0.8831411777056315,0.8483864488137751,0.5935856676351697,0.5935856676351697,0.0
BA(k=2),14,25,20292036,24,0.80947260932223,0.7971434309468527,0.5923587688089932,0.5411504275741076,0.025625,0.9063247857816459,0.8731262599610958,0.6230893507886335,0.6230893507886335,0.0
BA(k=2),14,26,20292037,24,0.7408670558833345,0.7343236603519453,0.5430973138823283,0.5068404905825867,0.025625,0.8662146521881983,0.8225018944923439,0.5657684939074609,0.5657684939074609,0.0
BA(k=2),14,27,20292038,24,0.8153525918696446,0.8039845024635068,0.6025846719491172,0.5563947572446043,0.025625,0.9090279928270996,0.8812952166717118,0.6231505642765816,0.6231505642765816,0.0
BA(k=2),14,28,20292039,24,0.7998573452291534,0.7869790819108904,0.5929614136272395,0.5436598453656238,0.025625,0.8935035882911374,0.8653189886323646,0.621876537826538,0.621876537826538,0.0
BA(k=2),14,29,20292040,24,0.7991613943767994,0.787683958138628,0.5939456827158915,0.547597729646037,0.025625,0.8939187741781134,0.8697534036598554,0.6221291772457341,0.6221291772457341,0.0
BA(k=2),14,30,20292041,24,0.7903683359183203,0.7745785544632076,0.5917646402906885,0.5409594687715057,0.025625,0.8722398861236281,0.8468784168556128,0.6202055785607614,0.6202055785607614,0.0
BA(k=4),12,1,20301812,32,0.7588818141540582,0.747865628259394,0.734069677775492,0.747865628259394,0.89125,0.8545147765384286,0.764416837895989,0.7729197619930597,0.846553531747557,0.4931640625
BA(k=4),12,2,20301813,32,0.7802359456218012,0.7703993303707275,0.7504449969921317,0.7703993303707275,0.89125,0.8773474476415123,0.7879017366599405,0.7876273862249997,0.8679103412340495,0.4931640625
BA(k=4),12,3,20301814,32,0.7847954704926309,0.7741312946069728,0.7564064605914357,0.7741312946069728,0.89125,0.8703278910867646,0.784379869472127,0.8011268564906153,0.8536405273460871,0.4931640625
BA(k=4),12,4,20301815,32,0.790761494214342,0.7798861939273575,0.766343858409031,0.7798861939273575,0.89125,0.8914248948242672,0.8075627984113666,0.8014238769153987,0.881996202158029,0.4931640625
BA(k=4),12,5,20301816,32,0.7978343215294698,0.785344577917841,0.7751098718867148,0.785344577917841,0.89125,0.897432346184834,0.8085697740003126,0.8127749033856165,0.890560529371483,0.4931640625
BA(k=4),12,6,20301817,32,0.7846015330589692,0.7740693924183173,0.7557995284112105,0.7740693924183173,0.89125,0.8691116521306506,0.784739326356784,0.7967057953255606,0.8543745395276184,0.4931640625
BA(k=4),12,7,20301818,32,0.7919103693167523,0.7803506484892891,0.7676058155933289,0.7803506484892891,0.89125,0.8963436911678319,0.8045640591881499,0.8115206147193216,0.8877383757447573,0.4931640625
BA(k=4),12,8,20301819,32,0.817060732386073,0.8061001297757657,0.7862497514226886,0.8061001297757657,0.89125,0.9046805075370947,0.8181252538327207,0.8263698980215801,0.8859276215192456,0.4931640625
BA(k=4),12,9,20301820,32,0.7830831049152849,0.7725026768821964,0.7529649472498091,0.7725026768821964,0.89125,0.8638693872603794,0.7805321367089647,0.7950916069686076,0.8460242854418826,0.4931640625
BA(k=4),12,10,20301821,32,0.7951701850644882,0.7832697348595782,0.771910859148023,0.7832697348595782,0.89125,0.8847307314350695,0.8032629439856954,0.8095980702278037,0.8677530108342421,0.4931640625
BA(k=4),12,11,20301822,32,0.8130093365798857,0.8024339808950047,0.7797736748068742,0.8024339808950047,0.89125,0.8958741355749898,0.8103423871042387,0.8133117433307394,0.8739527989130612,0.4931640625
BA(k=4),12,12,20301823,32,0.7921893411033544,0.7805037026279832,0.7667997429352034,0.7805037026279832,0.89125,0.876708111533885,0.7944419031237892,0.8092227406399545,0.860685074769559,0.4931640625
BA(k=4),12,13,20301824,32,0.8514040541966298,0.8393756775870455,0.8138859928714569,0.8393756775870455,0.89125,0.911271328513163,0.8271806636084809,0.8500954314221741,0.8749244088834561,0.4931640625
BA(k=4),12,14,20301825,32,0.8515611527532033,0.840487874518552,0.8153120223910988,0.840487874518552,0.89125,0.923810563155903,0.8379415210636594,0.851317561411524,0.8870444720355121,0.4931640625
BA(k=4),12,15,20301826,32,0.8151212447103448,0.8043697116207223,0.7830832639244406,0.8043697116207223,0.89125,0.9052002474972135,0.8168677662593925,0.8234952185567572,0.8906371081050517,0.4931640625
BA(k=4),12,16,20301827,32,0.8511128909850038,0.8403113626724469,0.8170286521301904,0.8403113626724469,0.89125,0.9369259919547843,0.8506674826854234,0.8511050504820097,0.9129082813043542,0.4931640625
BA(k=4),12,17,20301828,32,0.853465023563709,0.8413773647414948,0.8195918850433676,0.8413773647414948,0.89125,0.9327993490687728,0.8455904198522938,0.8608276989962238,0.9016547707855075,0.4931640625
BA(k=4),12,18,20301829,32,0.8149149964818,0.8042927059809454,0.7826686084701925,0.8042927059809454,0.89125,0.9047880003518839,0.8157357526698672,0.826643857643348,0.8833276149950965,0.4931640625
BA(k=4),12,19,20301830,32,0.7959200420459484,0.783629999183348,0.774098682497724,0.783629999183348,0.89125,0.9106677723980963,0.8177348144500088,0.8161825993112073,0.904657489754849,0.4931640625
BA(k=4),12,20,20301831,32,0.8188849294332706,0.8077144221915159,0.7885804698205962,0.8077144221915159,0.89125,0.8921701602699749,0.8133478832350348,0.8230566452565083,0.8611004095187486,0.4931640625
BA(k=4),12,21,20301832,32,0.8467913089531358,0.8355190629155693,0.8084340348359432,0.8355190629155693,0.89125,0.9198775001165148,0.8322355396174976,0.8470791123127597,0.8894468038915143,0.4931640625
BA(k=4),12,22,20301833,32,0.7851979485009544,0.7751860722126439,0.757994313452795,0.7751860722126439,0.89125,0.8887653282017344,0.7963259133673519,0.7998500825658423,0.8791596664068851,0.4931640625
BA(k=4),12,23,20301834,32,0.8154042129951499,0.804379182825423,0.7833123852803171,0.804379182825423,0.89125,0.8920262303131269,0.8090387145643262,0.8193661733326636,0.8585645320148845,0.4931640625
BA(k=4),12,24,20301835,32,0.8220716977966325,0.8109807600286081,0.7917385266648576,0.8109807600286081,0.89125,0.905046033339948,0.8166531843922695,0.8360305586748017,0.8889809644314974,0.4931640625
BA(k=4),12,25,20301836,32,0.8215977841271276,0.810701970771882,0.7923519404949417,0.810701970771882,0.89125,0.8959133657500336,0.8149870536805288,0.8240347889272641,0.8674505933532385,0.4931640625
BA(k=4),12,26,20301837,32,0.8189005091883608,0.8077276020941112,0.7875101888008824,0.8077276020941112,0.89125,0.8953631635287495,0.810452611589439,0.8267494288046586,0.8671146783680292,0.4931640625
BA(k=4),12,27,20301838,32,0.8131873059919086,0.8025224839543307,0.778848729140078,0.8025224839543307,0.89125,0.8942978795782274,0.8058538713593691,0.8210785554419759,0.8705638567656623,0.4931640625
BA(k=4),12,28,20301839,32,0.8095218671737486,0.7990526390365763,0.7742342726913228,0.7990526390365763,0.89125,0.8903172330338565,0.805446336407659,0.8083498167482865,0.8679970871846843,0.4931640625
BA(k=4),12,29,20301840,32,0.8311334738646302,0.8180867723747742,0.8061618113313888,0.8180867723747742,0.89125,0.9201775415803498,0.8353331193809904,0.8491138951029417,0.9063054507506452,0.4931640625
BA(k=4),12,30,20301841,32,0.7640125544458456,0.7523545070566016,0.7414169506642316,0.7523545070566016,0.89125,0.8598898275863108,0.7749002580294493,0.781480727539313,0.8499975137784602,0.4931640625
BA(k=4),14,1,20302012,40,0.8408245738361163,0.8276605622144115,0.7240960986567403,0.7945194834897702,0.5375,0.9296976745738644,0.8612522737664141,0.7073742179907975,0.6794498460469729,0.020263671875
BA(k=4),14,2,20302013,40,0.8114102791842809,0.7991129700872819,0.7037177809563325,0.76837623839007,0.5375,0.8982918641447273,0.8363128305106615,0.676717521380135,0.6476093048986731,0.020263671875
BA(k=4),14,3,20302014,40,0.8066305944403441,0.7928292239104394,0.6994267306522851,0.7665715992925615,0.5375,0.888980016138774,0.826084506574862,0.6844284512566268,0.6431962500013151,0.020263671875
BA(k=4),14,4,20302015,40,0.8370296059342613,0.8234248567198227,0.7221585037546758,0.7922657612345052,0.5375,0.922880896834707,0.8583188235553428,0.7047557994850818,0.6690370611148656,0.020263671875
BA(k=4),14,5,20302016,40,0.8372756327720092,0.8233624697989477,0.7207157308094553,0.7913709734287642,0.5375,0.9204886247277783,0.853079413690949,0.7009555113335697,0.6645377532902755,0.020263671875
BA(k=4),14,6,20302017,40,0.801958063263584,0.7941787756279074,0.700303754752211,0.760976975886818,0.5375,0.901342162886445,0.8394185419517506,0.666154545391408,0.6431673969902365,0.020263671875
BA(k=4),14,7,20302018,40,0.8319349924640519,0.8162685267819823,0.7155121829467975,0.7852943839131826,0.5375,0.9178620394213123,0.8513511096390207,0.7049591023983391,0.6744137027048372,0.020263671875
BA(k=4),14,8,20302019,40,0.830593175600009,0.8133598521986342,0.704143518813332,0.7784102160137033,0.5375,0.9080447566508669,0.8387785103534784,0.699434999553724,0.6684798426417741,0.020263671875
BA(k=4),14,9,20302020,40,0.7802197921509247,0.7672182831075841,0.6753484829684387,0.7407848602525445,0.5375,0.8691848292374423,0.8026122925203926,0.6664227616301841,0.6464565206187937,0.020263671875
BA(k=4),14,10,20302021,40,0.7891657204400447,0.7783992721085408,0.6824478845986047,0.7461590776089599,0.5375,0.8886648839082347,0.8218626143281818,0.6621518840268517,0.6407897345077205,0.020263671875
BA(k=4),14,11,20302022,40,0.8375632411452322,0.8238670241989299,0.7246423540797041,0.7945322060421428,0.5375,0.9200556677787928,0.8542504580534436,0.7049113687051464,0.6679321472692777,0.020263671875
BA(k=4),14,12,20302023,40,0.8103730529096428,0.7975937285106602,0.7012898339569091,0.7685539750447862,0.5375,0.8973427633839643,0.8360995193890328,0.6877923023720973,0.6561640283546031,0.020263671875
BA(k=4),14,13,20302024,40,0.8473468234631805,0.8352312825047868,0.7297994745649997,0.8010620365006293,0.5375,0.9251269217717498,0.8570094393936741,0.7052784761032448,0.6522593777078705,0.020263671875
BA(k=4),14,14,20302025,40,0.8161604502067575,0.8043193795701196,0.7017244570772732,0.7706629676493656,0.5375,0.9031265360264152,0.8361099105170158,0.6840904106099546,0.6534563680866019,0.020263671875
BA(k=4),14,15,20302026,40,0.8092275493787602,0.7958974621516562,0.6992023444345885,0.7672539919018443,0.5375,0.8953955317366558,0.8289496679736552,0.686189365400087,0.6570863111299041,0.020263671875
BA(k=4),14,16,20302027,40,0.8364112856817403,0.8223651577003253,0.7219478681587014,0.7921499288410304,0.5375,0.9172327434420582,0.8516281532378189,0.7087204148725469,0.6693391274063958,0.020263671875
BA(k=4),14,17,20302028,40,0.7868895139554676,0.7761120427207014,0.6811219636390379,0.7432615485917391,0.5375,0.8840354715296852,0.8194715383839508,0.6609039731884683,0.6459219395372516,0.020263671875
BA(k=4),14,18,20302029,40,0.8129812127061646,0.8010941001649694,0.7016316850655075,0.7681317933628387,0.5375,0.9130642846015758,0.8418380221458565,0.6839744730720863,0.6650389076010407,0.020263671875
BA(k=4),14,19,20302030,40,0.8377071284887777,0.8234150070834965,0.7151324094721198,0.7894801874669576,0.5375,0.9199647663386635,0.8497470388330812,0.7093724410056471,0.6683526175562099,0.020263671875
BA(k=4),14,20,20302031,40,0.7913300730146012,0.7808562736684986,0.6861347890929089,0.7497774537587032,0.5375,0.8810128318513328,0.817254282524024,0.6616980191251716,0.6434508794034326,0.020263671875
BA(k=4),14,21,20302032,40,0.8235934363100157,0.8138414275475568,0.7154904713320221,0.7808010320862357,0.5375,0.918682654478778,0.8527875142968069,0.6879275585737411,0.6613774670928182,0.020263671875
BA(k=4),14,22,20302033,40,0.7764191281883494,0.7625581089452651,0.6697388811838736,0.7339870322590838,0.5375,0.8613543189388466,0.799335773684498,0.6566492384787099,0.6431538004928121,0.020263671875
BA(k=4),14,23,20302034,40,0.8121833297721119,0.7998604996310301,0.7041313029198845,0.7703180503906831,0.5375,0.900787166335933,0.8392486529815306,0.6840520319644495,0.6555965594338109,0.020263671875
BA(k=4),14,24,20302035,40,0.8148116583454231,0.8025099722445048,0.7004359527905791,0.7695017198822937,0.5375,0.9030041177508772,0.8328061440791249,0.6899247369318806,0.6586042600271875,0.020263671875
BA(k=4),14,25,20302036,40,0.7596960433088001,0.7481402693499889,0.6605433307493145,0.7221736950021244,0.5375,0.863483094831872,0.7921610464007331,0.6448112935743469,0.626561327796291,0.020263671875
BA(k=4),14,26,20302037,40,0.8397536482824935,0.8267365061876052,0.7263864073271986,0.7959082294338771,0.5375,0.9247169707682611,0.859857108527366,0.711901852546695,0.6708487916931174,0.020263671875
BA(k=4),14,27,20302038,40,0.8169626008620497,0.8055326131799053,0.7059822288146677,0.7732577307159019,0.5375,0.8985552549508117,0.8334453088795732,0.6855274315169607,0.6484838709969111,0.020263671875
BA(k=4),14,28,20302039,40,0.7853670561984845,0.7739229619197668,0.6836869913605682,0.746160342723294,0.5375,0.8807929737295245,0.8150185709955913,0.665105813079478,0.6472879368323762,0.020263671875
BA(k=4),14,29,20302040,40,0.8479061487106987,0.8362096252424479,0.7297001824592745,0.8008370517838209,0.5375,0.9236486228063071,0.8581574585773082,0.7073813253067159,0.6512415700844552,0.020263671875
BA(k=4),14,30,20302041,40,0.8325964018784902,0.81735475070783,0.7171040693084579,0.7866827670061662,0.5375,0.9176202031499388,0.8512464124973995,0.7052836251986171,0.6754029482272647,0.020263671875
WS(k=4;b=0.1),12,1,20311812,24,0.8331721967129133,0.8244397381232393,0.6881555023086162,0.6950382669084514,0.276875,0.907037977168408,0.8531456504422336,0.6426755954434379,0.6426755954434379,0.0
WS(k=4;b=0.1),12,2,20311813,24,0.8278056529669657,0.8177312757755394,0.6808976421836136,0.6869034859816596,0.276875,0.9045926494024725,0.8519405075101728,0.6416604452526764,0.6416604452526764,0.0
WS(k=4;b=0.1),12,3,20311814,24,0.8326406581914525,0.8242518139600616,0.6866482236038071,0.693811620709114,0.276875,0.9240275534493629,0.8687562225274531,0.643320698278864,0.643320698278864,0.0
WS(k=4;b=0.1),12,4,20311815,24,0.877542022811397,0.8659109846193856,0.7231316529575603,0.7279918057882983,0.276875,0.9564687492147416,0.8962544198434231,0.6774609483101989,0.6774609483101989,0.0
WS(k=4;b=0.1),12,5,20311816,24,0.7860667889673304,0.7763580144401816,0.647150425814973,0.6536747506809025,0.276875,0.865869004730382,0.808401525247934,0.6068083069829443,0.6068083069829443,0.0
WS(k=4;b=0.1),12,6,20311817,24,0.8253460654460295,0.8125230644757043,0.6809219525690627,0.6843085260795024,0.276875,0.8930330764159867,0.8341982857826556,0.6373880473794752,0.6373880473794752,0.0
WS(k=4;b=0.1),12,7,20311818,24,0.8732466506507424,0.8603324606224046,0.7235388131772309,0.7280996376982098,0.276875,0.9450415198949609,0.8847828374031972,0.6753158555718248,0.6753158555718248,0.0
WS(k=4;b=0.1),12,8,20311819,24,0.836550476684804,0.8293086694359594,0.6880585115704281,0.6955696618874865,0.276875,0.9238609151749372,0.872185458629566,0.6450951890917133,0.6450951890917133,0.0
WS(k=4;b=0.1),12,9,20311820,24,0.7892591247663815,0.7806570774673891,0.6499163291701219,0.6558919307897225,0.276875,0.8715135147241828,0.8144553235329345,0.6086092387071353,0.6086092387071353,0.0
WS(k=4;b=0.1),12,10,20311821,24,0.8736044482649606,0.8605733644372594,0.7173170867849222,0.7224191866711192,0.276875,0.9433661283087801,0.8835330826866867,0.6755694691931879,0.6755694691931879,0.0
WS(k=4;b=0.1),12,11,20311822,24,0.8257488187061506,0.8140003322810688,0.6822331614554086,0.6873839603365696,0.276875,0.8960245327081441,0.8391408360948892,0.6384074770707218,0.6384074770707218,0.0
WS(k=4;b=0.1),12,12,20311823,24,0.8333311913899046,0.8240315925040632,0.6846721131568823,0.6906852658279219,0.276875,0.9191186724523798,0.8643808126964216,0.6426833206336419,0.6426833206336419,0.0
WS(k=4;b=0.1),12,13,20311824,24,0.835457512449292,0.8284408369631712,0.6927394224423085,0.7001374398334083,0.276875,0.9388967482368393,0.8799817400085178,0.645229825202161,0.645229825202161,0.0
WS(k=4;b=0.1),12,14,20311825,24,0.8373237543618424,0.8297858565182425,0.6865471934507918,0.6938736357021315,0.276875,0.932053418407252,0.8736647920589993,0.644543700870994,0.644543700870994,0.0
WS(k=4;b=0.1),12,15,20311826,24,0.7892591247663816,0.780657077467389,0.6499163291701219,0.6558919307897226,0.276875,0.8678591148644615,0.8163908741306425,0.6088395675734531,0.6088395675734531,0.0
WS(k=4;b=0.1),12,16,20311827,24,0.7890839588375899,0.7807064973898883,0.6520975764889755,0.6584573054922171,0.276875,0.8662717068630809,0.8145767161428485,0.608543745631013,0.608543745631013,0.0
WS(k=4;b=0.1),12,17,20311828,24,0.8253460654460295,0.8125230644757043,0.6809219525690627,0.6843085260795024,0.276875,0.8930330764159867,0.8341982857826556,0.6373880473794752,0.6373880473794752,0.0
WS(k=4;b=0.1),12,18,20311829,24,0.7930602349979538,0.7861354110524073,0.6521435494919781,0.6594159185454282,0.276875,0.8743205014262327,0.8215408090222865,0.6106299676225436,0.6106299676225436,0.0
WS(k=4;b=0.1),12,19,20311830,24,0.8253460654460295,0.8125230644757043,0.6809219525690627,0.6843085260795024,0.276875,0.8930330764159867,0.8341982857826556,0.6373880473794752,0.6373880473794752,0.0
WS(k=4;b=0.1),12,20,20311831,24,0.8331068539200693,0.8240269151044664,0.6860227919017954,0.6923303713891517,0.276875,0.9143665478970573,0.8595329077969063,0.6424459027460668,0.6424459027460668,0.0
WS(k=4;b=0.1),12,21,20311832,24,0.837099416892007,0.8297811791186458,0.6878978721957052,0.6955187412633617,0.276875,0.9250496562758256,0.8688397065391751,0.6445201218613309,0.6445201218613309,0.0
WS(k=4;b=0.1),12,22,20311833,24,0.7928601245832495,0.7864507568984362,0.6510804738748163,0.6597641131391027,0.276875,0.9039700110755766,0.8390661719219232,0.6114718149775344,0.6114718149775344,0.0
WS(k=4;b=0.1),12,23,20311834,24,0.8251217279761942,0.8125183870761075,0.6822726313139759,0.6859536316407322,0.276875,0.8940048225806474,0.8350976978645047,0.6374912713262537,0.6374912713262537,0.0
WS(k=4;b=0.1),12,24,20311835,24,0.8363791395818367,0.8296398840001757,0.6905342276119253,0.6985941755204286,0.276875,0.9188730827667434,0.8669925273824789,0.6454453769287564,0.6454453769287564,0.0
WS(k=4;b=0.1),12,25,20311836,24,0.8354881353999213,0.82867437610204,0.6893008237623176,0.6967852137179311,0.276875,0.9158986887439919,0.865267542654169,0.6461948327151407,0.6461948327151407,0.0
WS(k=4;b=0.1),12,26,20311837,24,0.7572669803000611,0.752401668168568,0.6233269871167636,0.6319908892128809,0.276875,0.858620633960453,0.8027336244490823,0.5830292013760825,0.5830292013760825,0.0
WS(k=4;b=0.1),12,27,20311838,24,0.7968655557998736,0.7915598934942556,0.6534691128848983,0.6619330526566463,0.276875,0.8875575525434002,0.8344667902019061,0.6131471955155194,0.6131471955155194,0.0
WS(k=4;b=0.1),12,28,20311839,24,0.8285627997244269,0.8177964647661651,0.6836741654132559,0.6886615271600318,0.276875,0.9066353457788944,0.8504401531333126,0.6404318751145106,0.6404318751145106,0.0
WS(k=4;b=0.1),12,29,20311840,24,0.8005361879630678,0.7961760394707829,0.6569666543233667,0.6665603752393917,0.276875,0.8982201926927593,0.8492235027631179,0.616016056359741,0.616016056359741,0.0
WS(k=4;b=0.1),12,30,20311841,24,0.8373237543618424,0.8297858565182425,0.6865471934507918,0.6938736357021316,0.276875,0.9298806315929826,0.8711604819108378,0.6443403701105902,0.6443403701105902,0.0
WS(k=4;b=0.1),14,1,20312012,28,0.8385705101837899,0.8214836022796554,0.6621490627611388,0.6324670020189307,0.111875,0.926998277459826,0.8757458220848116,0.6638937847246098,0.6638937847246098,0.0
WS(k=4;b=0.1),14,2,20312013,28,0.8000631774775816,0.7826587055879127,0.6293318339261571,0.5986257114666732,0.111875,0.8981315911890886,0.8381653584803366,0.6337154186482756,0.6337154186482756,0.0
WS(k=4;b=0.1),14,3,20312014,28,0.8694595142796306,0.843284568098835,0.6874350016302713,0.6483088701561753,0.111875,0.9351560524287574,0.8799237036834808,0.6968112309235256,0.6968112309235256,0.0
WS(k=4;b=0.1),14,4,20312015,28,0.7938480009002998,0.7719076849734027,0.6117978305968919,0.5822286999033367,0.111875,0.8874504408712778,0.8213269014500933,0.6335483729200826,0.6335483729200826,0.0
WS(k=4;b=0.1),14,5,20312016,28,0.8350377242910925,0.8151723944027157,0.6588051866759344,0.6262017415650278,0.111875,0.918739170498305,0.8646266778136021,0.6638045421340686,0.6638045421340686,0.0
WS(k=4;b=0.1),14,6,20312017,28,0.8319981698523494,0.8092435795854633,0.6572392484142695,0.6221807290547743,0.111875,0.9042301654383084,0.8497641173431602,0.6637156660877492,0.6637156660877492,0.0
WS(k=4;b=0.1),14,7,20312018,28,0.8282808392012782,0.8030631968932583,0.6550573400956393,0.617630013977052,0.111875,0.9005702848672887,0.8419605806221507,0.6636286525411579,0.6636286525411579,0.0
WS(k=4;b=0.1),14,8,20312019,28,0.762654340286827,0.7446678923104494,0.5979445077437563,0.5694633811275824,0.111875,0.854567845572728,0.796846084545085,0.6060835414390359,0.6060835414390359,0.0
WS(k=4;b=0.1),14,9,20312020,28,0.8319981698523493,0.8092435795854633,0.6572392484142695,0.6221807290547744,0.111875,0.9141683587905662,0.8572210916635492,0.6637169429423551,0.6637169429423551,0.0
WS(k=4;b=0.1),14,10,20312021,28,0.8041256008435996,0.7888418399981731,0.630215025158357,0.6015918484802542,0.111875,0.900349385928467,0.845989730695782,0.6337997039531752,0.6337997039531752,0.0
WS(k=4;b=0.1),14,11,20312022,28,0.8276327460784817,0.8028609797137404,0.654261719287989,0.6172658427337306,0.111875,0.9071748020832653,0.8501620205675813,0.6636321103524117,0.6636321103524117,0.0
WS(k=4;b=0.1),14,12,20312023,28,0.8060834316676977,0.7934176314128124,0.6322628617328899,0.605914134663061,0.111875,0.9002037855777609,0.8537059039668293,0.6338870704129568,0.6338870704129568,0.0
WS(k=4;b=0.1),14,13,20312024,28,0.828244480302318,0.8038780406007339,0.6483330405569253,0.6124417625937323,0.111875,0.9020540860479309,0.8448344326080016,0.6636308502860013,0.6636308502860013,0.0
WS(k=4;b=0.1),14,14,20312025,28,0.8288373010367659,0.8039883626693859,0.6566776077539813,0.6205251934303604,0.111875,0.9051204270740757,0.848340250520997,0.6636306750695181,0.6636306750695181,0.0
WS(k=4;b=0.1),14,15,20312026,28,0.7688230807030247,0.7540797060584538,0.5977617256769759,0.5705062213528229,0.111875,0.8779596620089447,0.8141803750425443,0.6062433124396559,0.6062433124396559,0.0
WS(k=4;b=0.1),14,16,20312027,28,0.8337042385796638,0.8143645805001127,0.6532570953937021,0.6215243488524187,0.111875,0.914626146714213,0.8626133185161351,0.6638062554321128,0.6638062554321128,0.0
WS(k=4;b=0.1),14,17,20312028,28,0.8288373010367659,0.8039883626693859,0.6566776077539812,0.6205251934303604,0.111875,0.9051204270740757,0.848340250520997,0.6636306750695179,0.6636306750695179,0.0
WS(k=4;b=0.1),14,18,20312029,28,0.7972557849933626,0.7784089272686892,0.6281355352960609,0.5969008954177362,0.111875,0.8713052187721334,0.8191170141495427,0.6336303461380427,0.6336303461380427,0.0
WS(k=4;b=0.1),14,19,20312030,28,0.8319981698523493,0.8092435795854633,0.6572392484142695,0.6221807290547744,0.111875,0.9141683587905662,0.8572210916635492,0.6637169429423551,0.6637169429423551,0.0
WS(k=4;b=0.1),14,20,20312031,28,0.7907627093347642,0.7671958754727846,0.6054498705331678,0.5755850286441277,0.111875,0.8757195605280234,0.8106718618269103,0.6334657696972342,0.6334657696972342,0.0
WS(k=4;b=0.1),14,21,20312032,28,0.8282808392012782,0.803063196893258,0.6550573400956394,0.617630013977052,0.111875,0.9008276112576787,0.8415579036449908,0.66362892341221,0.66362892341221,0.0
WS(k=4;b=0.1),14,22,20312033,28,0.8337207668143686,0.8142145500027256,0.6575494137430526,0.624404528614806,0.111875,0.9120964295444748,0.8581015120473897,0.6638039211300024,0.6638039211300024,0.0
WS(k=4;b=0.1),14,23,20312034,28,0.8277306063849909,0.8039140258891486,0.6508732002642439,0.6146390841172993,0.111875,0.9041447929126456,0.8470091155645747,0.6636328568771391,0.6636328568771391,0.0
WS(k=4;b=0.1),14,24,20312035,28,0.8320541779605012,0.8097743446497477,0.6579411561742868,0.6237184937306864,0.111875,0.9107566141914792,0.8553443777631264,0.6637178607244112,0.6637178607244112,0.0
WS(k=4;b=0.1),14,25,20312036,28,0.8319981698523491,0.8092435795854633,0.6572392484142695,0.6221807290547743,0.111875,0.9042301654383084,0.8497641173431602,0.6637156660877492,0.6637156660877492,0.0
WS(k=4;b=0.1),14,26,20312037,28,0.8666133687183308,0.8376335475392438,0.6878572579748077,0.6472731750064493,0.111875,0.9375584332037032,0.8758706551913992,0.6967189311095676,0.6967189311095676,0.0
WS(k=4;b=0.1),14,27,20312038,28,0.8044418505113498,0.7895270373914562,0.6327507383573844,0.6057836049022073,0.111875,0.8923045517158014,0.8427681751292501,0.6337984586457911,0.6337984586457911,0.0
WS(k=4;b=0.1),14,28,20312039,28,0.7998330729985258,0.7826938907747869,0.6286222983476403,0.5979365198508426,0.111875,0.8859625941672707,0.8305959248149474,0.6337138543377526,0.6337138543377526,0.0
WS(k=4;b=0.1),14,29,20312040,28,0.7655009926943227,0.7490011068421447,0.6020044265277962,0.5729541907051816,0.111875,0.8542536275399248,0.8007319040234647,0.6061627107435064,0.6061627107435064,0.0
WS(k=4;b=0.1),14,30,20312041,28,0.768818629064449,0.7540736318077709,0.6015972938423176,0.5734064867968469,0.111875,0.8642393991766787,0.8063153283637571,0.6062410627872648,0.6062410627872648,0.0
WS(k=4;b=0.5),12,1,20321812,24,0.8452425126881834,0.8408273756910032,0.6961412534648583,0.7068307976954704,0.276875,0.935996223846698,0.8893679622195959,0.6507105706916232,0.6507105706916232,0.0
WS(k=4;b=0.5),12,2,20321813,24,0.832221462780547,0.8243550478745937,0.6952981371282871,0.703029104721592,0.276875,0.9141785808011049,0.8623077101116288,0.6438946162232362,0.6438946162232362,0.0
WS(k=4;b=0.5),12,3,20321814,24,0.7646432845187363,0.7614934556212085,0.6257518334986228,0.6365522380984843,0.276875,0.8755230481444249,0.8233278077447522,0.5882091802658479,0.5882091802658479,0.0
WS(k=4;b=0.5),12,4,20321815,24,0.7873353971789452,0.7803763239141798,0.6564200576254322,0.6639844900821569,0.276875,0.8751715546262062,0.8253856590654228,0.6112272769635563,0.6112272769635563,0.0
WS(k=4;b=0.5),12,5,20321816,24,0.7951324019784823,0.7900887648412881,0.6572741773033346,0.6653500487750589,0.276875,0.9067325513900436,0.8524049888838244,0.6152043016912353,0.6152043016912353,0.0
WS(k=4;b=0.5),12,6,20321817,24,0.8367425812342576,0.8302228352878375,0.6940234264910161,0.7028453353527083,0.276875,0.9158068825759607,0.8652028644754095,0.6452814385019303,0.6452814385019303,0.0
WS(k=4;b=0.5),12,7,20321818,24,0.7650670690012081,0.7621779109669174,0.6317046432285129,0.643128250964042,0.276875,0.8822031137228177,0.825108224180895,0.5880854977007745,0.5880854977007745,0.0
WS(k=4;b=0.5),12,8,20321819,24,0.7921714529253421,0.7863742251340144,0.6584347398462003,0.6670344265386269,0.276875,0.8834161458818063,0.8334866478425091,0.6123078726854935,0.6123078726854935,0.0
WS(k=4;b=0.5),12,9,20321820,24,0.8265824561434462,0.8171246555119773,0.6949733125084934,0.7030490178492079,0.276875,0.9119723896939315,0.8581681122931291,0.6415184982438816,0.6415184982438816,0.0
WS(k=4;b=0.5),12,10,20321821,24,0.8357044099038129,0.829634335679529,0.6966497030031518,0.7054713027513742,0.276875,0.9277562710468447,0.878500749902896,0.6469217770422779,0.6469217770422779,0.0
WS(k=4;b=0.5),12,11,20321822,24,0.7909057866069794,0.7858193573981906,0.664629953913341,0.6734452356811781,0.276875,0.8969682074604974,0.8449677827082341,0.6138685568370835,0.6138685568370835,0.0
WS(k=4;b=0.5),12,12,20321823,24,0.7604607366043519,0.7565990233903727,0.627424660984093,0.6371042288881862,0.276875,0.8707271627358978,0.8120786597262057,0.5854260031269666,0.5854260031269666,0.0
WS(k=4;b=0.5),12,13,20321824,24,0.7689843559821914,0.7665475695351124,0.6313210369597163,0.6433673787046076,0.276875,0.8867400245085367,0.8327680475354734,0.5901256006115476,0.5901256006115476,0.0
WS(k=4;b=0.5),12,14,20321825,24,0.7584765072830078,0.7551203750652105,0.6367756503270157,0.6468845279459486,0.276875,0.8793647731104656,0.825838228546256,0.5873935006409441,0.5873935006409441,0.0
WS(k=4;b=0.5),12,15,20321826,24,0.8279760956456985,0.8185550789632626,0.6904729037135203,0.6965704368525387,0.276875,0.9117270319798093,0.8584034051405555,0.642373772476498,0.642373772476498,0.0
WS(k=4;b=0.5),12,16,20321827,24,0.8014572051479102,0.7977071906335632,0.665838216183186,0.6772288196890607,0.276875,0.9023847795289374,0.8559766664221913,0.6178513699411298,0.6178513699411298,0.0
WS(k=4;b=0.5),12,17,20321828,24,0.8479064191463939,0.8444177531670002,0.7003253238768745,0.7114494962655173,0.276875,0.9325743989785723,0.8909438070678104,0.6541069916644059,0.6541069916644059,0.0
WS(k=4;b=0.5),12,18,20321829,24,0.8281219524382372,0.819024799846614,0.6892551361907802,0.6962228112423874,0.276875,0.9126682299868389,0.8621015891400468,0.6430427539790344,0.6430427539790344,0.0
WS(k=4;b=0.5),12,19,20321830,24,0.791102689701065,0.7847674628665122,0.65339873485777,0.6609156885574187,0.276875,0.8923065209157126,0.8342998081752633,0.6119217446957927,0.6119217446957927,0.0
WS(k=4;b=0.5),12,20,20321831,24,0.7966307745323445,0.7924492096763638,0.6657690760444099,0.6765916533202009,0.276875,0.9004943553327279,0.853408108843022,0.6165323275885829,0.6165323275885829,0.0
WS(k=4;b=0.5),12,21,20321832,24,0.7732452587903238,0.7714971717807961,0.6355579811241034,0.6486281889970538,0.276875,0.8995812187495165,0.8422666649357009,0.5922979972426006,0.5922979972426006,0.0
WS(k=4;b=0.5),12,22,20321833,24,0.7621149210813304,0.7587304730227102,0.6292570836456249,0.6412610576012285,0.276875,0.8837015255109748,0.825592776077316,0.586905206428127,0.586905206428127,0.0
WS(k=4;b=0.5),12,23,20321834,24,0.835770747020232,0.8290816888703479,0.6889049285826111,0.6967852137179311,0.276875,0.9245233345250298,0.8736046696044296,0.6467218634015676,0.6467218634015676,0.0
WS(k=4;b=0.5),12,24,20321835,24,0.8286429870903546,0.8188088358798041,0.6763083092177447,0.6854930704134384,0.276875,0.919167898916046,0.862965914867526,0.641986123281652,0.641986123281652,0.0
WS(k=4;b=0.5),12,25,20321836,24,0.7393196129156249,0.73822576903368,0.6059998434520225,0.6191270223698128,0.276875,0.8765200461991695,0.8117655292215286,0.5661335149684961,0.5661335149684961,0.0
WS(k=4;b=0.5),12,26,20321837,24,0.7899391995553369,0.7845070707598613,0.6600172696121651,0.6680307697283737,0.276875,0.8771765454940685,0.8313904647812,0.6131496145191044,0.6131496145191044,0.0
WS(k=4;b=0.5),12,27,20321838,24,0.7872915813804596,0.7803131745852273,0.6545496168940005,0.6620966394987432,0.276875,0.8844000491718627,0.8300618329547812,0.6113802147815072,0.6113802147815072,0.0
WS(k=4;b=0.5),12,28,20321839,24,0.7930669456599875,0.7874190029062315,0.6575507541090824,0.666608615830668,0.276875,0.8860746946929411,0.8368687953173538,0.6124714782005298,0.6124714782005298,0.0
WS(k=4;b=0.5),12,29,20321840,24,0.7900039898983399,0.7849923923248854,0.6664465799622176,0.6745900061790454,0.276875,0.8830536624997312,0.8396048452131119,0.6144558148927907,0.6144558148927907,0.0
WS(k=4;b=0.5),12,30,20321841,24,0.8355372373840455,0.8294525415998921,0.6943268152457124,0.7030800253457169,0.276875,0.9130203335580597,0.8684656721757087,0.6473448735605872,0.6473448735605872,0.0
WS(k=4;b=0.5),14,1,20322012,28,0.8327758110733294,0.813177407160866,0.6462275691905025,0.6138451440805823,0.111875,0.9151616251868285,0.8629224247251086,0.6638085920681517,0.6638085920681517,0.0
WS(k=4;b=0.5),14,2,20322013,28,0.8028675984781767,0.7883465924843368,0.6290900813797503,0.6004156423706984,0.111875,0.9029516615347373,0.8535301225321085,0.6338067212085481,0.6338067212085481,0.0
WS(k=4;b=0.5),14,3,20322014,28,0.8309324971618415,0.8101127388641199,0.6583579689911814,0.62566399098297,0.111875,0.9141758756711411,0.8596962334025496,0.6637203246494533,0.6637203246494533,0.0
WS(k=4;b=0.5),14,4,20322015,28,0.7650451090570967,0.7503888938599117,0.5863004204590723,0.5651227642949463,0.111875,0.8664483704056806,0.8092930418491556,0.6061695068517163,0.6061695068517163,0.0
WS(k=4;b=0.5),14,5,20322016,28,0.8353963978026255,0.8177411839092443,0.6530348311174756,0.6205932585608283,0.111875,0.9195275306489479,0.8712114402460666,0.663895890831785,0.663895890831785,0.0
WS(k=4;b=0.5),14,6,20322017,28,0.804495259548774,0.7915042496220779,0.6290672308967721,0.6008944772275325,0.111875,0.8998017562474736,0.8540754758904324,0.6338891173863804,0.6338891173863804,0.0
WS(k=4;b=0.5),14,7,20322018,28,0.7206995028372805,0.7126708876585465,0.5608448174233618,0.5422878445269189,0.111875,0.8444717962269027,0.7792121736843192,0.5580410523230065,0.5580410523230065,0.0
WS(k=4;b=0.5),14,8,20322019,28,0.8026195314339494,0.7888336639869138,0.6352475486167556,0.609636128023553,0.111875,0.8905340118416315,0.8459113602403392,0.6338029558419203,0.6338029558419203,0.0
WS(k=4;b=0.5),14,9,20322020,28,0.8109093314943961,0.7996290020152501,0.6363059143946248,0.6131208838154087,0.111875,0.9145709229138167,0.8637212615644032,0.6339719052455041,0.6339719052455041,0.0
WS(k=4;b=0.5),14,10,20322021,28,0.7746628198625984,0.7640509117753349,0.6087224903278764,0.5862201496943539,0.111875,0.8789768008861296,0.8323917018482286,0.6064108500286887,0.6064108500286887,0.0
WS(k=4;b=0.5),14,11,20322022,28,0.8050139126514413,0.7920449839665893,0.6335183186918387,0.6068904592179027,0.111875,0.8916388019779142,0.8457146415762634,0.6338842193252805,0.6338842193252805,0.0
WS(k=4;b=0.5),14,12,20322023,28,0.7692123937653718,0.7568727172439129,0.6024116597207518,0.5790039083927946,0.111875,0.8714229916668167,0.8220791929885184,0.6062534911018133,0.6062534911018133,0.0
WS(k=4;b=0.5),14,13,20322024,28,0.7645192338496973,0.7508478774904195,0.6040617211683631,0.5784322750837714,0.111875,0.8763240687236492,0.8162462673848129,0.6061751557571423,0.6061751557571423,0.0
WS(k=4;b=0.5),14,14,20322025,28,0.8413826992214323,0.8258497629492105,0.660994090664194,0.6320461345736778,0.111875,0.9229822930609795,0.8735828181767188,0.6639780755269135,0.6639780755269135,0.0
WS(k=4;b=0.5),14,15,20322026,28,0.7742279430453369,0.7632148772742134,0.606276074513348,0.5826998219105873,0.111875,0.8721610750264897,0.8254580712168789,0.6064083813098753,0.6064083813098753,0.0
WS(k=4;b=0.5),14,16,20322027,28,0.8337357349314137,0.8147733633335109,0.6561519443863294,0.6234470600804324,0.111875,0.9108693097941509,0.8626503447085769,0.6638093995272291,0.6638093995272291,0.0
WS(k=4;b=0.5),14,17,20322028,28,0.7995335236809388,0.7838530627584955,0.6322226759282824,0.604114845783423,0.111875,0.8895151023872298,0.8393123660837599,0.6337177528661248,0.6337177528661248,0.0
WS(k=4;b=0.5),14,18,20322029,28,0.771825367579493,0.7594963126469662,0.6083093446563747,0.5850522005003715,0.111875,0.8708156575065378,0.8183607822176424,0.6063263937744849,0.6063263937744849,0.0
WS(k=4;b=0.5),14,19,20322030,28,0.7823329469084949,0.7734946712871218,0.6084746210919905,0.5871176040510955,0.111875,0.8743098406326015,0.8313465323621765,0.6065629850544532,0.6065629850544532,0.0
WS(k=4;b=0.5),14,20,20322031,28,0.79823487543349,0.7836205615639642,0.62833816179333,0.6021518898839452,0.111875,0.8883296494294041,0.8425637512548683,0.6337262821070635,0.6337262821070635,0.0
WS(k=4;b=0.5),14,21,20322032,28,0.8021111160842257,0.7884576833752057,0.6327937907060985,0.6054052519830618,0.111875,0.8861353839719958,0.8428322752351701,0.6338058927468816,0.6338058927468816,0.0
WS(k=4;b=0.5),14,22,20322033,28,0.8360257499137437,0.8185807106722803,0.6563944416461078,0.6239836611695528,0.111875,0.920138652315238,0.8708341171432009,0.6638960366567384,0.6638960366567384,0.0
WS(k=4;b=0.5),14,23,20322034,28,0.7832667282077624,0.7744116628190613,0.6085152052943851,0.5874992628993393,0.111875,0.89117952583711,0.8399584237468329,0.6065644152074947,0.6065644152074947,0.0
WS(k=4;b=0.5),14,24,20322035,28,0.7708182158570669,0.7593598852081961,0.607658191240628,0.583597114553055,0.111875,0.8620511589596284,0.8205611915178047,0.6063293149057012,0.6063293149057012,0.0
WS(k=4;b=0.5),14,25,20322036,28,0.7802495922054196,0.7700593303709803,0.607521596478181,0.585418039734135,0.111875,0.8789833184618219,0.8289892334250719,0.6064811722386664,0.6064811722386664,0.0
WS(k=4;b=0.5),14,26,20322037,28,0.8027894198328728,0.7877883747452817,0.6254678698441793,0.5972593276095708,0.111875,0.9204437139264765,0.861117115469055,0.6338065932501845,0.6338065932501845,0.0
WS(k=4;b=0.5),14,27,20322038,28,0.7987115384621952,0.78293237883351,0.6284020620387035,0.5990460225830186,0.111875,0.8818832692535543,0.8330595254332988,0.6337178568960902,0.6337178568960902,0.0
WS(k=4;b=0.5),14,28,20322039,28,0.7962816855141231,0.7788925388207466,0.630590572280781,0.6016430924690462,0.111875,0.8807476021792755,0.8291724818885003,0.6336354364716424,0.6336354364716424,0.0
WS(k=4;b=0.5),14,29,20322040,28,0.8181536975860837,0.8087943149503893,0.633736009929604,0.610785020087866,0.111875,0.92119220323046,0.8666937731605632,0.6341330727387425,0.6341330727387425,0.0
WS(k=4;b=0.5),14,30,20322041,28,0.8101053390550174,0.7989055148690237,0.6345568770603098,0.6098955730650801,0.111875,0.913128059586651,0.8616600957010487,0.6339723672678423,0.6339723672678423,0.0
3-regular,12,1,20331812,18,0.7787472787996472,0.7729188040289179,0.5339040301544264,0.5200068685115304,0.063125,0.9235376458896964,0.8541460279519971,0.5590502070625007,0.5590502070625007,0.0
3-regular,12,2,20331813,18,0.7593243118970203,0.7499620494070391,0.5182966944571608,0.497512863835529,0.063125,0.857676749421564,0.8106486612790904,0.5567164283433768,0.5567164283433768,0.0
3-regular,12,3,20331814,18,0.7683345720563706,0.7614404267179786,0.5261003623057936,0.5087598661735298,0.063125,0.8907525591134198,0.8351984640926955,0.5579212718690973,0.5579212718690973,0.0
3-regular,12,4,20331815,18,0.809945932690155,0.7999595193675084,0.5528498074209713,0.530680388091231,0.063125,0.9029023441582235,0.8676006223859877,0.593936578503777,0.593936578503777,0.0
3-regular,12,5,20331816,18,0.8004870597820309,0.7877159169025064,0.5445258950490965,0.5186835855973636,0.063125,0.8892744225960468,0.8546748662567547,0.5928552631797366,0.5928552631797366,0.0
3-regular,12,6,20331817,18,0.809945932690155,0.7999595193675084,0.5528498074209715,0.530680388091231,0.063125,0.8982058585744856,0.8629959899855338,0.5938786818272632,0.5938786818272632,0.0
3-regular,12,7,20331818,18,0.8004870597820309,0.7877159169025063,0.5445258950490962,0.5186835855973636,0.063125,0.8844042687409369,0.8498457076016154,0.5927757810782331,0.5927757810782331,0.0
3-regular,12,8,20331819,18,0.8004870597820307,0.7877159169025063,0.5445258950490961,0.5186835855973636,0.063125,0.8844042687409369,0.8498457076016155,0.5927757810782333,0.5927757810782333,0.0
3-regular,12,9,20331820,18,0.7915140858487623,0.7754723144375042,0.5362019826772212,0.5066867831034961,0.063125,0.877543387885832,0.839398226785094,0.5915933223416047,0.5915933223416047,0.0
3-regular,12,10,20331821,18,0.7832108887783493,0.763228711972502,0.5278780703053461,0.49468998060962865,0.063125,0.8743093948150588,0.8335602072242322,0.5905684645239337,0.5905684645239337,0.0
3-regular,12,11,20331822,18,0.7593243118970203,0.7499620494070391,0.5182966944571605,0.4975128638355292,0.063125,0.8605215221606226,0.8162887778931384,0.5567921250616692,0.5567921250616692,0.0
3-regular,12,12,20331823,18,0.809945932690155,0.7999595193675083,0.5528498074209715,0.530680388091231,0.063125,0.8983169238896455,0.8630024361133458,0.5938786808231123,0.5938786808231123,0.0
3-regular,12,13,20331824,18,0.692219803377464,0.687038936914594,0.4745813601372679,0.46222832756580484,0.063125,0.8727058702344784,0.7694264608222191,0.4969677035293532,0.4969677035293532,0.0
3-regular,12,14,20331825,18,0.7683345720563708,0.7614404267179785,0.5261003623057936,0.5087598661735298,0.063125,0.8738992432068793,0.8299908197451473,0.5579118004081853,0.5579118004081853,0.0
3-regular,12,15,20331826,18,0.8004870597820308,0.7877159169025063,0.5445258950490962,0.5186835855973636,0.063125,0.8931487517015478,0.8525396358260161,0.5926956684058207,0.5926956684058207,0.0
3-regular,12,16,20331827,18,0.7683345720563706,0.7614404267179786,0.5261003623057938,0.5087598661735298,0.063125,0.880430540630398,0.8302159411630502,0.5578893032497702,0.5578893032497702,0.0
3-regular,12,17,20331828,18,0.7683345720563708,0.7614404267179786,0.5261003623057934,0.5087598661735298,0.063125,0.8784570622150775,0.8256782335878388,0.5578351718364806,0.5578351718364806,0.0
3-regular,12,18,20331829,18,0.809945932690155,0.7999595193675084,0.5528498074209715,0.530680388091231,0.063125,0.9102409695785117,0.8702483255791171,0.5939355961023968,0.5939355961023968,0.0
3-regular,12,19,20331830,18,0.7683345720563708,0.7614404267179786,0.5261003623057936,0.5087598661735298,0.063125,0.8578971747781434,0.8214407231907933,0.5578472921168633,0.5578472921168633,0.0
3-regular,12,20,20331831,18,0.7593243118970203,0.7499620494070391,0.5182966944571608,0.49751286383552906,0.063125,0.8674441219986005,0.8236574347478958,0.556899351362798,0.556899351362798,0.0
3-regular,12,21,20331832,18,0.7683345720563708,0.7614404267179786,0.5261003623057936,0.5087598661735299,0.063125,0.8713719042974019,0.826012782519639,0.557857670290873,0.557857670290873,0.0
3-regular,12,22,20331833,18,0.8195568768601287,0.8122031218325105,0.5611737197928465,0.5426771905850986,0.063125,0.9058685949709615,0.8742100399773979,0.5950849367830149,0.5950849367830149,0.0
3-regular,12,23,20331834,18,0.7593243118970202,0.749962049407039,0.5182966944571608,0.4975128638355291,0.063125,0.8605215221606226,0.8162887778931384,0.5567921250616692,0.5567921250616692,0.0
3-regular,12,24,20331835,18,0.7683345720563708,0.7614404267179784,0.5261003623057936,0.5087598661735298,0.063125,0.8877818169102152,0.8285787715475439,0.5578453895475042,0.5578453895475042,0.0
3-regular,12,25,20331836,18,0.7683345720563708,0.7614404267179786,0.5261003623057936,0.5087598661735299,0.063125,0.8784570622150776,0.8256782335878388,0.5578351718364805,0.5578351718364805,0.0
3-regular,12,26,20331837,18,0.7683345720563708,0.7614404267179785,0.5261003623057937,0.5087598661735298,0.063125,0.8784570622150771,0.8256782335878388,0.5578351718364803,0.5578351718364803,0.0
3-regular,12,27,20331838,18,0.7683345720563708,0.7614404267179786,0.5261003623057936,0.5087598661735298,0.063125,0.8713719042974019,0.8260127825196392,0.5578576702908731,0.5578576702908731,0.0
3-regular,12,28,20331839,18,0.7593243118970204,0.7499620494070391,0.5182966944571608,0.49751286383552906,0.063125,0.876675823971089,0.818354949304277,0.5567589081948205,0.5567589081948205,0.0
3-regular,12,29,20331840,18,0.7787472787996471,0.7729188040289181,0.5339040301544264,0.5200068685115306,0.063125,0.8781601225213391,0.8369216537268842,0.5589662644953842,0.5589662644953842,0.0
3-regular,12,30,20331841,18,0.8677992135965945,0.8570994850366161,0.5923390793796123,0.5685861300977476,0.063125,0.9500247170312611,0.9176508675439518,0.6363120912374663,0.6363120912374663,0.0
3-regular,14,1,20332012,21,0.8365946201722105,0.8270888000739065,0.6171260921508749,0.6155743632689551,0.003125,0.920341373167525,0.891985597112494,0.6116740185169424,0.6116740185169424,0.0
3-regular,14,2,20332013,21,0.7561196160777468,0.7496928230648129,0.5522913876097876,0.5512775471286699,0.003125,0.8694127564020045,0.8193245564057502,0.5482717472801537,0.5482717472801537,0.0
3-regular,14,3,20332014,21,0.7821080211321098,0.7709364202378544,0.5827083760302103,0.5808474975388749,0.003125,0.8808445332867851,0.8427444808718774,0.5767431073076931,0.5767431073076931,0.0
3-regular,14,4,20332015,21,0.7901171412737544,0.7811394222920227,0.582841309253604,0.581375787531791,0.003125,0.887710688633277,0.8469338714590765,0.5776419172765047,0.5776419172765047,0.0
3-regular,14,5,20332016,21,0.8281143753163516,0.8162856214283165,0.616985339326105,0.6150149973941028,0.003125,0.9123292483696734,0.8820524872311222,0.6107285224983561,0.6107285224983561,0.0
3-regular,14,6,20332017,21,0.805163533886522,0.7838760854915459,0.616563080851795,0.6133368997695454,0.003125,0.880618375900121,0.849204594972052,0.6076694990404883,0.6076694990404883,0.0
3-regular,14,7,20332018,21,0.7561196160777467,0.7496928230648127,0.5522913876097876,0.5512775471286698,0.003125,0.8693637894523961,0.8138942140130936,0.5481900353315968,0.5481900353315968,0.0
3-regular,14,8,20332019,21,0.7901171412737545,0.7811394222920227,0.582841309253604,0.581375787531791,0.003125,0.8879699847097348,0.8502012924235371,0.5777094285600236,0.5777094285600236,0.0
3-regular,14,9,20332020,21,0.7981262614153994,0.7913424243461912,0.582974242476998,0.5819040775247072,0.003125,0.8981638455587644,0.8560240837217149,0.5786076217033875,0.5786076217033875,0.0
3-regular,14,10,20332021,21,0.7745125689825572,0.7607334181836858,0.5825754428068163,0.5803192075459587,0.003125,0.8646450169616932,0.8285435396896842,0.575775975883072,0.575775975883072,0.0
3-regular,14,11,20332022,21,0.7821080211321098,0.7709364202378544,0.5827083760302103,0.5808474975388749,0.003125,0.8796824138367969,0.8376700564267925,0.5767705692723053,0.5767705692723053,0.0
3-regular,14,12,20332023,21,0.7901171412737545,0.7811394222920227,0.582841309253604,0.581375787531791,0.003125,0.8857259590900026,0.8471567343461239,0.5777563310221677,0.5777563310221677,0.0
3-regular,14,13,20332024,21,0.7901171412737545,0.7811394222920227,0.5828413092536042,0.581375787531791,0.003125,0.9015380071993818,0.8541915786253018,0.5777368252331501,0.5777368252331501,0.0
3-regular,14,14,20332025,21,0.7650850458382498,0.759358825010867,0.5524173243477396,0.5517780323851169,0.003125,0.8844670627187016,0.8279342799202289,0.5492144991593024,0.5492144991593024,0.0
3-regular,14,15,20332026,21,0.7901171412737545,0.7811394222920227,0.5828413092536042,0.5813757875317909,0.003125,0.8766024598112966,0.8446456875732742,0.5777474371659608,0.5777474371659608,0.0
3-regular,14,16,20332027,21,0.7485320285751359,0.7400268211187584,0.5521654508718356,0.5507770618722231,0.003125,0.8441396342874373,0.8021048217695823,0.5472395098662479,0.5472395098662479,0.0
3-regular,14,17,20332028,21,0.76508504583825,0.759358825010867,0.5524173243477397,0.5517780323851169,0.003125,0.8795266828614556,0.823544323417934,0.5491241612834784,0.5491241612834784,0.0
3-regular,14,18,20332029,21,0.7901171412737545,0.7811394222920227,0.5828413092536042,0.5813757875317909,0.003125,0.8961971416076074,0.8570751031588921,0.577841194159684,0.577841194159684,0.0
3-regular,14,19,20332030,21,0.7745125689825573,0.7607334181836859,0.5825754428068163,0.5803192075459587,0.003125,0.8709042986419929,0.8323865384672542,0.5758240223976192,0.5758240223976192,0.0
3-regular,14,20,20332031,21,0.7821080211321098,0.7709364202378544,0.5827083760302103,0.5808474975388749,0.003125,0.8817746137695566,0.8398269709185152,0.5766757952225885,0.5766757952225885,0.0
3-regular,14,21,20332032,21,0.8281143753163515,0.8162856214283162,0.616985339326105,0.6150149973941028,0.003125,0.9299460264320927,0.8910025570735324,0.6107880929876023,0.6107880929876023,0.0
3-regular,14,22,20332033,21,0.7561196160777467,0.7496928230648127,0.5522913876097876,0.5512775471286699,0.003125,0.8640364230041767,0.816816152046812,0.548227083420671,0.548227083420671,0.0
3-regular,14,23,20332034,21,0.836594620172211,0.8270888000739066,0.617126092150875,0.6155743632689552,0.003125,0.9289964409153025,0.8965462625883271,0.6116822951340491,0.6116822951340491,0.0
3-regular,14,24,20332035,21,0.7981262614153993,0.7913424243461912,0.582974242476998,0.5819040775247071,0.003125,0.8898296474581306,0.8552953097731344,0.5786472617096187,0.5786472617096187,0.0
3-regular,14,25,20332036,21,0.7821080211321098,0.7709364202378544,0.5827083760302103,0.5808474975388749,0.003125,0.8741323646611602,0.8395981476003261,0.5767429326437884,0.5767429326437884,0.0
3-regular,14,26,20332037,21,0.7485320285751358,0.7400268211187583,0.5521654508718356,0.5507770618722229,0.003125,0.8738447086582842,0.8087144023277962,0.5473455022722852,0.5473455022722852,0.0
3-regular,14,27,20332038,21,0.7821080211321098,0.7709364202378544,0.5827083760302103,0.5808474975388749,0.003125,0.8733041543945469,0.8380644094023416,0.5768080252175016,0.5768080252175016,0.0
3-regular,14,28,20332039,21,0.8121548019227649,0.7946792641371362,0.616703833676565,0.6138962656443979,0.003125,0.8933866518964748,0.8616439723704621,0.6085930070158527,0.6085930070158527,0.0
3-regular,14,29,20332040,21,0.7821080211321098,0.7709364202378544,0.5827083760302103,0.5808474975388749,0.003125,0.8741323646611602,0.8395981476003261,0.5767429326437884,0.5767429326437884,0.0
3-regular,14,30,20332041,21,0.820072131863884,0.8054824427827263,0.616844586501335,0.6144556315192503,0.003125,0.9136453027519744,0.8774321589860432,0.6096458509602172,0.6096458509602172,0.0
