family,n,inst,W,nclasses,maxclass,varT,varE_exact,capture_quad,V2,cubic_ratio
ER(0.5),12,1,55.0,33,402,14956.0,9801.8575,0.9521,5154.1425,0.9992
ER(0.5),12,2,59.0,40,390,19024.0,11194.2764,0.9335,7829.7236,0.9986
ER(0.5),12,3,47.0,32,436,8764.0,5582.0934,0.9626,3181.9066,0.9989
ER(0.5),12,4,58.0,37,384,20392.0,14053.6427,0.9635,6338.3573,0.9993
ER(0.5),12,5,59.0,36,412,19428.0,14266.1375,0.9678,5161.8625,1.0007
ER(0.5),12,6,59.0,39,410,19180.0,12102.5614,0.9497,7077.4386,0.9991
ER(0.5),12,7,46.0,32,462,9372.0,6048.5675,0.9614,3323.4325,0.9987
ER(0.5),12,8,38.0,28,434,4980.0,2993.1662,0.9728,1986.8338,0.9976
ER(0.5),12,9,29.0,25,482,1500.0,508.1664,0.9812,991.8336,0.997
ER(0.5),12,10,56.0,33,440,17304.0,12573.367,0.9622,4730.633,1.0004
ER(0.5),14,1,58.0,41,1652,13464.0,8179.6661,0.9569,5284.3339,0.9986
ER(0.5),14,2,76.0,49,1398,34132.0,23078.6363,0.9637,11053.3637,0.9996
ER(0.5),14,3,73.0,49,1390,29480.0,18236.2144,0.9495,11243.7856,0.9986
ER(0.5),14,4,67.0,45,1356,20120.0,12221.2876,0.9835,7898.7124,0.9976
ER(0.5),14,5,53.0,40,1552,7720.0,3669.7113,0.97,4050.2887,0.9974
ER(0.5),14,6,80.0,47,1280,32556.0,21161.4502,0.9769,11394.5498,0.9991
ER(0.5),14,7,79.0,52,1308,36704.0,23716.8442,0.9615,12987.1558,0.9992
ER(0.5),14,8,71.0,47,1414,21188.0,12008.2256,0.9601,9179.7744,0.9983
ER(0.5),14,9,59.0,40,1408,13432.0,7259.6094,0.9811,6172.3906,0.9974
ER(0.5),14,10,69.0,47,1418,26000.0,17082.9572,0.9707,8917.0428,0.9989
ER(0.25),12,1,22.0,20,550,884.0,364.8731,0.9959,519.1269,0.9976
ER(0.25),12,2,26.0,23,528,1884.0,902.6566,0.9689,981.3434,0.997
ER(0.25),12,3,24.0,24,524,1652.0,692.3088,0.9634,959.6912,0.9968
ER(0.25),12,4,12.0,13,736,92.0,15.8983,0.9859,76.1017,0.9979
ER(0.25),12,5,16.0,16,600,376.0,128.107,0.9352,247.893,0.9972
ER(0.25),12,6,30.0,27,482,2800.0,1205.1051,0.9799,1594.8949,0.9966
ER(0.25),12,7,22.0,20,624,2224.0,1315.5705,0.9645,908.4295,0.9971
ER(0.25),12,8,29.0,24,562,1812.0,765.3045,0.9779,1046.6955,0.9973
ER(0.25),12,9,28.0,26,474,1944.0,750.3357,0.9882,1193.6643,0.9969
ER(0.25),12,10,19.0,18,624,1100.0,506.0426,0.9423,593.9574,0.9976
ER(0.25),14,1,27.0,22,2090,812.0,290.4999,0.9779,521.5001,0.998
ER(0.25),14,2,32.0,25,2008,2012.0,802.2993,0.983,1209.7007,0.9971
ER(0.25),14,3,37.0,33,1658,3168.0,1095.4316,0.9927,2072.5684,0.9964
ER(0.25),14,4,33.0,29,1848,1680.0,496.9852,0.9885,1183.0148,0.9969
ER(0.25),14,5,41.0,32,1616,5448.0,2701.6666,0.9732,2746.3334,0.9972
ER(0.25),14,6,35.0,30,1832,3040.0,1336.6436,0.9881,1703.3564,0.9966
ER(0.25),14,7,26.0,23,2056,1348.0,613.5498,0.9931,734.4502,0.997
ER(0.25),14,8,38.0,33,1696,3284.0,1327.2326,0.9795,1956.7674,0.997
ER(0.25),14,9,28.0,26,1856,1224.0,352.2917,0.9706,871.7083,0.9965
ER(0.25),14,10,29.0,25,2028,1652.0,690.0893,0.989,961.9107,0.9971
BA(k=2),12,1,33.0,28,442,3088.0,1270.2302,0.9865,1817.7698,0.9966
BA(k=2),12,2,29.0,23,550,1516.0,679.9892,0.9744,836.0108,0.9977
BA(k=2),12,3,28.0,23,584,2132.0,1111.0826,0.9724,1020.9174,0.9971
BA(k=2),12,4,27.0,22,532,1676.0,793.8091,0.9904,882.1909,0.9967
BA(k=2),12,5,30.0,27,506,2396.0,1022.3284,0.972,1373.6716,0.9963
BA(k=2),12,6,30.0,24,488,1732.0,612.8267,0.9818,1119.1733,0.9972
BA(k=2),12,7,31.0,26,470,2656.0,1220.3185,0.9858,1435.6815,0.9961
BA(k=2),12,8,31.0,26,512,3508.0,2033.1348,0.9825,1474.8652,0.9963
BA(k=2),12,9,28.0,22,524,1832.0,885.3384,0.9855,946.6616,0.9967
BA(k=2),12,10,31.0,26,466,2080.0,763.506,0.9852,1316.494,0.9969
BA(k=2),14,1,34.0,29,1936,2140.0,732.8546,0.9858,1407.1454,0.9969
BA(k=2),14,2,37.0,33,1750,4320.0,1993.6126,0.9867,2326.3874,0.9957
BA(k=2),14,3,33.0,27,1842,1624.0,598.5079,0.9955,1025.4921,0.9968
BA(k=2),14,4,36.0,29,1730,2660.0,1086.6641,0.9937,1573.3359,0.9969
BA(k=2),14,5,36.0,29,1868,2872.0,1128.1853,0.9701,1743.8147,0.9965
BA(k=2),14,6,36.0,31,1864,3096.0,1350.3425,0.9864,1745.6575,0.997
BA(k=2),14,7,37.0,31,1760,3408.0,1345.2263,0.9804,2062.7737,0.9965
BA(k=2),14,8,29.0,23,2098,1184.0,501.7709,0.989,682.2291,0.9973
BA(k=2),14,9,33.0,27,1880,2448.0,999.2961,0.9806,1448.7039,0.9966
BA(k=2),14,10,37.0,31,1710,3968.0,1862.7168,0.9875,2105.2832,0.9965
BA(k=4),12,1,53.0,40,388,15552.0,9352.8818,0.9584,6199.1182,0.9975
BA(k=4),12,2,47.0,34,426,11468.0,7496.205,0.9553,3971.795,0.9985
BA(k=4),12,3,53.0,37,422,16708.0,10920.2205,0.962,5787.7795,0.9978
BA(k=4),12,4,46.0,33,450,10460.0,6543.9047,0.9293,3916.0953,0.9983
BA(k=4),12,5,45.0,32,438,6812.0,3542.3008,0.9674,3269.6992,0.9977
BA(k=4),12,6,48.0,34,442,9520.0,5731.8864,0.9709,3788.1136,0.9979
BA(k=4),12,7,49.0,36,474,11592.0,7103.6528,0.9686,4488.3472,0.9975
BA(k=4),12,8,46.0,31,450,9272.0,5687.1872,0.9506,3584.8128,0.9982
BA(k=4),12,9,49.0,34,446,13076.0,8467.3348,0.9538,4608.6652,0.9984
BA(k=4),12,10,44.0,30,434,6992.0,4275.4768,0.9628,2716.5232,0.9981
BA(k=4),14,1,61.0,42,1534,16660.0,10001.6182,0.9636,6658.3818,0.9979
BA(k=4),14,2,59.0,41,1550,14216.0,8266.116,0.9677,5949.884,0.9978
BA(k=4),14,3,60.0,42,1546,18024.0,11493.2143,0.9705,6530.7857,0.9973
BA(k=4),14,4,63.0,44,1492,20132.0,12113.5082,0.9656,8018.4918,0.9971
BA(k=4),14,5,62.0,43,1412,17908.0,10323.3717,0.9604,7584.6283,0.9976
BA(k=4),14,6,59.0,41,1416,10548.0,4887.3696,0.9747,5660.6304,0.997
BA(k=4),14,7,59.0,41,1610,18760.0,12617.1505,0.9694,6142.8495,0.9983
BA(k=4),14,8,63.0,42,1486,19944.0,12785.6753,0.9754,7158.3247,0.998
BA(k=4),14,9,63.0,44,1440,19816.0,12237.9901,0.9709,7578.0099,0.9972
BA(k=4),14,10,59.0,42,1482,13656.0,7533.8982,0.967,6122.1018,0.9977
WS(k=4;b=0.1),12,1,36.0,25,480,2488.0,1090.7015,0.9759,1397.2985,0.9974
WS(k=4;b=0.1),12,2,39.0,29,416,4040.0,1936.5269,0.9747,2103.4731,0.9979
WS(k=4;b=0.1),12,3,32.0,23,490,1812.0,856.8702,0.9672,955.1298,0.998
WS(k=4;b=0.1),12,4,37.0,26,440,3056.0,1449.2668,0.9609,1606.7332,0.9984
WS(k=4;b=0.1),12,5,37.0,26,404,2960.0,1641.4426,0.9782,1318.5574,0.9985
WS(k=4;b=0.1),12,6,36.0,26,454,2724.0,1290.5662,0.9612,1433.4338,0.9983
WS(k=4;b=0.1),12,7,39.0,28,436,3872.0,1832.5969,0.9698,2039.4031,0.9977
WS(k=4;b=0.1),12,8,34.0,25,476,2108.0,859.3881,0.9697,1248.6119,0.9976
WS(k=4;b=0.1),12,9,40.0,29,402,4156.0,2081.8859,0.9728,2074.1141,0.998
WS(k=4;b=0.1),12,10,39.0,29,400,3780.0,1799.5571,0.9854,1980.4429,0.9977
WS(k=4;b=0.1),14,1,44.0,32,1560,3860.0,1653.0701,0.9889,2206.9299,0.9975
WS(k=4;b=0.1),14,2,39.0,30,1736,2880.0,1152.2566,0.9742,1727.7434,0.9978
WS(k=4;b=0.1),14,3,43.0,31,1560,3508.0,1676.3318,0.9888,1831.6682,0.9981
WS(k=4;b=0.1),14,4,44.0,34,1646,4168.0,1760.6371,0.9678,2407.3629,0.9979
WS(k=4;b=0.1),14,5,42.0,30,1572,2972.0,1349.652,0.9812,1622.348,0.9981
WS(k=4;b=0.1),14,6,46.0,33,1454,4116.0,1743.1444,0.9863,2372.8556,0.9975
WS(k=4;b=0.1),14,7,39.0,30,1768,2440.0,1128.3583,0.9865,1311.6417,0.9983
WS(k=4;b=0.1),14,8,40.0,32,1684,2728.0,1097.4256,0.9763,1630.5744,0.9981
WS(k=4;b=0.1),14,9,41.0,29,1664,3108.0,1480.2428,0.9824,1627.7572,0.9983
WS(k=4;b=0.1),14,10,45.0,33,1566,3984.0,1371.6281,0.9828,2612.3719,0.9969
WS(k=4;b=0.5),12,1,34.0,27,452,2308.0,922.0578,0.9831,1385.9422,0.9973
WS(k=4;b=0.5),12,2,36.0,28,450,3112.0,1416.2283,0.982,1695.7717,0.9972
WS(k=4;b=0.5),12,3,37.0,30,480,4356.0,1880.2186,0.9692,2475.7814,0.9967
WS(k=4;b=0.5),12,4,39.0,29,408,3796.0,1637.6572,0.985,2158.3428,0.9973
WS(k=4;b=0.5),12,5,34.0,27,498,3036.0,1381.2845,0.9679,1654.7155,0.9975
WS(k=4;b=0.5),12,6,35.0,23,448,2760.0,1270.1493,0.9823,1489.8507,0.9973
WS(k=4;b=0.5),12,7,35.0,28,480,3020.0,1223.3847,0.9733,1796.6153,0.997
WS(k=4;b=0.5),12,8,40.0,30,402,4112.0,1730.6543,0.9826,2381.3457,0.997
WS(k=4;b=0.5),12,9,38.0,28,426,4416.0,2260.6153,0.9826,2155.3847,0.9972
WS(k=4;b=0.5),12,10,36.0,27,456,2880.0,1330.1332,0.9846,1549.8668,0.9974
WS(k=4;b=0.5),14,1,45.0,34,1520,4580.0,1737.8627,0.9907,2842.1373,0.9969
WS(k=4;b=0.5),14,2,41.0,32,1788,4696.0,2089.9011,0.9734,2606.0989,0.9973
WS(k=4;b=0.5),14,3,42.0,32,1630,3336.0,1590.4449,0.9887,1745.5551,0.998
WS(k=4;b=0.5),14,4,45.0,35,1506,4112.0,1517.4882,0.9887,2594.5118,0.9974
WS(k=4;b=0.5),14,5,43.0,33,1610,3876.0,1547.2855,0.9838,2328.7145,0.9974
WS(k=4;b=0.5),14,6,46.0,35,1534,4628.0,1707.2367,0.9916,2920.7633,0.9967
WS(k=4;b=0.5),14,7,42.0,35,1690,3624.0,1264.3979,0.9821,2359.6021,0.997
WS(k=4;b=0.5),14,8,41.0,32,1636,3304.0,1345.6601,0.9893,1958.3399,0.9973
WS(k=4;b=0.5),14,9,47.0,36,1500,5632.0,2133.0172,0.9887,3498.9828,0.9965
WS(k=4;b=0.5),14,10,41.0,34,1626,3384.0,1292.4923,0.9859,2091.5077,0.9966
3-regular,12,1,29.0,25,478,1816.0,585.3743,0.972,1230.6257,0.9968
3-regular,12,2,24.0,20,538,592.0,171.4122,0.9729,420.5878,0.9979
3-regular,12,3,28.0,24,466,1240.0,353.0435,0.9538,886.9565,0.9974
3-regular,12,4,25.0,20,564,740.0,211.9446,0.9744,528.0554,0.9975
3-regular,12,5,28.0,22,476,1180.0,373.7616,0.9871,806.2384,0.9977
3-regular,12,6,27.0,21,484,896.0,236.9035,0.9651,659.0965,0.9969
3-regular,12,7,24.0,19,546,604.0,213.3413,0.9707,390.6587,0.9984
3-regular,12,8,27.0,22,508,992.0,325.365,0.9725,666.635,0.998
3-regular,12,9,28.0,22,464,1216.0,477.6598,0.973,738.3402,0.9984
3-regular,12,10,28.0,23,492,1440.0,662.642,0.9677,777.358,0.9987
3-regular,14,1,31.0,26,1800,900.0,188.52,0.974,711.48,0.9971
3-regular,14,2,35.0,29,1652,1708.0,382.8075,0.9842,1325.1925,0.9968
3-regular,14,3,36.0,31,1608,1928.0,483.8102,0.9824,1444.1898,0.9977
3-regular,14,4,27.0,22,2132,628.0,153.4713,0.9746,474.5287,0.998
3-regular,14,5,33.0,27,1726,1444.0,354.061,0.9818,1089.939,0.997
3-regular,14,6,34.0,27,1634,1420.0,486.5668,0.9872,933.4332,0.9982
3-regular,14,7,30.0,26,1844,1012.0,234.9563,0.9919,777.0437,0.9974
3-regular,14,8,34.0,28,1672,1532.0,349.9275,0.9898,1182.0725,0.9968
3-regular,14,9,36.0,29,1628,1900.0,431.5065,0.9846,1468.4935,0.997
3-regular,14,10,34.0,28,1720,1532.0,430.2709,0.9783,1101.7291,0.9979
