family,n,instance,seed,m,model,params,mse_entry,eps_raw_mean,eps_raw_argmax,eps_cal_mean,eps_cal_argmax,ceil_p1,ar_raw,regret_raw,ar_cal,regret_cal
ER(0.5),10,1,20271612,25,emp,-,0.0,0.0,0.0,8.67659710662744e-18,8.673617379884035e-19,0.8291203561676036,0.8162269815877048,0.012893374579898809,0.8162269815877048,0.012893374579898809
ER(0.5),10,1,20271612,25,paper,-,2.780734325716446e-5,1.1205772381376062,0.10569224459800718,0.14399825835882057,0.3125655926666394,0.8291203561676036,0.425097095625449,0.4040232605421546,0.771749068031006,0.05737128813659764
ER(0.5),10,1,20271612,25,tri_init,0.0;0.0;1.0;1.0,4.250864906179059e-5,0.529182102850007,0.7429944420187818,0.3847301112888568,0.5250763308088102,0.8291203561676036,0.8186616668547237,0.010458689312879854,0.8186616668547237,0.010458689312879854
ER(0.5),10,1,20271612,25,tri_25,0.0;-0.7368304774918546;1.3079159377425338;2.0,3.332188132843249e-5,0.5209937491774853,0.9616225654995109,0.26184690921355686,0.44188129216260785,0.8291203561676036,0.4790386220413036,0.3500817341263,0.4790386220413036,0.3500817341263
ER(0.5),10,1,20271612,25,tri_50,0.0;-0.7368304774918546;1.3079159377425338;2.0,3.332188132843249e-5,0.5209937491774853,0.9616225654995109,0.26184690921355686,0.44188129216260785,0.8291203561676036,0.4790386220413036,0.3500817341263,0.4790386220413036,0.3500817341263
ER(0.5),10,1,20271612,25,tri_fit,0.0;0.11293302282286202;1.6652612728555987;1.982661043459495,3.318330293188027e-5,0.5200546592890023,1.0341741845296046,0.24496946354008856,0.4350783983950866,0.8291203561676036,0.6944444444444445,0.13467591172315907,0.6944444444444445,0.13467591172315907
ER(0.5),10,1,20271612,25,norm_init,12.5;1.0;1.0,0.00017031383144382534,0.4267221543333879,0.23270094747402875,0.4267221585422064,0.23270094892934562,0.8291203561676036,0.6944444444444445,0.13467591172315907,0.6944444444444445,0.13467591172315907
ER(0.5),10,1,20271612,25,norm_25,14.02076570522972;4.781383788366856;2.3780020679355065,4.092195824129994e-5,0.32546716276730225,0.5783015923736388,0.32728144458100195,0.5825723455516767,0.8291203561676036,0.6944444444444444,0.13467591172315918,0.6944444444444444,0.13467591172315918
ER(0.5),10,1,20271612,25,norm_50,12.590998952103302;5.273700550208721;5.2651812617587375,2.7019389950697932e-5,0.5287770360117175,1.2638791775147655,0.5355928248535708,1.2830494338887986,0.8291203561676036,0.6944444444444444,0.13467591172315918,0.6944444444444444,0.13467591172315918
ER(0.5),10,1,20271612,25,norm_fit,13.00781124345808;5.607620640525281;5.614140490070216,2.654738069248062e-5,0.5711060233387818,1.4024926867938456,0.5803757248786897,1.428944435578178,0.8291203561676036,0.6944444444444444,0.13467591172315918,0.6944444444444444,0.13467591172315918
ER(0.5),10,2,20271613,23,emp,-,0.0,0.0,0.0,1.438620659532677e-17,2.208170439247859e-17,0.8543331415118044,0.8425775534435817,0.011755588068222744,0.8425775534435817,0.011755588068222744
ER(0.5),10,2,20271613,23,paper,-,3.0107734117152432e-5,0.13100432462211947,0.1954581301762011,0.1368135743772882,0.28926757603831627,0.8543331415118044,0.7690712401407075,0.0852619013710969,0.7980727382756109,0.056260403236193524
ER(0.5),10,2,20271613,23,tri_init,0.0;0.0;1.0;1.0,4.706328685528253e-5,0.4973155421735896,0.7018977232461507,0.363193984970036,0.49726700781223454,0.8543331415118044,0.8425867311572952,0.011746410354509185,0.8425867311572952,0.011746410354509185
ER(0.5),10,2,20271613,23,tri_25,0.0;-0.3884956187812447;1.356189109674669;2.0,3.706182061677142e-5,0.4888373195601256,0.9051322100602769,0.24636500309251255,0.41250613995786334,0.8543331415118044,0.48655264213288135,0.36778049937892304,0.48655264213288135,0.36778049937892304
ER(0.5),10,2,20271613,23,tri_50,0.0;-0.3884956187812447;1.356189109674669;2.0,3.706182061677142e-5,0.4888373195601256,0.9051322100602769,0.24636500309251255,0.41250613995786334,0.8543331415118044,0.48655264213288135,0.36778049937892304,0.48655264213288135,0.36778049937892304
ER(0.5),10,2,20271613,23,tri_fit,0.35524596533193337;-0.2970335573780176;1.4031455545663696;1.9727269860576397,3.705128702950084e-5,0.4864978140020656,0.9084738328928764,0.24583023165431545,0.4144169541719796,0.8543331415118044,0.48655264213288135,0.36778049937892304,0.48655264213288135,0.36778049937892304
ER(0.5),10,2,20271613,23,norm_init,11.5;1.0;1.0,0.00018093856152669386,0.4173471707985291,0.2108983234218605,0.41734717481050293,0.210898324856269,0.8543331415118044,0.7187500000000001,0.13558314151180428,0.7187500000000001,0.13558314151180428
ER(0.5),10,2,20271613,23,norm_25,12.252808268550496;15.463556370061873;2.987606398954214,3.537018451712684e-5,1.0581924138387186,2.6053381710958283,1.1882188202115287,2.9261977506820447,0.8543331415118044,0.71875,0.1355831415118044,0.71875,0.1355831415118044
ER(0.5),10,2,20271613,23,norm_50,11.98284433396939;8.127135143508802;3.8243310521019747,3.0329435802303553e-5,0.6578299683342604,1.5879263366843994,0.6790235618510496,1.644897582599115,0.8543331415118044,0.71875,0.1355831415118044,0.71875,0.1355831415118044
ER(0.5),10,2,20271613,23,norm_fit,11.962630383194373;6.587449314260396;5.11078747290147,2.934116827824519e-5,0.5900317088667602,1.4406479773508243,0.601721485161191,1.474222224827619,0.8543331415118044,0.71875,0.1355831415118044,0.71875,0.1355831415118044
ER(0.25),10,1,20281612,10,emp,-,0.0,0.0,0.0,0.0,0.0,0.7733028772858347,0.757765396128019,0.015537481157815725,0.757765396128019,0.015537481157815725
ER(0.25),10,1,20281612,10,paper,-,2.5459938559797245e-5,142.70921176008682,372.0020914540937,0.04832194833268092,0.10956055418038173,0.7733028772858347,0.7733028772858347,0.0,0.7311020805786971,0.04220079670713761
ER(0.25),10,1,20281612,10,tri_init,0.0;0.0;1.0;1.0,6.194539144237273e-5,0.22594400229121728,0.3809500827669665,0.1607898629358685,0.25774193318373084,0.7733028772858347,0.757765396128019,0.015537481157815725,0.757765396128019,0.015537481157815725
ER(0.25),10,1,20281612,10,tri_25,2.2632295388365975;0.07872626924501609;1.0152384028145922;0.9656357760773377,6.189678650467862e-5,0.21673628168061762,0.36449430052152454,0.16117012889579752,0.2593430544438948,0.7733028772858347,0.757765396128019,0.015537481157815725,0.757765396128019,0.015537481157815725
ER(0.25),10,1,20281612,10,tri_50,5.709328770084401;-0.2607230642345325;0.7174925068155626;0.8295673751559286,5.6376009080161526e-5,0.19659003538054595,0.29757566652438827,0.18648054769029818,0.2806518270031857,0.7733028772858347,0.757765396128019,0.015537481157815725,0.757765396128019,0.015537481157815725
ER(0.25),10,1,20281612,10,tri_fit,5.3166877581176415;-0.057247523008118584;0.7280134353444038;0.8201628609409719,5.581959617743124e-5,0.19607626744466167,0.2928705270681323,0.18514708447406591,0.2749663652374616,0.7733028772858347,0.7311020805786971,0.04220079670713761,0.7311020805786971,0.04220079670713761
ER(0.25),10,1,20281612,10,norm_init,5.0;1.0;1.0,0.00021629583096619085,0.29792510270907946,0.18983198190956715,0.2979251057600444,0.1898319827516281,0.7733028772858347,0.5555555555555557,0.217747321730279,0.5555555555555557,0.217747321730279
ER(0.25),10,1,20281612,10,norm_25,4.653641708677021;7.763645267500411;2.255233726012912,6.335055675757064e-5,0.6100276387859025,0.9881078793014038,0.6324903778894508,1.0258921111686212,0.7733028772858347,0.5555555555555556,0.2177473217302791,0.5555555555555556,0.2177473217302791
ER(0.25),10,1,20281612,10,norm_50,5.288076042618998;2.892480095666269;2.6393277031394504,3.016467535816586e-5,0.13126294037074748,0.15484649804415299,0.13133656659459608,0.15490614608576087,0.7733028772858347,0.5555555555555556,0.2177473217302791,0.5555555555555556,0.2177473217302791
ER(0.25),10,1,20281612,10,norm_fit,5.083764176699915;2.7299817571800946;2.6362144588025056,2.811360821476623e-5,0.12295472939131476,0.14832909542206416,0.12300015068693552,0.14835774100397014,0.7733028772858347,0.5555555555555556,0.2177473217302791,0.5555555555555556,0.2177473217302791
ER(0.25),10,2,20281613,9,emp,-,0.0,0.0,0.0,2.631800734864707e-17,2.6760253334393858e-17,0.7454446386409631,0.704585954673947,0.040858683967016085,0.704585954673947,0.040858683967016085
ER(0.25),10,2,20281613,9,paper,-,1.5051916668621638e-6,162.04222538223905,396.5984690670572,0.021487851704069277,0.018090187832580353,0.7454446386409631,0.7425859917218808,0.0028586469190823305,0.704585954673947,0.040858683967016085
ER(0.25),10,2,20281613,9,tri_init,0.0;0.0;1.0;1.0,5.735370680171613e-5,0.18830315198392228,0.31021378633966074,0.13833153376382404,0.20201164693974205,0.7454446386409631,0.704585954673947,0.040858683967016085,0.704585954673947,0.040858683967016085
ER(0.25),10,2,20281613,9,tri_25,0.0;0.0;1.0;1.0,5.735370680171613e-5,0.18830315198392228,0.31021378633966074,0.13833153376382404,0.20201164693974205,0.7454446386409631,0.704585954673947,0.040858683967016085,0.704585954673947,0.040858683967016085
ER(0.25),10,2,20281613,9,tri_50,1.7126027020596775;0.746933218842708;0.905904725379727;0.7165552016832258,4.899077732830232e-5,0.17593149130878827,0.25360722708065525,0.1523962584726434,0.2090632168253167,0.7454446386409631,0.6224394151463669,0.1230052234945962,0.6224394151463669,0.1230052234945962
ER(0.25),10,2,20281613,9,tri_fit,2.623908358760394;1.4740449895839716;0.9963232250801566;0.3955315562561985,4.41554650031253e-5,0.16896790989782237,0.23523592608497834,0.16616470645757894,0.22990862527535585,0.7454446386409631,0.704585954673947,0.040858683967016085,0.704585954673947,0.040858683967016085
ER(0.25),10,2,20281613,9,norm_init,4.5;1.0;1.0,0.00018957622445890478,0.2988573935409595,0.21530869761899857,0.2988574414209098,0.21530871039781727,0.7454446386409631,0.5000000000000001,0.245444638640963,0.5000000000000001,0.245444638640963
ER(0.25),10,2,20281613,9,norm_25,4.756082972667184;2.2588014991550525;2.3508909337708253,1.2532752565405773e-5,0.12311174042534294,0.15455668582892937,0.12313603104989644,0.15454346437811473,0.7454446386409631,0.5000000000000001,0.245444638640963,0.5000000000000001,0.245444638640963
ER(0.25),10,2,20281613,9,norm_50,4.62792288620071;2.5709031829837414;2.973444305503481,1.1257056587070207e-5,0.1322225347715008,0.18284218865978932,0.1323227409376594,0.18291419882751347,0.7454446386409631,0.5,0.2454446386409631,0.5,0.2454446386409631
ER(0.25),10,2,20281613,9,norm_fit,4.460611982925353;2.5235084085685178;2.4910746867581492,7.732128993360787e-6,0.12560556295618644,0.1649567644384553,0.12564681981850617,0.1649600404252484,0.7454446386409631,0.5,0.2454446386409631,0.5,0.2454446386409631
BA(k=2),10,1,20291612,16,emp,-,0.0,0.0,0.0,0.0,0.0,0.764315783551763,0.7362843700323134,0.0280314135194496,0.7362843700323134,0.0280314135194496
BA(k=2),10,1,20291612,16,paper,-,4.9069009400235446e-5,11.096893839500476,28.731106536438084,0.10324354896762228,0.16661908194693964,0.764315783551763,0.7568524269571473,0.007463356594615722,0.7362843700323134,0.0280314135194496
BA(k=2),10,1,20291612,16,tri_init,0.0;0.0;1.0;1.0,6.987656374210624e-5,0.3409690670152574,0.5085332808196219,0.24489424657081102,0.3515990158208177,0.764315783551763,0.764315783551763,0.0,0.764315783551763,0.0
BA(k=2),10,1,20291612,16,tri_25,2.4939596472334546;0.6198015521627286;0.943038076517097;0.8556604018519012,6.800813279003875e-5,0.3226497487166935,0.4453703827267373,0.26052386338102906,0.3526648583595078,0.764315783551763,0.7598007078560082,0.004515075695754822,0.7598007078560082,0.004515075695754822
BA(k=2),10,1,20291612,16,tri_50,2.0602489128596466;0.8185121920782772;0.8999631732440059;0.8369853153526384,6.788537053398294e-5,0.32375754696230924,0.4337052486143757,0.2660917880595408,0.3507062578581893,0.764315783551763,0.4272499587345979,0.33706582481716507,0.4272499587345979,0.33706582481716507
BA(k=2),10,1,20291612,16,tri_fit,1.7718063861167976;0.580169921504256;0.975395512764388;1.007324667608946,6.710641505994696e-5,0.3270113924059914,0.470212128814984,0.24193003860292395,0.3375703579535064,0.764315783551763,0.4272499587345979,0.33706582481716507,0.4272499587345979,0.33706582481716507
BA(k=2),10,1,20291612,16,norm_init,8.0;1.0;1.0,0.00018387617537285477,0.3526936051660686,0.21007502032270509,0.35269360556956564,0.210075020465264,0.764315783551763,0.6153846153846155,0.14893116816714747,0.6153846153846155,0.14893116816714747
BA(k=2),10,1,20291612,16,norm_25,10.07474500819222;2.9268372644703065;5.670488008078987,9.560720730731131e-5,0.3433427014986556,0.6450791621776168,0.34596486242187635,0.6519110402581068,0.764315783551763,0.6153846153846154,0.14893116816714758,0.6153846153846154,0.14893116816714758
BA(k=2),10,1,20291612,16,norm_50,8.615255368095426;5.720350855962532;4.186941129154252,5.71702649890323e-5,0.4500032876755307,1.0090020644348519,0.4556063133894985,1.0243785578969213,0.764315783551763,0.6153846153846154,0.14893116816714758,0.6153846153846154,0.14893116816714758
BA(k=2),10,1,20291612,16,norm_fit,8.320082120310579;3.3684403905119167;2.950582801828853,4.6969830972971995e-5,0.20867587363011672,0.2853732543771396,0.2088568829642094,0.28579229648962495,0.764315783551763,0.6153846153846154,0.14893116816714758,0.6153846153846154,0.14893116816714758
BA(k=2),10,2,20291613,16,emp,-,0.0,0.0,0.0,0.0,0.0,0.8552511869773533,0.8452109891838405,0.010040197793512728,0.8452109891838405,0.010040197793512728
BA(k=2),10,2,20291613,16,paper,-,4.196125510139599e-5,11.100548741180312,35.22547398291533,0.10249123635529478,0.2210946032148606,0.8552511869773533,0.8548044668804743,0.00044672009687896086,0.8094628048487785,0.04578838212857472
BA(k=2),10,2,20291613,16,tri_init,0.0;0.0;1.0;1.0,5.357236896119769e-5,0.35505485235869094,0.5696795524098276,0.25489058876584475,0.3998912984882267,0.8552511869773533,0.8552511869773533,0.0,0.8552511869773533,0.0
BA(k=2),10,2,20291613,16,tri_25,0.0;0.0;1.0;1.0,5.357236896119769e-5,0.35505485235869094,0.5696795524098276,0.25489058876584475,0.3998912984882267,0.8552511869773533,0.8552511869773533,0.0,0.8552511869773533,0.0
BA(k=2),10,2,20291613,16,tri_50,0.0;-0.03860796495487445;1.0334725571623402;1.1686443424045339,5.0225848339354874e-5,0.3522909890919376,0.5852560569845514,0.23429897613587952,0.3790396648372046,0.8552511869773533,0.8452109891838405,0.010040197793512728,0.8452109891838405,0.010040197793512728
BA(k=2),10,2,20291613,16,tri_fit,0.9356663269946821;-0.10766240208335934;1.2075509073340616;1.4798440936770434,4.8701393750660264e-5,0.3492671841286807,0.6338378683218149,0.20185521146880955,0.35092992100293774,0.8552511869773533,0.5047052774064261,0.35054590957092713,0.5047052774064261,0.35054590957092713
BA(k=2),10,2,20291613,16,norm_init,8.0;1.0;1.0,0.0002387823193066633,0.35088362751060725,0.18731027792404015,0.3508836279229232,0.18731027805697564,0.8552511869773533,0.6666666666666669,0.1885845203106864,0.6666666666666669,0.1885845203106864
BA(k=2),10,2,20291613,16,norm_25,7.700398665100047;3.188906914664006;6.8501757675706205,4.2480983990688226e-5,0.39146187699746354,0.7218849318906803,0.39688086037212905,0.7332333700154181,0.8552511869773533,0.6666666666666666,0.18858452031068662,0.6666666666666666,0.18858452031068662
BA(k=2),10,2,20291613,16,norm_50,8.380779867380197;3.782881547741459;6.985633883740146,4.074645661106233e-5,0.42432662717834174,0.7875793246642924,0.4311479372743119,0.8021718529841357,0.8552511869773533,0.6666666666666666,0.18858452031068662,0.6666666666666666,0.18858452031068662
BA(k=2),10,2,20291613,16,norm_fit,8.159412731803599;4.814314945700114;5.114043214786201,3.8940299352020436e-5,0.3887023726030858,0.7102031225245284,0.39263902124245526,0.718598930394829,0.8552511869773533,0.6666666666666666,0.18858452031068662,0.6666666666666666,0.18858452031068662
BA(k=4),10,1,20301612,24,emp,-,0.0,0.0,0.0,0.0,0.0,0.7889440340703954,0.7790069567955543,0.009937077274841055,0.7790069567955543,0.009937077274841055
BA(k=4),10,1,20301612,24,paper,-,2.9179682343763956e-5,0.3265336167427547,0.11276356649075608,0.14166029340082895,0.2910953314870058,0.7889440340703954,0.40219078559316984,0.38675324847722553,0.7394814718321814,0.04946256223821399
BA(k=4),10,1,20301612,24,tri_init,0.0;0.0;1.0;1.0,4.460491277905761e-5,0.5127762423215457,0.7077031137581674,0.373227742933775,0.4981687381731829,0.7889440340703954,0.7787073785890634,0.010236655481332013,0.7787073785890634,0.010236655481332013
BA(k=4),10,1,20301612,24,tri_25,15.29711512537821;0.5875224106220663;1.5845937610522385;1.7102267296297153,3.6876085592643586e-5,0.39215188344958035,0.6901382304675441,0.2567867354573021,0.42014625805911576,0.7889440340703954,0.4579924152270538,0.33095161884334157,0.4579924152270538,0.33095161884334157
BA(k=4),10,1,20301612,24,tri_50,15.003857267438152;-0.32844060263866015;1.4083688983597336;1.9046699685563033,3.6874729883884614e-5,0.3942823446434613,0.6969133300857772,0.25576423742352905,0.4194456459080265,0.7889440340703954,0.4579924152270538,0.33095161884334157,0.4579924152270538,0.33095161884334157
BA(k=4),10,1,20301612,24,tri_fit,15.134512612354852;-0.32480813981779066;1.415608445941786;1.9029973426670217,3.6874438056253455e-5,0.3932960104256613,0.6964543936574571,0.2554938715517785,0.4197354415763751,0.7889440340703954,0.4579924152270538,0.33095161884334157,0.4579924152270538,0.33095161884334157
BA(k=4),10,1,20301612,24,norm_init,12.0;1.0;1.0,0.00016478457497396914,0.42194268484384617,0.24433434532172058,0.42194268533795076,0.2443343454899306,0.7889440340703954,0.6666666666666667,0.12227736740372863,0.6666666666666667,0.12227736740372863
BA(k=4),10,1,20301612,24,norm_25,12.47690607039603;7.506168964630661;8.232709668739117,3.169739004578601e-5,0.7765869101106814,2.0951644514397314,0.8113910370442537,2.1997137677554264,0.7889440340703954,0.6666666666666666,0.12227736740372874,0.6666666666666666,0.12227736740372874
BA(k=4),10,1,20301612,24,norm_50,12.18868777781695;8.937319757386422;5.500227071219948,3.065829959333056e-5,0.7414113372936879,1.946982373186743,0.7718994535909869,2.035816799034583,0.7889440340703954,0.6666666666666666,0.12227736740372874,0.6666666666666666,0.12227736740372874
BA(k=4),10,1,20301612,24,norm_fit,12.597016451543077;5.49198016822175;4.7319419732119306,2.8192776586542547e-5,0.5063795748382133,1.1769275601087061,0.5122057842842378,1.1932380382743506,0.7889440340703954,0.6666666666666666,0.12227736740372874,0.6666666666666666,0.12227736740372874
BA(k=4),10,2,20301613,24,emp,-,0.0,0.0,0.0,0.0,0.0,0.7631027099585608,0.7476105762293195,0.015492133729241298,0.7476105762293195,0.015492133729241298
BA(k=4),10,2,20301613,24,paper,-,2.651744000733673e-5,0.3357091261283436,0.11750147667502589,0.1403126157204761,0.2875935509321543,0.7631027099585608,0.39466787817383925,0.36843483178472153,0.7034247743550212,0.05967793560353962
BA(k=4),10,2,20301613,24,tri_init,0.0;0.0;1.0;1.0,4.1215300542263566e-5,0.5153302669379692,0.7036137949379135,0.37525301163812774,0.49453921345757534,0.7631027099585608,0.7559645521596011,0.0071381577989596545,0.7559645521596011,0.0071381577989596545
BA(k=4),10,2,20301613,24,tri_25,8.404304644254495;1.1090573933247088;1.34179541243402;1.2543691942616335,3.4665379268139804e-5,0.44567721402620564,0.6733997909135326,0.3054046733261541,0.43994995285169153,0.7631027099585608,0.43839442582058924,0.32470828413797154,0.43839442582058924,0.32470828413797154
BA(k=4),10,2,20301613,24,tri_50,9.575838054856234;1.0806650157374122;1.3834996305542233;1.2677187111294483,3.438944400639422e-5,0.4365376215777078,0.6709319214422388,0.3008311557163552,0.4404242586187026,0.7631027099585608,0.43839442582058924,0.32470828413797154,0.43839442582058924,0.32470828413797154
BA(k=4),10,2,20301613,24,tri_fit,9.306217077856891;1.9358860515807474;1.858299261237859;1.2315978917798416,3.347548746052301e-5,0.4381910462088781,0.7667410782705162,0.26990116513130774,0.43721789304275244,0.7631027099585608,0.7631027099585608,0.0,0.7631027099585608,0.0
BA(k=4),10,2,20301613,24,norm_init,12.0;1.0;1.0,0.0001731783117471008,0.4231982742675345,0.24888089181047118,0.4231982747634829,0.24888089197639576,0.7631027099585608,0.6315789473684211,0.13152376259013965,0.6315789473684211,0.13152376259013965
BA(k=4),10,2,20301613,24,norm_25,13.03982018187207;1.8991402288203532;8.022007511246905,3.7888823011579684e-5,0.7746998845567175,1.5722925372479124,0.7967227752308728,1.619481131537277,0.7631027099585608,0.631578947368421,0.13152376259013976,0.631578947368421,0.13152376259013976
BA(k=4),10,2,20301613,24,norm_50,11.800589839109191;3.926591626181078;8.4559092910273,2.8736705350101576e-5,0.7257759089928496,1.8006621945135324,0.7510160508267105,1.8682511712685719,0.7631027099585608,0.631578947368421,0.13152376259013976,0.631578947368421,0.13152376259013976
BA(k=4),10,2,20301613,24,norm_fit,12.233605830508832;4.8951650901956025;5.709009228680316,2.5918385542289746e-5,0.5353447546363337,1.283601160336438,0.542687944397625,1.3041132521071588,0.7631027099585608,0.631578947368421,0.13152376259013976,0.631578947368421,0.13152376259013976
WS(k=4;b=0.1),10,1,20311612,20,emp,-,0.0,0.0,0.0,0.0,0.0,0.8214059700700221,0.7977374699585061,0.023668500111516,0.7977374699585061,0.023668500111516
WS(k=4;b=0.1),10,1,20311612,20,paper,-,3.857885161635559e-5,0.6641407148899672,1.9064824062395627,0.13967050061470787,0.2354817144064738,0.8214059700700221,0.8214059700700221,0.0,0.7977374699585061,0.023668500111516
WS(k=4;b=0.1),10,1,20311612,20,tri_init,0.0;0.0;1.0;1.0,5.16864671713384e-5,0.45071210518551563,0.6102867044713517,0.3303945061404616,0.4273456904569489,0.8214059700700221,0.8187789742402043,0.0026269958298178464,0.8187789742402043,0.0026269958298178464
WS(k=4;b=0.1),10,1,20311612,20,tri_25,9.701103696454354;-1.5962452199242767;0.939194832040926;2.0,4.277035980520017e-5,0.38078628351946175,0.6109571220207279,0.24706598476178612,0.3642638731989229,0.8214059700700221,0.4436505345801819,0.37775543548984025,0.4436505345801819,0.37775543548984025
WS(k=4;b=0.1),10,1,20311612,20,tri_50,0.0;0.377568622974217;1.3790391711716627;1.5537019797498495,4.260220828462022e-5,0.4428779538109244,0.7394039511463252,0.24793179134388962,0.3710313748037163,0.8214059700700221,0.4436505345801819,0.37775543548984025,0.4436505345801819,0.37775543548984025
WS(k=4;b=0.1),10,1,20311612,20,tri_fit,5.52212597953827;1.033272363547913;1.6907235289467566;1.5895670619666558,4.2297023636429014e-5,0.40848543982347146,0.7264991036887507,0.23085858533762776,0.36267863900850367,0.8214059700700221,0.6666666666666667,0.1547393034033554,0.6666666666666667,0.1547393034033554
WS(k=4;b=0.1),10,1,20311612,20,norm_init,10.0;1.0;1.0,0.0002152132611177454,0.4001631121501065,0.2224175397053353,0.40016311260252146,0.22241753986360405,0.8214059700700221,0.6666666666666667,0.1547393034033554,0.6666666666666667,0.1547393034033554
WS(k=4;b=0.1),10,1,20311612,20,norm_25,9.206290692222282;7.933696744299301;10.645894068091781,4.3264831198034e-5,0.7818570439012331,2.1305929354805113,0.8344861632797544,2.2893228002076746,0.8214059700700221,0.6666666666666666,0.1547393034033555,0.6666666666666666,0.1547393034033555
WS(k=4;b=0.1),10,1,20311612,20,norm_50,10.53586557464013;8.655060266572285;9.998952237688549,4.020504534482493e-5,0.781371230355613,2.1266483500243485,0.8333181649607522,2.284327398718595,0.8214059700700221,0.6666666666666666,0.1547393034033555,0.6666666666666666,0.1547393034033555
WS(k=4;b=0.1),10,1,20311612,20,norm_fit,10.513571124392355;8.176060400035862;9.45577749197865,3.942426795587594e-5,0.7612494848498476,2.058776519933792,0.8056869904430655,2.193193446403471,0.8214059700700221,0.6666666666666666,0.1547393034033555,0.6666666666666666,0.1547393034033555
WS(k=4;b=0.1),10,2,20311613,20,emp,-,0.0,0.0,0.0,0.0,0.0,0.8830016879751563,0.8564218259794526,0.026579861995703724,0.8564218259794526,0.026579861995703724
WS(k=4;b=0.1),10,2,20311613,20,paper,-,4.2788208659606104e-5,0.6662839421018059,1.9150577963614348,0.13506300527701884,0.24530141905748382,0.8830016879751563,0.8830016879751563,0.0,0.8564218259794526,0.026579861995703724
WS(k=4;b=0.1),10,2,20311613,20,tri_init,0.0;0.0;1.0;1.0,5.566988481335716e-5,0.45268891963309765,0.6270890709165234,0.3308538564195969,0.4424138402618895,0.8830016879751563,0.8810892086303569,0.0019124793447994337,0.8810892086303569,0.0019124793447994337
WS(k=4;b=0.1),10,2,20311613,20,tri_25,3.6208703488660547;0.6734597535602631;1.0282515956516556;1.3534103577551542,4.8627239140610465e-5,0.41715174139123407,0.5960244273199853,0.28144601527199536,0.38556758316591266,0.8830016879751563,0.47078090196998496,0.41222078600517137,0.47078090196998496,0.41222078600517137
WS(k=4;b=0.1),10,2,20311613,20,tri_50,0.0;-0.6067111461421033;0.9592507663313785;1.5865812485603572,4.6187389522251934e-5,0.443643621314005,0.6843158612202193,0.27044568029248983,0.3933560828633323,0.8830016879751563,0.48164368438658356,0.40135800358857276,0.48164368438658356,0.40135800358857276
WS(k=4;b=0.1),10,2,20311613,20,tri_fit,0.0;-0.20086451072822825;1.3362725240348787;1.69463694316177,4.4396844232607284e-5,0.4440989772295024,0.7795869338958309,0.24025825761558955,0.3855673924683422,0.8830016879751563,0.48164368438658356,0.40135800358857276,0.48164368438658356,0.40135800358857276
WS(k=4;b=0.1),10,2,20311613,20,norm_init,10.0;1.0;1.0,0.00022880744997660319,0.3902815275110963,0.19777589876174717,0.3902815279668187,0.19777589892604341,0.8830016879751563,0.7142857142857144,0.1687159736894419,0.7142857142857144,0.1687159736894419
WS(k=4;b=0.1),10,2,20311613,20,norm_25,8.906967576691194;4.852989858151494;13.343417500321744,4.686022523602112e-5,0.8298671520495656,2.2035532388761125,0.8997725043723211,2.401993092566773,0.8830016879751563,0.7142857142857143,0.16871597368944202,0.7142857142857143,0.16871597368944202
WS(k=4;b=0.1),10,2,20311613,20,norm_50,9.522707557001224;5.466808905186702;11.447843255086944,4.2135683780827345e-5,0.7676084979975306,2.039587991791153,0.8171738205788676,2.182949844399365,0.8830016879751563,0.7142857142857143,0.16871597368944202,0.7142857142857143,0.16871597368944202
WS(k=4;b=0.1),10,2,20311613,20,norm_fit,10.382980590864682;7.26943051626066;5.021594704157626,3.8065604741583465e-5,0.5962334746805902,1.5018806941761498,0.61190974516667,1.5467225675449177,0.8830016879751563,0.7142857142857143,0.16871597368944202,0.7142857142857143,0.16871597368944202
WS(k=4;b=0.5),10,1,20321612,20,emp,-,0.0,0.0,0.0,9.853312589974698e-18,6.2546344413855015e-18,0.7708994014109336,0.7481572530467326,0.022742148364200965,0.7481572530467326,0.022742148364200965
WS(k=4;b=0.5),10,1,20321612,20,paper,-,3.299781481817944e-5,0.6499167473762514,1.8931477864132384,0.12167575701934921,0.22109451613973957,0.7708994014109336,0.7632394219890389,0.007659979421894669,0.7481572530467326,0.022742148364200965
WS(k=4;b=0.5),10,1,20321612,20,tri_init,0.0;0.0;1.0;1.0,4.711089277732351e-5,0.4354070135509129,0.5941369902104943,0.3150591910655307,0.412713744310241,0.7708994014109336,0.7702789659135889,0.0006204354973446957,0.7702789659135889,0.0006204354973446957
WS(k=4;b=0.5),10,1,20321612,20,tri_25,0.0;1.2544366697225338;1.653924075888212;0.9979980615646227,4.463135476760173e-5,0.4323779565838446,0.7281327505519773,0.25541464804656655,0.3953771101254878,0.7708994014109336,0.7702789659135889,0.0006204354973446957,0.7702789659135889,0.0006204354973446957
WS(k=4;b=0.5),10,1,20321612,20,tri_50,0.4776374289155863;2.7938844769822566;2.0;1.1404423229395386,4.2937005837605904e-5,0.4279740008310954,0.7601736150491987,0.22485257870045017,0.35562500668204133,0.7708994014109336,0.6250000000000001,0.1458994014109335,0.6250000000000001,0.1458994014109335
WS(k=4;b=0.5),10,1,20321612,20,tri_fit,4.807186527065597;2.3238730956861686;1.826310082033649;1.0512051970188943,4.260850952598274e-5,0.3995698403750386,0.672623581305147,0.2386942436875365,0.3682069199186032,0.7708994014109336,0.7708994014109336,0.0,0.7708994014109336,0.0
WS(k=4;b=0.5),10,1,20321612,20,norm_init,10.0;1.0;1.0,0.00018133752417179297,0.3887393243088629,0.2419149777271459,0.38873932476253203,0.24191497788153854,0.7708994014109336,0.6250000000000001,0.1458994014109335,0.6250000000000001,0.1458994014109335
WS(k=4;b=0.5),10,1,20321612,20,norm_25,9.212522857719295;5.570612772224015;3.4325528790142092,4.0887420027899347e-5,0.42983443077261624,0.9463952508459585,0.4342358600012999,0.9577862955139729,0.7708994014109336,0.625,0.1458994014109336,0.625,0.1458994014109336
WS(k=4;b=0.5),10,1,20321612,20,norm_50,10.540014917114192;4.072060809234371;4.978560190397947,3.333535017946106e-5,0.3903605629824124,0.8472525562156534,0.3930932246792924,0.8545538867577429,0.7708994014109336,0.625,0.1458994014109336,0.625,0.1458994014109336
WS(k=4;b=0.5),10,1,20321612,20,norm_fit,10.170054801461914;4.405525780398489;4.530775996472661,3.215235826177709e-5,0.3828819678278245,0.8312976437809081,0.38529198373457396,0.8377823576195319,0.7708994014109336,0.625,0.1458994014109336,0.625,0.1458994014109336
WS(k=4;b=0.5),10,2,20321613,20,emp,-,0.0,0.0,0.0,0.0,0.0,0.7756670158030848,0.7511679128345011,0.024499102968583708,0.7511679128345011,0.024499102968583708
WS(k=4;b=0.5),10,2,20321613,20,paper,-,3.030859014113103e-5,0.6524351613455078,1.893818867366143,0.12257567574922128,0.2208008104537441,0.7756670158030848,0.7672679143859709,0.008399101417113974,0.7511679128345011,0.024499102968583708
WS(k=4;b=0.5),10,2,20321613,20,tri_init,0.0;0.0;1.0;1.0,4.41531903058612e-5,0.4404563304360044,0.5933924014690158,0.31987291091114656,0.41164380153128083,0.7756670158030848,0.7744366831336084,0.001230332669476475,0.7744366831336084,0.001230332669476475
WS(k=4;b=0.5),10,2,20321613,20,tri_25,0.0;3.1760782603660624;1.6168764891610365;0.6857529598112126,4.034285298756072e-5,0.4334772270913957,0.6125390971966578,0.2828712506740831,0.3755993363120575,0.7756670158030848,0.4146980986665216,0.36096891713656326,0.4146980986665216,0.36096891713656326
WS(k=4;b=0.5),10,2,20321613,20,tri_50,4.86621789189672;1.7846900891640978;1.6784844337947327;1.2448882704242692,3.8275186486828186e-5,0.40171542209447747,0.6641062938589829,0.23798481020148307,0.35787671790330366,0.7756670158030848,0.42425524093766565,0.3514117748654192,0.42425524093766565,0.3514117748654192
WS(k=4;b=0.5),10,2,20321613,20,tri_fit,4.655512828097408;1.5398577244413072;1.7145910903366026;1.3007045189143174,3.81821090162082e-5,0.40379838113464545,0.690305335964089,0.23358697012231355,0.3603290246074108,0.7756670158030848,0.4698098143346001,0.3058572014684847,0.4698098143346001,0.3058572014684847
WS(k=4;b=0.5),10,2,20321613,20,norm_init,10.0;1.0;1.0,0.00019760838494244776,0.3914547567291017,0.24009436201409995,0.3914547571837785,0.24009436216965963,0.7756670158030848,0.6250000000000001,0.15066701580308473,0.6250000000000001,0.15066701580308473
WS(k=4;b=0.5),10,2,20321613,20,norm_25,11.412816097068221;1.6973144357018777;1.0254623413828607,0.00014225281081544844,0.27515641287464637,0.20792759571906527,0.27515690985899965,0.20792790736735547,0.7756670158030848,0.6250000000000001,0.15066701580308473,0.6250000000000001,0.15066701580308473
WS(k=4;b=0.5),10,2,20321613,20,norm_50,10.048552387740482;3.14138695900045;6.696367079378935,3.1545619890870857e-5,0.4840427588332434,1.0887639430580305,0.4914674621533421,1.1075162340287779,0.7756670158030848,0.625,0.15066701580308484,0.625,0.15066701580308484
WS(k=4;b=0.5),10,2,20321613,20,norm_fit,10.410954820933602;4.378214966691482;5.155110258772478,2.939015563660229e-5,0.4191469975695212,0.9443521929245393,0.42277250826301177,0.9542068418003568,0.7756670158030848,0.625,0.15066701580308484,0.625,0.15066701580308484
3-regular,10,1,20331612,15,emp,-,0.0,0.0,0.0,0.0,0.0,0.8122931391636959,0.7995475428623084,0.012745596301387496,0.7995475428623084,0.012745596301387496
3-regular,10,1,20331612,15,paper,-,0.00015599575460680301,20.158494897145957,61.64372033573326,0.1129215245956282,0.19463858182246627,0.8122931391636959,0.8026265571794586,0.00966658198423731,0.7617779718342926,0.05051516732940331
3-regular,10,1,20331612,15,tri_init,0.0;0.0;1.0;1.0,0.00016928698624934458,0.34349210735140506,0.5229781943815148,0.252734631982618,0.36311875471586724,0.8122931391636959,0.8122931391636959,0.0,0.8122931391636959,0.0
3-regular,10,1,20331612,15,tri_25,1.6494691856646864;1.3121313295483457;1.3850056608347616;1.097231573043854,0.00016671767425200529,0.33485688354668114,0.5485381945816937,0.21676381354049956,0.3242970154153065,0.8122931391636959,0.466863302726733,0.34542983643696296,0.466863302726733,0.34542983643696296
3-regular,10,1,20331612,15,tri_50,0.9399634015581885;0.8442858638636774;1.3367477641411805;1.0951691335738762,0.0001666951983397183,0.33942364160521993,0.5645326465860346,0.22130632857671753,0.3357483233469303,0.8122931391636959,0.7995475428623084,0.012745596301387496,0.7995475428623084,0.012745596301387496
3-regular,10,1,20331612,15,tri_fit,0.5816091925724641;1.2232866494332721;1.3897866427913945;1.0856850315052624,0.00016654345349781393,0.3411623797831128,0.5643312371798992,0.21799705759097035,0.3281501619760563,0.8122931391636959,0.7617779718342926,0.05051516732940331,0.7617779718342926,0.05051516732940331
3-regular,10,1,20331612,15,norm_init,7.5;1.0;1.0,0.0003505718095985574,0.3604689317223478,0.20626583322711295,0.3604689349584202,0.20626583425195238,0.8122931391636959,0.6250000000000001,0.18729313916369583,0.6250000000000001,0.18729313916369583
3-regular,10,1,20331612,15,norm_25,7.4847904637427245;4.697891349690186;2.9694331368693394,0.00015740217595209543,0.32806972276391577,0.5275926504284449,0.32977228992584656,0.5311736292752227,0.8122931391636959,0.625,0.18729313916369594,0.625,0.18729313916369594
3-regular,10,1,20331612,15,norm_50,7.609702207114756;5.09264793778053;2.928232749436954,0.0001570413739019643,0.36596757377393324,0.6116513849716694,0.368673979726315,0.617368129889838,0.8122931391636959,0.625,0.18729313916369594,0.625,0.18729313916369594
3-regular,10,1,20331612,15,norm_fit,7.782887521915622;4.668992865155255;4.340033087758746,0.00015456866133623656,0.3651746134377797,0.6143513142327659,0.3676068547960896,0.6195428612150092,0.8122931391636959,0.625,0.18729313916369594,0.625,0.18729313916369594
3-regular,10,2,20331613,15,emp,-,0.0,0.0,0.0,0.0,0.0,0.7681510331415417,0.7476753295394349,0.02047570360210671,0.7476753295394349,0.02047570360210671
3-regular,10,2,20331613,15,paper,-,0.00015416135575707526,20.15198285322377,61.626134697622184,0.10618088950200087,0.16952994672006252,0.7681510331415417,0.7681510331415417,0.0,0.7476753295394349,0.02047570360210671
3-regular,10,2,20331613,15,tri_init,0.0;0.0;1.0;1.0,0.00016681021333848293,0.3408005917374127,0.4970557320963607,0.2485832534048335,0.33980649500608134,0.7681510331415417,0.7637620333718308,0.004388999769710855,0.7637620333718308,0.004388999769710855
3-regular,10,2,20331613,15,tri_25,1.0082935008246325;-0.8371667161532559;1.2014992205429704;1.5384460339933403,0.0001655382512468369,0.340557462525901,0.5925564876014578,0.20241009512643798,0.3081808814318767,0.7681510331415417,0.7476753295394349,0.02047570360210671,0.7476753295394349,0.02047570360210671
3-regular,10,2,20331613,15,tri_50,1.2965299847612801;-0.4798731599329634;1.1264471689408373;1.473209451171868,0.00016543785404439602,0.33718155697233326,0.5513670925581424,0.20812906220304297,0.30323921565983686,0.7681510331415417,0.7081086029483408,0.06004243019320088,0.7081086029483408,0.06004243019320088
3-regular,10,2,20331613,15,tri_fit,4.412938138750439;-0.5583339973206365;1.1136224952832878;1.3866259509508714,0.00016510864734521144,0.3204080679345264,0.5181336247861742,0.21347372332278353,0.3131913251952904,0.7681510331415417,0.7476753295394349,0.02047570360210671,0.7476753295394349,0.02047570360210671
3-regular,10,2,20331613,15,norm_init,7.5;1.0;1.0,0.0003437659460353997,0.35256412402738774,0.23467656946116824,0.35256412728926295,0.23467657044086848,0.7681510331415417,0.5769230769230771,0.19122795621846456,0.5769230769230771,0.19122795621846456
3-regular,10,2,20331613,15,norm_25,8.32469201135531;2.388875440708147;3.458604484855278,0.000167968874407483,0.16546203906879486,0.2166107343569958,0.16553947068332986,0.21671459983093666,0.7681510331415417,0.5769230769230769,0.19122795621846478,0.5769230769230769,0.19122795621846478
3-regular,10,2,20331613,15,norm_50,7.1574194314340875;2.807029333771433;3.823467747994351,0.0001583131310888862,0.19824651767240442,0.3093321372390754,0.19846369736238445,0.3097327429920554,0.7681510331415417,0.5769230769230769,0.19122795621846478,0.5769230769230769,0.19122795621846478
3-regular,10,2,20331613,15,norm_fit,7.619185955651254;4.017451694902109;4.065066469593273,0.0001522585686522033,0.2929063053416504,0.5029843793008117,0.29399825913093114,0.505242136978728,0.7681510331415417,0.5769230769230769,0.19122795621846478,0.5769230769230769,0.19122795621846478
