family,n,inst,m,p,regret,bound,ratio,crude_bound,leakage_bound,argmax_moved
ER(0.5),12,1,38,1,0.027598,0.340309,12.33,4.610558,0.492457,1
ER(0.5),12,1,38,3,0.029402,0.335575,11.41,5.892929,0.82084,1
ER(0.5),12,2,37,1,0.021868,0.368444,16.85,4.553553,0.53754,1
ER(0.5),12,2,37,3,0.025315,0.302692,11.96,5.40744,0.777787,1
ER(0.5),12,3,35,1,0.026456,0.401786,15.19,4.787785,0.577722,1
ER(0.5),12,3,35,3,0.043432,0.485206,11.17,6.639039,1.154738,1
ER(0.5),12,4,37,1,0.01161,0.223593,19.26,3.815061,0.345833,1
ER(0.5),12,4,37,3,0.018577,0.266597,14.35,5.267454,0.675139,1
ER(0.5),12,5,43,1,0.004257,0.181084,42.54,3.570418,0.288535,1
ER(0.5),12,5,43,3,0.024356,0.342024,14.04,6.182916,0.84893,1
ER(0.5),12,6,38,1,0.02612,0.365956,14.01,4.486384,0.528877,1
ER(0.5),12,6,38,3,0.047839,0.520724,10.88,6.805075,1.21635,1
ER(0.5),12,7,33,1,0.02154,0.357605,16.6,4.308051,0.520238,1
ER(0.5),12,7,33,3,0.022452,0.436599,19.45,5.500409,1.083674,1
ER(0.5),12,8,27,1,0.036839,0.385362,10.46,4.469039,0.54861,1
ER(0.5),12,8,27,3,0.022632,0.268836,11.88,4.37774,0.709043,1
ER(0.5),12,9,20,1,0.069087,0.579744,8.39,4.89999,0.781579,1
ER(0.5),12,9,20,3,0.043094,0.373639,8.67,4.847292,0.873156,1
ER(0.5),12,10,41,1,0.015064,0.247184,16.41,4.107194,0.374441,1
ER(0.5),12,10,41,3,0.036327,0.356208,9.81,5.925481,0.878416,1
ER(0.5),14,1,43,1,0.041126,0.416846,10.14,5.293882,0.565305,1
ER(0.5),14,1,43,3,0.042299,0.369849,8.74,6.341695,0.851191,1
ER(0.5),14,2,50,1,0.01745,0.26989,15.47,4.589838,0.395412,1
ER(0.5),14,2,50,3,0.068354,0.565777,8.28,7.744084,1.165696,1
ER(0.5),14,3,47,1,0.038309,0.431655,11.27,5.291605,0.58423,1
ER(0.5),14,3,47,3,0.092985,0.678505,7.3,7.422597,1.311509,1
ER(0.5),14,4,42,1,0.039903,0.45366,11.37,5.630179,0.612584,1
ER(0.5),14,4,42,3,0.060034,0.521506,8.69,6.973912,1.111396,1
ER(0.5),14,5,40,1,0.033651,0.456491,13.57,4.946951,0.621004,1
ER(0.5),14,5,40,3,0.033171,0.528128,15.92,5.594736,1.290395,1
ER(0.5),14,6,52,1,0.016093,0.254958,15.84,4.704822,0.375434,1
ER(0.5),14,6,52,3,0.044289,0.383118,8.65,7.183358,0.853992,1
ER(0.5),14,7,50,1,0.030794,0.363527,11.81,5.368875,0.507132,1
ER(0.5),14,7,50,3,0.031298,0.333715,10.66,6.450676,0.799414,1
ER(0.5),14,8,49,1,0.028075,0.376,13.39,5.145482,0.522859,1
ER(0.5),14,8,49,3,0.071077,0.63168,8.89,7.520882,1.276594,1
ER(0.5),14,9,35,1,0.053955,0.522663,9.69,5.764295,0.693655,1
ER(0.5),14,9,35,3,0.02178,0.281854,12.94,5.547175,0.701899,1
ER(0.5),14,10,45,1,0.017641,0.281203,15.94,4.657961,0.414563,1
ER(0.5),14,10,45,3,0.03589,0.388802,10.83,6.753108,0.889231,1
ER(0.25),12,1,15,1,0.062813,0.605842,9.65,4.465766,0.810066,1
ER(0.25),12,1,15,3,0.03499,0.505933,14.46,4.63758,1.190025,1
ER(0.25),12,2,17,1,0.119521,0.763977,6.39,5.152418,0.962139,1
ER(0.25),12,2,17,3,0.057341,0.458407,7.99,4.72301,1.030495,1
ER(0.25),12,3,15,1,0.083595,0.803886,9.62,4.657259,1.043322,1
ER(0.25),12,3,15,3,0.053773,0.572069,10.64,4.582076,1.377835,1
ER(0.25),12,4,9,1,0.060661,0.588083,9.69,3.681608,0.82254,1
ER(0.25),12,4,9,3,0.021567,0.423642,19.64,3.386286,0.978762,1
ER(0.25),12,5,11,1,0.061494,0.493622,8.03,3.60402,0.71169,1
ER(0.25),12,5,11,3,0.013204,0.263484,19.95,2.909488,0.691735,1
ER(0.25),12,6,19,1,0.064236,0.601401,9.36,4.668968,0.813771,1
ER(0.25),12,6,19,3,0.067386,0.638026,9.47,5.564724,1.463806,1
ER(0.25),12,7,14,1,0.02601,0.459395,17.66,3.522991,0.680737,1
ER(0.25),12,7,14,3,0.051133,0.583944,11.42,4.565003,1.40796,1
ER(0.25),12,8,20,1,0.067605,0.59279,8.77,4.98058,0.795376,1
ER(0.25),12,8,20,3,0.039068,0.441169,11.29,5.328304,1.072237,1
ER(0.25),12,9,18,1,0.059062,0.619064,10.48,4.480659,0.828841,1
ER(0.25),12,9,18,3,0.08981,0.787144,8.76,5.844514,1.709784,1
ER(0.25),12,10,11,1,0.077555,0.639551,8.25,3.78673,0.89019,1
ER(0.25),12,10,11,3,0.026356,0.518354,19.67,4.072374,1.36026,1
ER(0.25),14,1,22,1,0.030491,0.384522,12.61,4.142409,0.551238,1
ER(0.25),14,1,22,3,0.028406,0.417055,14.68,5.291101,0.988359,1
ER(0.25),14,2,24,1,0.067287,0.577843,8.59,4.789879,0.765451,1
ER(0.25),14,2,24,3,0.070009,0.667281,9.53,6.047008,1.445406,1
ER(0.25),14,3,23,1,0.061929,0.64089,10.35,5.162661,0.824821,1
ER(0.25),14,3,23,3,0.094194,0.806446,8.56,6.253645,1.674404,1
ER(0.25),14,4,23,1,0.080925,0.638975,7.9,5.120391,0.813171,1
ER(0.25),14,4,23,3,0.047471,0.605088,12.75,5.810204,1.312688,1
ER(0.25),14,5,26,1,0.061245,0.604231,9.87,5.28167,0.804589,1
ER(0.25),14,5,26,3,0.031845,0.392341,12.32,5.482674,0.949974,1
ER(0.25),14,6,24,1,0.057852,0.57575,9.95,5.375158,0.754453,1
ER(0.25),14,6,24,3,0.029872,0.486436,16.28,5.700088,1.133479,1
ER(0.25),14,7,18,1,0.086978,0.754105,8.67,5.585009,0.909368,1
ER(0.25),14,7,18,3,0.029296,0.402347,13.73,4.751144,0.924223,1
ER(0.25),14,8,24,1,0.062529,0.618731,9.9,5.033926,0.796077,1
ER(0.25),14,8,24,3,0.053493,0.687476,12.85,5.893343,1.468875,1
ER(0.25),14,9,18,1,0.10175,0.681057,6.69,5.063721,0.864409,1
ER(0.25),14,9,18,3,0.032932,0.348915,10.59,4.345671,0.848719,1
ER(0.25),14,10,22,1,0.104306,0.750045,7.19,5.476093,0.913044,1
ER(0.25),14,10,22,3,0.048308,0.605825,12.54,5.967041,1.306343,1
BA(k=2),12,1,20,1,0.05317,0.600267,11.29,4.583681,0.809201,1
BA(k=2),12,1,20,3,0.091319,0.7899,8.65,5.976661,1.697264,1
BA(k=2),12,2,20,1,0.030279,0.361611,11.94,3.989353,0.536044,1
BA(k=2),12,2,20,3,0.010004,0.211815,21.17,3.849684,0.571067,1
BA(k=2),12,3,20,1,0.044838,0.540173,12.05,4.967501,0.74519,1
BA(k=2),12,3,20,3,0.032607,0.360768,11.06,4.842285,0.855813,1
BA(k=2),12,4,20,1,0.063002,0.605079,9.6,5.414197,0.805863,1
BA(k=2),12,4,20,3,0.013079,0.245877,18.8,3.934981,0.663737,1
BA(k=2),12,5,20,1,0.029157,0.553078,18.97,4.289457,0.770051,1
BA(k=2),12,5,20,3,0.026827,0.46508,17.34,4.075661,1.245507,1
BA(k=2),12,6,20,1,0.036392,0.474639,13.04,4.133844,0.672293,1
BA(k=2),12,6,20,3,0.077358,0.636759,8.23,5.765445,1.423236,1
BA(k=2),12,7,20,1,0.062296,0.566156,9.09,5.228701,0.752229,1
BA(k=2),12,7,20,3,0.01861,0.285876,15.36,4.237869,0.741946,1
BA(k=2),12,8,20,1,0.041692,0.61544,14.76,4.775539,0.825521,1
BA(k=2),12,8,20,3,0.043424,0.610367,14.06,5.046581,1.480633,1
BA(k=2),12,9,20,1,0.038948,0.48892,12.55,4.493969,0.680692,1
BA(k=2),12,9,20,3,0.030632,0.38225,12.48,4.475897,0.949075,1
BA(k=2),12,10,20,1,0.059928,0.567547,9.47,4.74217,0.761055,1
BA(k=2),12,10,20,3,0.027177,0.508173,18.7,4.881278,1.254196,1
BA(k=2),14,1,24,1,0.084835,0.698759,8.24,5.468185,0.86823,1
BA(k=2),14,1,24,3,0.052179,0.509867,9.77,5.480089,1.15348,1
BA(k=2),14,2,24,1,0.03126,0.603571,19.31,5.025409,0.800433,1
BA(k=2),14,2,24,3,0.102222,0.71313,6.98,5.570592,1.495361,1
BA(k=2),14,3,24,1,0.04382,0.488814,11.16,4.990008,0.661053,1
BA(k=2),14,3,24,3,0.02974,0.400897,13.48,5.330542,0.945884,1
BA(k=2),14,4,24,1,0.079787,0.637625,7.99,5.583719,0.804718,1
BA(k=2),14,4,24,3,0.017331,0.288708,16.66,4.58285,0.735925,1
BA(k=2),14,5,24,1,0.087279,0.697208,7.99,5.654785,0.874467,1
BA(k=2),14,5,24,3,0.03731,0.440391,11.8,5.481152,1.036066,1
BA(k=2),14,6,24,1,0.067313,0.600035,8.91,5.015963,0.763921,1
BA(k=2),14,6,24,3,0.012501,0.474732,37.97,4.605861,1.207404,1
BA(k=2),14,7,24,1,0.083556,0.732508,8.77,5.634123,0.911389,1
BA(k=2),14,7,24,3,0.01815,0.352829,19.44,4.531652,0.91242,1
BA(k=2),14,8,24,1,0.069129,0.596321,8.63,5.447151,0.765499,1
BA(k=2),14,8,24,3,0.066412,0.503036,7.57,5.684441,1.050329,1
BA(k=2),14,9,24,1,0.078632,0.6351,8.08,5.432824,0.805716,1
BA(k=2),14,9,24,3,0.033686,0.405624,12.04,5.169703,0.960717,1
BA(k=2),14,10,24,1,0.081867,0.663524,8.1,5.691874,0.828939,1
BA(k=2),14,10,24,3,0.024436,0.360865,14.77,4.963673,0.874097,1
BA(k=4),12,1,32,1,0.019228,0.345652,17.98,4.107999,0.505217,1
BA(k=4),12,1,32,3,0.13334,0.863527,6.48,6.762024,1.739251,1
BA(k=4),12,2,32,1,0.025845,0.395742,15.31,4.307147,0.569027,1
BA(k=4),12,2,32,3,0.061872,0.689879,11.15,6.941287,1.535993,1
BA(k=4),12,3,32,1,0.025119,0.349695,13.92,4.255857,0.503399,1
BA(k=4),12,3,32,3,0.039282,0.476182,12.12,5.827048,1.112555,1
BA(k=4),12,4,32,1,0.033209,0.455523,13.72,4.631503,0.645498,1
BA(k=4),12,4,32,3,0.054869,0.506586,9.23,6.394357,1.131785,1
BA(k=4),12,5,32,1,0.020233,0.37557,18.56,4.348195,0.546217,1
BA(k=4),12,5,32,3,0.052855,0.615508,11.65,6.822038,1.393697,1
BA(k=4),12,6,32,1,0.025925,0.356212,13.74,4.254113,0.512992,1
BA(k=4),12,6,32,3,0.03614,0.450785,12.47,5.711671,1.071543,1
BA(k=4),12,7,32,1,0.03714,0.466841,12.57,4.808405,0.649317,1
BA(k=4),12,7,32,3,0.065334,0.62401,9.55,6.831631,1.398988,1
BA(k=4),12,8,32,1,0.021433,0.348448,16.26,4.301229,0.509276,1
BA(k=4),12,8,32,3,0.057172,0.49897,8.73,6.350872,1.127892,1
BA(k=4),12,9,32,1,0.021268,0.327943,15.42,4.088005,0.479716,1
BA(k=4),12,9,32,3,0.038325,0.495288,12.92,5.882164,1.146561,1
BA(k=4),12,10,32,1,0.037551,0.433967,11.56,4.71723,0.605653,1
BA(k=4),12,10,32,3,0.046765,0.501014,10.71,6.023761,1.14425,1
BA(k=4),14,1,40,1,0.035996,0.445663,12.38,5.51049,0.611521,1
BA(k=4),14,1,40,3,0.032104,0.391745,12.2,6.138454,0.92627,1
BA(k=4),14,2,40,1,0.033789,0.44649,13.21,5.37376,0.612319,1
BA(k=4),14,2,40,3,0.034011,0.400781,11.78,6.267667,0.914078,1
BA(k=4),14,3,40,1,0.052235,0.520775,9.97,5.786423,0.669733,1
BA(k=4),14,3,40,3,0.075173,0.583068,7.76,6.858763,1.202012,1
BA(k=4),14,4,40,1,0.059042,0.564314,9.56,6.168889,0.728225,1
BA(k=4),14,4,40,3,0.030874,0.347259,11.25,5.979365,0.840359,1
BA(k=4),14,5,40,1,0.055169,0.528336,9.58,5.969617,0.692738,1
BA(k=4),14,5,40,3,0.05341,0.466785,8.74,6.530889,1.016321,1
BA(k=4),14,6,40,1,0.048055,0.521548,10.85,5.494255,0.691494,1
BA(k=4),14,6,40,3,0.059048,0.519361,8.8,6.793706,1.139815,1
BA(k=4),14,7,40,1,0.041063,0.467298,11.38,5.52545,0.630471,1
BA(k=4),14,7,40,3,0.068986,0.535696,7.77,6.938131,1.148232,1
BA(k=4),14,8,40,1,0.026383,0.360821,13.68,4.986808,0.510932,1
BA(k=4),14,8,40,3,0.033976,0.385218,11.34,6.094972,0.90844,1
BA(k=4),14,9,40,1,0.039364,0.479596,12.18,5.580144,0.633438,1
BA(k=4),14,9,40,3,0.129004,0.875469,6.79,7.720938,1.553261,1
BA(k=4),14,10,40,1,0.048228,0.533049,11.05,5.543691,0.704864,1
BA(k=4),14,10,40,3,0.072709,0.630665,8.67,7.318625,1.321649,1
WS(k=4;b=0.1),12,1,24,1,0.038759,0.353508,9.12,4.221714,0.50994,1
WS(k=4;b=0.1),12,1,24,3,0.020827,0.278272,13.36,4.557064,0.714485,1
WS(k=4;b=0.1),12,2,24,1,0.041019,0.376428,9.18,4.387621,0.538207,1
WS(k=4;b=0.1),12,2,24,3,0.019401,0.259568,13.38,4.577612,0.671094,1
WS(k=4;b=0.1),12,3,24,1,0.03806,0.409097,10.75,4.413616,0.584167,1
WS(k=4;b=0.1),12,3,24,3,0.025681,0.339812,13.23,5.236235,0.842565,1
WS(k=4;b=0.1),12,4,24,1,0.020136,0.29274,14.54,3.920879,0.444619,1
WS(k=4;b=0.1),12,4,24,3,0.01672,0.228083,13.64,4.612235,0.594408,1
WS(k=4;b=0.1),12,5,24,1,0.022752,0.306469,13.47,3.739176,0.455849,1
WS(k=4;b=0.1),12,5,24,3,0.020049,0.30648,15.29,4.361541,0.799714,1
WS(k=4;b=0.1),12,6,24,1,0.020367,0.266169,13.07,3.648306,0.405124,1
WS(k=4;b=0.1),12,6,24,3,0.005074,0.142634,28.11,3.167114,0.43231,1
WS(k=4;b=0.1),12,7,24,1,0.020249,0.276518,13.66,3.793797,0.422896,1
WS(k=4;b=0.1),12,7,24,3,0.008588,0.223946,26.08,4.334406,0.606403,1
WS(k=4;b=0.1),12,8,24,1,0.038245,0.400262,10.47,4.422912,0.571178,1
WS(k=4;b=0.1),12,8,24,3,0.017912,0.253185,14.13,4.625316,0.650117,1
WS(k=4;b=0.1),12,9,24,1,0.023068,0.301688,13.08,3.710032,0.449787,1
WS(k=4;b=0.1),12,9,24,3,0.018319,0.343879,18.77,4.722934,0.882368,1
WS(k=4;b=0.1),12,10,24,1,0.028184,0.30696,10.89,4.004607,0.460547,1
WS(k=4;b=0.1),12,10,24,3,0.013915,0.17037,12.24,3.670934,0.466325,1
WS(k=4;b=0.1),14,1,28,1,0.060517,0.512309,8.47,5.357279,0.673321,1
WS(k=4;b=0.1),14,1,28,3,0.04076,0.36098,8.86,5.609096,0.838953,1
WS(k=4;b=0.1),14,2,28,1,0.036037,0.41726,11.58,4.717089,0.57697,1
WS(k=4;b=0.1),14,2,28,3,0.030163,0.48657,16.13,6.187084,1.134134,1
WS(k=4;b=0.1),14,3,28,1,0.027458,0.302606,11.02,4.41695,0.442314,1
WS(k=4;b=0.1),14,3,28,3,0.003244,0.148295,45.71,3.920452,0.413427,1
WS(k=4;b=0.1),14,4,28,1,0.024624,0.323529,13.14,4.153864,0.469714,1
WS(k=4;b=0.1),14,4,28,3,0.023256,0.460501,19.8,5.958379,1.09339,1
WS(k=4;b=0.1),14,5,28,1,0.046115,0.430172,9.33,4.978768,0.587304,1
WS(k=4;b=0.1),14,5,28,3,0.022293,0.293494,13.17,5.227331,0.724458,1
WS(k=4;b=0.1),14,6,28,1,0.024795,0.302208,12.19,4.226854,0.44151,1
WS(k=4;b=0.1),14,6,28,3,0.010797,0.230024,21.31,4.528974,0.60616,1
WS(k=4;b=0.1),14,7,28,1,0.026478,0.302797,11.44,4.235118,0.441776,1
WS(k=4;b=0.1),14,7,28,3,0.019695,0.294892,14.97,4.979711,0.733785,1
WS(k=4;b=0.1),14,8,28,1,0.034077,0.395193,11.6,4.499418,0.546285,1
WS(k=4;b=0.1),14,8,28,3,0.044258,0.539089,12.18,6.267001,1.189296,1
WS(k=4;b=0.1),14,9,28,1,0.024795,0.327927,13.23,4.38731,0.474947,1
WS(k=4;b=0.1),14,9,28,3,0.026738,0.355031,13.28,5.592742,0.851575,1
WS(k=4;b=0.1),14,10,28,1,0.06051,0.535333,8.85,5.348222,0.701923,1
WS(k=4;b=0.1),14,10,28,3,0.027758,0.423981,15.27,6.232682,0.981056,1
WS(k=4;b=0.5),12,1,24,1,0.079965,0.570644,7.14,5.218547,0.756551,1
WS(k=4;b=0.5),12,1,24,3,0.040321,0.334616,8.3,5.026042,0.812785,1
WS(k=4;b=0.5),12,2,24,1,0.035157,0.370852,10.55,4.288055,0.533776,1
WS(k=4;b=0.5),12,2,24,3,0.020849,0.270648,12.98,4.578584,0.69942,1
WS(k=4;b=0.5),12,3,24,1,0.063349,0.577095,9.11,4.754733,0.77267,1
WS(k=4;b=0.5),12,3,24,3,0.078579,0.716437,9.12,6.33422,1.540082,1
WS(k=4;b=0.5),12,4,24,1,0.056736,0.481277,8.48,4.637341,0.654433,1
WS(k=4;b=0.5),12,4,24,3,0.038183,0.427885,11.21,5.245306,1.019049,1
WS(k=4;b=0.5),12,5,24,1,0.059059,0.572088,9.69,4.984217,0.771337,1
WS(k=4;b=0.5),12,5,24,3,0.076903,0.633146,8.23,6.36857,1.408409,1
WS(k=4;b=0.5),12,6,24,1,0.034638,0.354771,10.24,4.16077,0.514623,1
WS(k=4;b=0.5),12,6,24,3,0.033935,0.325186,9.58,4.930353,0.785701,1
WS(k=4;b=0.5),12,7,24,1,0.041638,0.515218,12.37,4.468607,0.713176,1
WS(k=4;b=0.5),12,7,24,3,0.070439,0.668674,9.49,5.752688,1.49446,1
WS(k=4;b=0.5),12,8,24,1,0.031784,0.385155,12.12,4.124147,0.553232,1
WS(k=4;b=0.5),12,8,24,3,0.048506,0.505452,10.42,5.582399,1.156207,1
WS(k=4;b=0.5),12,9,24,1,0.032292,0.394285,12.21,4.357409,0.566381,1
WS(k=4;b=0.5),12,9,24,3,0.026559,0.334123,12.58,5.138362,0.834053,1
WS(k=4;b=0.5),12,10,24,1,0.058496,0.504151,8.62,4.842623,0.688188,1
WS(k=4;b=0.5),12,10,24,3,0.015278,0.227589,14.9,4.193732,0.630372,1
WS(k=4;b=0.5),14,1,28,1,0.039122,0.400386,10.23,4.827411,0.557054,1
WS(k=4;b=0.5),14,1,28,3,0.02698,0.353962,13.12,5.762182,0.836665,1
WS(k=4;b=0.5),14,2,28,1,0.057713,0.542996,9.41,5.39305,0.713546,1
WS(k=4;b=0.5),14,2,28,3,0.086297,0.648218,7.51,6.490418,1.248029,1
WS(k=4;b=0.5),14,3,28,1,0.044429,0.418863,9.43,4.906571,0.574904,1
WS(k=4;b=0.5),14,3,28,3,0.034633,0.354842,10.25,5.430522,0.832535,1
WS(k=4;b=0.5),14,4,28,1,0.054255,0.545192,10.05,5.183757,0.713663,1
WS(k=4;b=0.5),14,4,28,3,0.115845,0.81193,7.01,7.005647,1.52787,1
WS(k=4;b=0.5),14,5,28,1,0.056257,0.485658,8.63,5.256197,0.647657,1
WS(k=4;b=0.5),14,5,28,3,0.024241,0.328681,13.56,5.609961,0.786765,1
WS(k=4;b=0.5),14,6,28,1,0.075425,0.598994,7.94,5.533365,0.76757,1
WS(k=4;b=0.5),14,6,28,3,0.051035,0.493252,9.66,5.95665,1.100691,1
WS(k=4;b=0.5),14,7,28,1,0.05471,0.580665,10.61,5.005133,0.755151,1
WS(k=4;b=0.5),14,7,28,3,0.055682,0.635796,11.42,5.376115,1.461612,1
WS(k=4;b=0.5),14,8,28,1,0.070128,0.569089,8.12,5.457991,0.730573,1
WS(k=4;b=0.5),14,8,28,3,0.032092,0.412176,12.84,5.794522,0.952887,1
WS(k=4;b=0.5),14,9,28,1,0.070085,0.61372,8.76,5.541445,0.786308,1
WS(k=4;b=0.5),14,9,28,3,0.035635,0.454476,12.75,6.169694,1.058355,1
WS(k=4;b=0.5),14,10,28,1,0.084737,0.663853,7.83,5.541013,0.827967,1
WS(k=4;b=0.5),14,10,28,3,0.069215,0.638128,9.22,6.433146,1.298379,1
3-regular,12,1,18,1,0.053292,0.622501,11.68,4.389833,0.857722,1
3-regular,12,1,18,3,0.035531,0.406557,11.44,4.449281,1.06247,1
3-regular,12,2,18,1,0.034168,0.400374,11.72,3.726719,0.580137,1
3-regular,12,2,18,3,0.048647,0.489655,10.07,4.773513,1.175384,1
3-regular,12,3,18,1,0.058119,0.574252,9.88,4.360498,0.783477,1
3-regular,12,3,18,3,0.094636,0.710691,7.51,5.606005,1.475247,1
3-regular,12,4,18,1,0.046015,0.445281,9.68,4.157757,0.633931,1
3-regular,12,4,18,3,0.036473,0.339434,9.31,4.364956,0.817693,1
3-regular,12,5,18,1,0.051339,0.44647,8.7,4.092806,0.632196,1
3-regular,12,5,18,3,0.021592,0.267894,12.41,3.9093,0.676411,1
3-regular,12,6,18,1,0.046015,0.433582,9.42,4.085304,0.619529,1
3-regular,12,6,18,3,0.033493,0.35586,10.62,4.548439,0.835901,1
3-regular,12,7,18,1,0.051339,0.444554,8.66,4.06829,0.62925,1
3-regular,12,7,18,3,0.035141,0.339022,9.65,4.328787,0.794193,1
3-regular,12,8,18,1,0.051339,0.444554,8.66,4.06829,0.62925,1
3-regular,12,8,18,3,0.035141,0.339022,9.65,4.328787,0.794193,1
3-regular,12,9,18,1,0.027433,0.342527,12.49,3.593383,0.510047,1
3-regular,12,9,18,3,0.050783,0.44846,8.83,4.789451,1.043862,1
3-regular,12,10,18,1,0.040642,0.385947,9.5,3.795228,0.558732,1
3-regular,12,10,18,3,0.049978,0.498246,9.97,5.145963,1.139922,1
3-regular,14,1,21,1,0.045848,0.4114,8.97,4.373121,0.580229,1
3-regular,14,1,21,3,0.045612,0.396618,8.7,4.922319,0.87869,1
3-regular,14,2,21,1,0.066741,0.59565,8.92,4.737412,0.779342,1
3-regular,14,2,21,3,0.058222,0.550949,9.46,5.544011,1.198109,1
3-regular,14,3,21,1,0.04761,0.45934,9.65,4.530502,0.631295,1
3-regular,14,3,21,3,0.050646,0.48997,9.67,5.400823,1.098067,1
3-regular,14,4,21,1,0.043301,0.461171,10.65,4.460708,0.637049,1
3-regular,14,4,21,3,0.064632,0.549003,8.49,5.610241,1.198483,1
3-regular,14,5,21,1,0.061086,0.515216,8.43,4.861539,0.699347,1
3-regular,14,5,21,3,0.055819,0.478628,8.57,5.519293,1.003081,1
3-regular,14,6,21,1,0.024701,0.316361,12.81,3.785495,0.467252,1
3-regular,14,6,21,3,0.039745,0.408129,10.27,5.064631,0.918604,1
3-regular,14,7,21,1,0.066741,0.597828,8.96,4.727307,0.782659,1
3-regular,14,7,21,3,0.080212,0.653035,8.14,5.5342,1.370739,1
3-regular,14,8,21,1,0.075458,0.572313,7.58,4.918992,0.749694,1
3-regular,14,8,21,3,0.070878,0.511261,7.21,5.438415,1.048617,1
3-regular,14,9,21,1,0.059348,0.534798,9.01,4.664172,0.719059,1
3-regular,14,9,21,3,0.055526,0.45079,8.12,5.210703,0.984415,1
3-regular,14,10,21,1,0.032736,0.377725,11.54,4.066155,0.537515,1
3-regular,14,10,21,3,0.068493,0.612178,8.94,5.8024,1.321861,1
