family,n,instance,seed,m,ceil_p1,ar_raw_p1,ar_phys_p1,ar_tight_p1,frac_phys_p1,frac_tight_p1,ceil_p3,ar_raw_p3,ar_phys_p3,ar_tight_p3,frac_phys_p3,frac_tight_p3
ER(0.5),12,1,20271812,38,0.8477289924229867,0.48612701840493766,0.7310721849767969,0.7751563373916066,0.716875,0.595,0.9247747897814202,0.7456387950169029,0.7264858781211887,0.7471859046423733,0.21337890625,0.18505859375
ER(0.5),12,2,20271813,37,0.8368529726753533,0.4934468033466249,0.6266170670372113,0.7110663245632645,0.91875,0.7475,0.9322194925298259,0.731350930601192,0.7639595854118173,0.7932736138406373,0.5498046875,0.505126953125
ER(0.5),12,3,20271814,35,0.8242754436579601,0.5328470641483745,0.5328470641483745,0.5328470641483745,1.0,1.0,0.9258549961144368,0.7194869290270246,0.7066820905794632,0.8033555037078799,0.97607421875,0.961181640625
ER(0.5),12,4,20271815,37,0.852769413054839,0.4979164748263099,0.6519758088189036,0.738776429071012,0.91875,0.7475,0.9162119658638054,0.7603801200243222,0.7726266418013304,0.7861958718281961,0.5498046875,0.505126953125
ER(0.5),12,5,20271816,43,0.8671247452810639,0.46939693664187443,0.782497692952781,0.7665826418838263,0.21,0.189375,0.9313422058849091,0.8028718974628288,0.8028718974628288,0.8028718974628288,0.0,0.0
ER(0.5),12,6,20271817,38,0.8174717361236622,0.47026896903574733,0.7041591798131729,0.7465226038873821,0.716875,0.595,0.912566152383117,0.7186098417998247,0.7036252162902582,0.7467833270079985,0.21337890625,0.18505859375
ER(0.5),12,7,20271818,33,0.7847435940265335,0.7673415163678535,0.7673415163678535,0.7673415163678535,1.0,1.0,0.8772262950414403,0.793930219227438,0.793930219227438,0.793930219227438,1.0,1.0
ER(0.5),12,8,20271819,27,0.8184342735726784,0.8076779585555581,0.6445253656959642,0.5025469725656805,0.53625,0.465,0.8972310340786219,0.8155581408532495,0.8155581408532495,0.8155581408532495,0.0,0.0
ER(0.5),12,9,20271820,20,0.823532073741406,0.8135622961819252,0.4582180872803859,0.523731781024591,0.16,0.1375,0.922810663097481,0.8833267698414415,0.8833267698414415,0.8833267698414415,0.0,0.0
ER(0.5),12,10,20271821,41,0.8670515840008822,0.48381812540466645,0.7230217262811848,0.7443536754328361,0.36875,0.32875,0.9371304822012282,0.771451547767481,0.771451547767481,0.771451547767481,0.0,0.0
ER(0.5),12,11,20271822,29,0.7659195615998123,0.7579181750220765,0.6542238254560596,0.6109240759183378,0.82125,0.63375,0.8675138190995717,0.8085223266129864,0.6306357567941122,0.5520948854809187,0.0244140625,0.01806640625
ER(0.5),12,12,20271823,35,0.7970735260153092,0.5157040246889849,0.5157040246889849,0.5157040246889849,1.0,1.0,0.9104397973273154,0.6918583653283198,0.6797477867805016,0.7742661727782856,0.97607421875,0.961181640625
ER(0.5),12,13,20271824,37,0.831708180219495,0.48955968128836314,0.6266278953339235,0.710930701241846,0.91875,0.7475,0.9160809489136265,0.731300221193628,0.7567580676238209,0.7902187312564565,0.5498046875,0.505126953125
ER(0.5),12,14,20271825,24,0.8026514266511103,0.7990644385010967,0.6374677155089464,0.49488118401169495,0.336875,0.29875,0.9229712068478261,0.8637362517756187,0.8637362517756187,0.8637362517756187,0.0,0.0
ER(0.5),12,15,20271826,34,0.7963952149165868,0.6800000000000002,0.6800000000000002,0.6800000000000002,1.0,1.0,0.887842168791486,0.6988774097121707,0.6988774097121707,0.6988774097121707,1.0,1.0
ER(0.5),12,16,20271827,32,0.8250840237221323,0.8131169353963396,0.8131169353963396,0.8101547142981139,1.0,0.996875,0.9129688379343402,0.8298227324247912,0.7829343064399413,0.8058957091787933,0.6904296875,0.609375
ER(0.5),12,17,20271828,23,0.7765560088548945,0.7662474565200902,0.5649367357133779,0.46692525503141924,0.284375,0.2525,0.8951165353526761,0.8380772067966566,0.8380772067966566,0.8380772067966566,0.0,0.0
ER(0.5),12,18,20271829,30,0.8135763091887231,0.8084920701043945,0.734561031401629,0.7523448464150106,0.905,0.81625,0.900162838337084,0.8430559931049757,0.6678078017211381,0.5877940234313512,0.112548828125,0.086669921875
ER(0.5),12,19,20271830,25,0.7788714863498212,0.7725658628519632,0.6249999999999997,0.5048268564348051,0.3925,0.35,0.8731609143722003,0.790048943558228,0.790048943558228,0.790048943558228,0.0,0.0
ER(0.5),12,20,20271831,34,0.8138558890686385,0.6800000000000002,0.6800000000000002,0.6800000000000002,1.0,1.0,0.9089574339882925,0.6990528133167095,0.6990528133167095,0.6990528133167095,1.0,1.0
ER(0.5),12,21,20271832,34,0.8438434542733733,0.7083333333333335,0.7083333333333335,0.7083333333333335,1.0,1.0,0.938035503106145,0.7281464304495779,0.7281464304495779,0.7281464304495779,1.0,1.0
ER(0.5),12,22,20271833,32,0.8272470952617033,0.8155491912243399,0.8155491912243399,0.8132580310407762,1.0,0.996875,0.9100196889790071,0.831673536569526,0.7816165432156233,0.80650506797847,0.6904296875,0.609375
ER(0.5),12,23,20271834,35,0.8251931758394995,0.5334724610021088,0.5334724610021088,0.5334724610021088,1.0,1.0,0.91297455677095,0.7195034084756711,0.7067121584436075,0.8037929060474945,0.97607421875,0.961181640625
ER(0.5),12,24,20271835,39,0.8339434035478438,0.46592207192224677,0.5672333424310886,0.7904925533242978,0.563125,0.491875,0.9090244073542654,0.741888420713695,0.5452200143627345,0.6304354532078311,0.005859375,0.001953125
ER(0.5),12,25,20271836,28,0.7735666880312357,0.7648172297223949,0.6245601321053001,0.5844838714640714,0.63875,0.53875,0.8740596554588987,0.7951864304528278,0.547886324627616,0.6135422738761128,0.00146484375,0.000732421875
ER(0.5),12,26,20271837,36,0.8097318232544978,0.4938690265805971,0.4938690265805971,0.5007126147230119,1.0,0.940625,0.9079532027272431,0.7115353780125275,0.820165044875966,0.7175641367612116,0.8623046875,0.814697265625
ER(0.5),12,27,20271838,40,0.8451098368951856,0.47337816516460735,0.7786027146113845,0.6060896165495149,0.4575,0.409375,0.9267914331062319,0.7664036243810778,0.7664036243810778,0.7664036243810778,0.0,0.0
ER(0.5),12,28,20271839,28,0.8026886417530738,0.7914286796776479,0.654455292066102,0.611420641779052,0.63875,0.53875,0.8895754550797096,0.8151858967307908,0.5585528358500715,0.640543826720447,0.00146484375,0.000732421875
ER(0.5),12,29,20271840,37,0.7694442554808677,0.4528767278315117,0.5824847103318372,0.659855588057243,0.91875,0.7475,0.8766455200383864,0.6790183119901118,0.7014990121017808,0.7675634951377036,0.5498046875,0.505126953125
ER(0.5),12,30,20271841,36,0.8277216232723161,0.501483291741528,0.501483291741528,0.49381002740388064,1.0,0.940625,0.9077395546280533,0.7397934482276557,0.8471938810029725,0.7271815111050991,0.8623046875,0.814697265625
ER(0.5),14,1,20272012,43,0.835539936227498,0.8295775628105179,0.8193463923648113,0.7558286997396283,0.979375,0.911875,0.912856104603816,0.8697154180238528,0.6724380984963378,0.7013510641681445,0.369873046875,0.30419921875
ER(0.5),14,2,20272013,50,0.8332244475045842,0.5133635236649179,0.6679368572939802,0.7153058532319195,0.93125,0.8475,0.9008575628620924,0.7437006513249815,0.8371529863918783,0.7412177470817314,0.705810546875,0.66162109375
ER(0.5),14,3,20272014,47,0.8004775169660114,0.5754959284969512,0.5754959284969512,0.5754959284969512,1.0,1.0,0.8834524243886568,0.7102807149425526,0.7102807149425526,0.730136753662805,1.0,0.99951171875
ER(0.5),14,4,20272015,42,0.8245293656269178,0.8190196708492439,0.7824043125545053,0.7166787374644095,0.91875,0.843125,0.9084022887862953,0.8406030789336794,0.5270001971320883,0.6109142929285014,0.181396484375,0.152587890625
ER(0.5),14,5,20272016,40,0.7521891273631569,0.745005041075884,0.6254491263198245,0.6162560315314356,0.713125,0.600625,0.8694375958291976,0.7888298932308537,0.6423983722642455,0.640473990007628,0.02783203125,0.02197265625
ER(0.5),14,6,20272017,52,0.871041803678108,0.5091081117546089,0.7908888598600576,0.8021960130742614,0.645,0.56875,0.9348804496093718,0.7785049926349096,0.7457204944691843,0.7313529170949894,0.173583984375,0.153564453125
ER(0.5),14,7,20272018,50,0.8419315159739391,0.5206965761148181,0.6687758973685461,0.7156170607737238,0.93125,0.8475,0.9132775713018914,0.7517334131950354,0.8513308980808791,0.7424826616288385,0.705810546875,0.66162109375
ER(0.5),14,8,20272019,49,0.8082921037570993,0.5208653353512064,0.5208653353512064,0.6389643722224307,1.0,0.934375,0.8927882282129495,0.7193333515601879,0.7793328882860621,0.7877827487819821,0.88525390625,0.85205078125
ER(0.5),14,9,20272020,35,0.8414147658518704,0.8310321278826188,0.6722125427134878,0.643153875907696,0.38125,0.34625,0.9290866395516368,0.8767494833710827,0.8767494833710827,0.8767494833710827,0.0,0.0
ER(0.5),14,10,20272021,45,0.8609657491262915,0.8525279852798202,0.8525279852798202,0.8525279852798202,1.0,1.0,0.9307555018812391,0.8747025292527811,0.8450017224819936,0.7666169429751452,0.983154296875,0.904296875
ER(0.5),14,11,20272022,49,0.8328785328471061,0.5371678973596272,0.5371678973596272,0.6579495342467206,1.0,0.934375,0.9126221341533626,0.7405012758199786,0.8028564118907912,0.8116192864099039,0.88525390625,0.85205078125
ER(0.5),14,12,20272023,47,0.8239742354301771,0.5925655079512628,0.5925655079512628,0.5925655079512628,1.0,1.0,0.9021955307520492,0.7317921290753739,0.7317921290753739,0.7521900294334821,1.0,0.99951171875
ER(0.5),14,13,20272024,44,0.832515057368888,0.8239906976117752,0.8239906976117752,0.7883952771592169,1.0,0.9775,0.9135133838959494,0.8388231944115575,0.716300358975201,0.6428232475464253,0.635986328125,0.56298828125
ER(0.5),14,14,20272025,56,0.828633670270751,0.4859881699622709,0.6509815447199487,0.767534846291086,0.343125,0.3125,0.8948233720726211,0.7691200909180064,0.7691200909180064,0.7691200909180064,0.0,0.0
ER(0.5),14,15,20272026,45,0.8760985949458712,0.8640815518177655,0.8640815518177655,0.8640815518177655,1.0,1.0,0.9539873937243694,0.899255828653868,0.8603877379528894,0.7913524327198507,0.983154296875,0.904296875
ER(0.5),14,16,20272027,48,0.8405072871356277,0.552846108722534,0.552846108722534,0.552846108722534,1.0,1.0,0.9219577939833509,0.7473491649177397,0.7595713887446359,0.7309693068573372,0.9716796875,0.95654296875
ER(0.5),14,17,20272028,49,0.8292552615645715,0.5332933078954251,0.5332933078954251,0.657022406454076,1.0,0.934375,0.9054967848961708,0.7404423872109129,0.7997092264782374,0.8067232017512365,0.88525390625,0.85205078125
ER(0.5),14,18,20272029,45,0.7979080656531403,0.7862976702053921,0.7862976702053921,0.7862976702053921,1.0,1.0,0.8962567914053617,0.8301832838619806,0.7867753521198817,0.7352381284105477,0.983154296875,0.904296875
ER(0.5),14,19,20272030,44,0.850188607484086,0.840986442393901,0.840986442393901,0.8084972415423651,1.0,0.9775,0.9313756944808171,0.8515953304968062,0.7334647835926196,0.6474137088564601,0.635986328125,0.56298828125
ER(0.5),14,20,20272031,41,0.7980086911587189,0.7832031285262683,0.7090290707275474,0.6704739608628297,0.859375,0.686875,0.8795447875522806,0.8146273485724144,0.6512278185883372,0.5579613184483385,0.078857421875,0.06640625
ER(0.5),14,21,20272032,47,0.8262748586494073,0.5932800983916946,0.5932800983916946,0.5932800983916946,1.0,1.0,0.9109694834374015,0.7318184005866191,0.7318184005866191,0.7523386453292128,1.0,0.99951171875
ER(0.5),14,22,20272033,41,0.7895140336522807,0.7784291657099528,0.686692093000563,0.6488586576202916,0.859375,0.686875,0.8862191082638153,0.8179282801434441,0.647376115421479,0.5334380633517581,0.078857421875,0.06640625
ER(0.5),14,23,20272034,48,0.8162730339576314,0.5371536872879196,0.5371536872879196,0.5371536872879196,1.0,1.0,0.9069232603144206,0.7253805361246526,0.7378145613297465,0.7094403415713202,0.9716796875,0.95654296875
ER(0.5),14,24,20272035,42,0.8284122540042135,0.8229798199651162,0.7836796864027112,0.7169346882841708,0.91875,0.843125,0.9122524941788765,0.8503190427672876,0.5497708071407185,0.6138184225948891,0.181396484375,0.152587890625
ER(0.5),14,25,20272036,45,0.8417834912924869,0.831519152966336,0.831519152966336,0.831519152966336,1.0,1.0,0.9271477541120703,0.8646416202553878,0.8273433826369029,0.7601613674535455,0.983154296875,0.904296875
ER(0.5),14,26,20272037,46,0.810277448792847,0.779407155989058,0.779407155989058,0.779407155989058,1.0,1.0,0.9141518275733791,0.719566203641903,0.719566203641903,0.719566203641903,1.0,1.0
ER(0.5),14,27,20272038,44,0.7857945162212768,0.7778961897460125,0.7778961897460125,0.7430216982913163,1.0,0.9775,0.8895482654661883,0.805423229501739,0.6992471374123185,0.6319391536890205,0.635986328125,0.56298828125
ER(0.5),14,28,20272039,41,0.80176980297399,0.7882415901913957,0.7091537240707324,0.6704913365502226,0.859375,0.686875,0.88975044903826,0.8219742558287273,0.6601540098505574,0.5546544630450917,0.078857421875,0.06640625
ER(0.5),14,29,20272040,46,0.8290720717518933,0.8010241393912141,0.8010241393912141,0.8010241393912141,1.0,1.0,0.9106594815972855,0.741367061936937,0.741367061936937,0.741367061936937,1.0,1.0
ER(0.5),14,30,20272041,48,0.8178869755998799,0.5384111627593215,0.5384111627593215,0.5384111627593215,1.0,1.0,0.9096380342723623,0.725404155418687,0.7375857617737294,0.709369118237342,0.9716796875,0.95654296875
ER(0.25),12,1,20281812,15,0.7633254617586126,0.751355340145963,0.48418952041268687,0.4922884349781873,0.00375,0.00125,0.8671899552473761,0.8315760774491218,0.8315760774491218,0.8315760774491218,0.0,0.0
ER(0.25),12,2,20281813,17,0.8008168503983236,0.7904782933504177,0.6040602168525986,0.5336036220822764,0.05875,0.03,0.9029464111173743,0.8687561410883325,0.8687561410883325,0.8687561410883325,0.0,0.0
ER(0.25),12,3,20281814,15,0.7432304047517361,0.7392016679343134,0.49219681636790574,0.5001898575942435,0.00375,0.00125,0.8886379860760607,0.8269003288405905,0.8269003288405905,0.8269003288405905,0.0,0.0
ER(0.25),12,4,20281815,9,0.7692668404573071,0.7623716355340758,0.7623716355340758,0.7623716355340758,0.0,0.0,0.8563054509262671,0.8273719029205957,0.8273719029205957,0.8273719029205957,0.0,0.0
ER(0.25),12,5,20281816,11,0.7936872184431911,0.7877439973053808,0.7877439973053808,0.7877439973053808,0.0,0.0,0.8795969622924542,0.8293840537613925,0.8293840537613925,0.8293840537613925,0.0,0.0
ER(0.25),12,6,20281817,19,0.776228141283609,0.7665981581845809,0.558923740232815,0.459226771374773,0.125625,0.1,0.8961425571965664,0.8507580843833328,0.8507580843833328,0.8507580843833328,0.0,0.0
ER(0.25),12,7,20281818,14,0.7538614468407902,0.7345162530204211,0.7345162530204211,0.7345162530204211,0.0,0.0,0.8685370680378588,0.818328421493829,0.818328421493829,0.818328421493829,0.0,0.0
ER(0.25),12,8,20281819,20,0.8162075572350613,0.8045251943320022,0.4572794681659065,0.522016236337661,0.16,0.1375,0.9256229181716064,0.8768360228595559,0.8768360228595559,0.8768360228595559,0.0,0.0
ER(0.25),12,9,20281820,18,0.7474859994280021,0.740152925272519,0.55611128273281,0.3738542996529737,0.09125,0.069375,0.8731202172922676,0.8254509142042903,0.8254509142042903,0.8254509142042903,0.0,0.0
ER(0.25),12,10,20281821,11,0.7539602516041647,0.7369960140389621,0.7369960140389621,0.7369960140389621,0.0,0.0,0.8961641035813337,0.8160358252318357,0.8160358252318357,0.8160358252318357,0.0,0.0
ER(0.25),12,11,20281822,22,0.8185528290435699,0.8038645932494785,0.6487469479475126,0.5211330715466062,0.24,0.21,0.9143462590694833,0.8493070692061316,0.8493070692061316,0.8493070692061316,0.0,0.0
ER(0.25),12,12,20281823,12,0.7708736684780063,0.765669369367895,0.765669369367895,0.765669369367895,0.0,0.0,0.8810752355042836,0.8265342265689374,0.8265342265689374,0.8265342265689374,0.0,0.0
ER(0.25),12,13,20281824,24,0.8228041997259071,0.8132470622670682,0.6469695307792782,0.5213392065178181,0.336875,0.29875,0.8998942742882475,0.8516843369960688,0.8516843369960688,0.8516843369960688,0.0,0.0
ER(0.25),12,14,20281825,24,0.832162639711816,0.8243507562423158,0.6296153630199605,0.5133977503869015,0.336875,0.29875,0.9208963183381884,0.8648362751448879,0.8648362751448879,0.8648362751448879,0.0,0.0
ER(0.25),12,15,20281826,15,0.7776218771329912,0.7672551604114373,0.5520866989011578,0.5641707181107543,0.00375,0.00125,0.8961649905167157,0.8381161684569732,0.8381161684569732,0.8381161684569732,0.0,0.0
ER(0.25),12,16,20281827,16,0.8028092525595103,0.7869975075367275,0.3695795395070394,0.5455668889042292,0.01875,0.009375,0.9017351628551682,0.8493754532343021,0.8493754532343021,0.8493754532343021,0.0,0.0
ER(0.25),12,17,20281828,9,0.8437765147266431,0.8247095364634256,0.8247095364634256,0.8247095364634256,0.0,0.0,0.9199758393251243,0.8830414682728938,0.8830414682728938,0.8830414682728938,0.0,0.0
ER(0.25),12,18,20281829,15,0.7964163535051649,0.7919692127132816,0.5463427228043221,0.5514183592984315,0.00375,0.00125,0.9035334672561522,0.8594481233994481,0.8594481233994481,0.8594481233994481,0.0,0.0
ER(0.25),12,19,20281830,21,0.7941637505913122,0.7821024732660258,0.4914251891985895,0.4490089739441496,0.196875,0.17125,0.8999051820061693,0.858972488309684,0.858972488309684,0.858972488309684,0.0,0.0
ER(0.25),12,20,20281831,20,0.7620293513208537,0.749630570858023,0.42786878187081506,0.48510362633858906,0.16,0.1375,0.8748538370358913,0.8229445639260003,0.8229445639260003,0.8229445639260003,0.0,0.0
ER(0.25),12,21,20281832,17,0.7488098678180312,0.738361428516544,0.5578322304484166,0.46977933645453773,0.05875,0.03,0.8764117155316508,0.8291581173255016,0.8291581173255016,0.8291581173255016,0.0,0.0
ER(0.25),12,22,20281833,18,0.7817064626409234,0.7700279422058022,0.5954421374135817,0.4061331599963739,0.09125,0.069375,0.9018729090344532,0.8531610916329806,0.8531610916329806,0.8531610916329806,0.0,0.0
ER(0.25),12,23,20281834,18,0.7480313362351463,0.7404790876714129,0.55646442522288,0.37509570684864985,0.09125,0.069375,0.8827616863394723,0.8291467494042862,0.8291467494042862,0.8291467494042862,0.0,0.0
ER(0.25),12,24,20281835,18,0.8271249492690294,0.8111575337846583,0.6375993397293672,0.43285972951406454,0.09125,0.069375,0.9276540393163542,0.8893594356454759,0.8893594356454759,0.8893594356454759,0.0,0.0
ER(0.25),12,25,20281836,12,0.7637789791488191,0.7560010727000782,0.7560010727000782,0.7560010727000782,0.0,0.0,0.8640838983200954,0.8252139367098213,0.8252139367098213,0.8252139367098213,0.0,0.0
ER(0.25),12,26,20281837,19,0.7834922808767725,0.7738976375408186,0.573198125773952,0.45855044022084257,0.125625,0.1,0.870821038954976,0.8376790888150781,0.8376790888150781,0.8376790888150781,0.0,0.0
ER(0.25),12,27,20281838,21,0.7745373615475093,0.7585724648664438,0.5054970142119389,0.4550514847941977,0.196875,0.17125,0.8979263010979704,0.8377596346824676,0.8377596346824676,0.8377596346824676,0.0,0.0
ER(0.25),12,28,20281839,16,0.8184952224302152,0.8057102139070362,0.36189090857137474,0.562021452156345,0.01875,0.009375,0.9095120429392718,0.8730288721271577,0.8730288721271577,0.8730288721271577,0.0,0.0
ER(0.25),12,29,20281840,20,0.8069427630130568,0.7939236930626755,0.46072773066388906,0.5215475510453331,0.16,0.1375,0.9022017975919872,0.8617315512357046,0.8617315512357046,0.8617315512357046,0.0,0.0
ER(0.25),12,30,20281841,14,0.7508699068621816,0.7442748406812034,0.7442748406812034,0.7442748406812034,0.0,0.0,0.848821763321378,0.8165370464412189,0.8165370464412189,0.8165370464412189,0.0,0.0
ER(0.25),14,1,20282012,22,0.7957785854954411,0.7804944665150625,0.6009878608690238,0.5969828544013882,0.010625,0.0075,0.8890052149788955,0.8462573136618566,0.8462573136618566,0.8462573136618566,0.0,0.0
ER(0.25),14,2,20282013,24,0.7638638083489783,0.7524889900500297,0.6004530190223354,0.5980999798383613,0.029375,0.024375,0.87504640352872,0.8305022748314996,0.8305022748314996,0.8305022748314996,0.0,0.0
ER(0.25),14,3,20282014,23,0.7525421791405413,0.7455125078019654,0.5566576721446062,0.5528185120408537,0.018125,0.014375,0.87544248068385,0.8254011286835757,0.8254011286835757,0.8254011286835757,0.0,0.0
ER(0.25),14,4,20282015,23,0.7633226081124465,0.7572079800958582,0.5606771302284947,0.5579059261243869,0.018125,0.014375,0.8716409334939794,0.82728838895144,0.82728838895144,0.82728838895144,0.0,0.0
ER(0.25),14,5,20282016,26,0.8101563370657182,0.7943350534686437,0.4159373122461497,0.6452468298658671,0.083125,0.06125,0.9143320373505255,0.8740081566284935,0.8740081566284935,0.8740081566284935,0.0,0.0
ER(0.25),14,6,20282017,24,0.7982546435558324,0.7849150748904703,0.6337657137393929,0.6078845738337274,0.029375,0.024375,0.89398655628628,0.8652311439036979,0.8652311439036979,0.8652311439036979,0.0,0.0
ER(0.25),14,7,20282018,18,0.7773433937794283,0.7630326859935802,0.7630326859935802,0.7630326859935802,0.0,0.0,0.8826676273548789,0.8447448100453329,0.8447448100453329,0.8447448100453329,0.0,0.0
ER(0.25),14,8,20282019,24,0.7320142400143693,0.7218931429357272,0.5734090136386805,0.5513391765847419,0.029375,0.024375,0.8421639814824831,0.8049247219490842,0.8049247219490842,0.8049247219490842,0.0,0.0
ER(0.25),14,9,20282020,18,0.8109788995180817,0.8028672740384217,0.8028672740384217,0.8028672740384217,0.0,0.0,0.9059638540329176,0.8671574687404842,0.8671574687404842,0.8671574687404842,0.0,0.0
ER(0.25),14,10,20282021,22,0.7587223744972146,0.7511272252131228,0.5752005499534191,0.5550474246885969,0.010625,0.0075,0.8711163397266019,0.8321817105738099,0.8321817105738099,0.8321817105738099,0.0,0.0
ER(0.25),14,11,20282022,24,0.8114138846767143,0.784024249848967,0.6642497624288796,0.6444865685918274,0.029375,0.024375,0.8948110957158958,0.8654837447336052,0.8654837447336052,0.8654837447336052,0.0,0.0
ER(0.25),14,12,20282023,21,0.7910383490973726,0.7721672900129702,0.598100237862258,0.6029465052169372,0.004375,0.0025,0.8864787116138544,0.8531102368942344,0.8531102368942344,0.8531102368942344,0.0,0.0
ER(0.25),14,13,20282024,18,0.8148035476800288,0.804264179552738,0.804264179552738,0.804264179552738,0.0,0.0,0.9092009785444956,0.8738698942192935,0.8738698942192935,0.8738698942192935,0.0,0.0
ER(0.25),14,14,20282025,20,0.775506052818805,0.7652364848069287,0.5709426495649972,0.7652364848069287,0.000625,0.0,0.8738813223527024,0.844067856104094,0.844067856104094,0.844067856104094,0.0,0.0
ER(0.25),14,15,20282026,27,0.7911158467839705,0.7817115774065267,0.42552518864803923,0.423545514616696,0.108125,0.09125,0.8869691101620887,0.8429727238707017,0.8429727238707017,0.8429727238707017,0.0,0.0
ER(0.25),14,16,20282027,18,0.7662810322363525,0.7578418077521136,0.7578418077521136,0.7578418077521136,0.0,0.0,0.8775029262282559,0.8328123979466815,0.8328123979466815,0.8328123979466815,0.0,0.0
ER(0.25),14,17,20282028,25,0.8054879545020768,0.7955163521554954,0.41655462639598123,0.5854655009992586,0.05125,0.036875,0.9164506420791984,0.8721591343474128,0.8721591343474128,0.8721591343474128,0.0,0.0
ER(0.25),14,18,20282029,18,0.7714573460213825,0.7655804285159507,0.7655804285159507,0.7655804285159507,0.0,0.0,0.8812073944935332,0.8342017824289369,0.8342017824289369,0.8342017824289369,0.0,0.0
ER(0.25),14,19,20282030,24,0.7801398830574959,0.7713727982329385,0.6024237375851629,0.5814205972138736,0.029375,0.024375,0.8830530017939646,0.8520114344720653,0.8520114344720653,0.8520114344720653,0.0,0.0
ER(0.25),14,20,20282031,26,0.8172061613224939,0.7987215999269108,0.3948168941694415,0.6427327182245856,0.083125,0.06125,0.8959769271934203,0.8575340815012076,0.8575340815012076,0.8575340815012076,0.0,0.0
ER(0.25),14,21,20282032,20,0.7089759179614354,0.7043357681176544,0.521158334080789,0.7043357681176544,0.000625,0.0,0.8437982370771806,0.7775752933984048,0.7775752933984048,0.7775752933984048,0.0,0.0
ER(0.25),14,22,20282033,24,0.8094831974265501,0.7981832540639445,0.60931241632889,0.5913000279716712,0.029375,0.024375,0.9250816267459105,0.8834341488829376,0.8834341488829376,0.8834341488829376,0.0,0.0
ER(0.25),14,23,20282034,18,0.7574565161751551,0.7497463099299042,0.7497463099299042,0.7497463099299042,0.0,0.0,0.8845299512580533,0.828247160055281,0.828247160055281,0.828247160055281,0.0,0.0
ER(0.25),14,24,20282035,26,0.8015942332826318,0.791156329043707,0.39201415569313774,0.6149060933201301,0.083125,0.06125,0.898937583710478,0.8541387535462258,0.8541387535462258,0.8541387535462258,0.0,0.0
ER(0.25),14,25,20282036,22,0.7665099199042766,0.7500294283072362,0.6077192749243773,0.5886880155444414,0.010625,0.0075,0.8748357419260941,0.834257695686238,0.834257695686238,0.834257695686238,0.0,0.0
ER(0.25),14,26,20282037,21,0.779125230565207,0.7719611071864345,0.5717816824074993,0.5745440713028399,0.004375,0.0025,0.8926398272434564,0.844631310378127,0.844631310378127,0.844631310378127,0.0,0.0
ER(0.25),14,27,20282038,22,0.7703402909227876,0.7641534036191647,0.5769542301567635,0.5666887542649615,0.010625,0.0075,0.8681251249669613,0.8358299197900403,0.8358299197900403,0.8358299197900403,0.0,0.0
ER(0.25),14,28,20282039,31,0.7960529957943668,0.7798001928880213,0.4522641518403614,0.6492068850333993,0.2275,0.205625,0.889268313272887,0.831367632868246,0.831367632868246,0.831367632868246,0.0,0.0
ER(0.25),14,29,20282040,20,0.7746392021282071,0.7611193437840034,0.5709426495649974,0.7611193437840034,0.000625,0.0,0.8723113019703492,0.8429228388758676,0.8429228388758676,0.8429228388758676,0.0,0.0
ER(0.25),14,30,20282041,19,0.7503931185978867,0.743029169789506,0.743029169789506,0.743029169789506,0.0,0.0,0.8598524165991387,0.8144719906736784,0.8144719906736784,0.8144719906736784,0.0,0.0
BA(k=2),12,1,20291812,20,0.7554036783908936,0.7451758599414118,0.4396899978991462,0.4924193754451211,0.16,0.1375,0.8681106729087494,0.827103078023805,0.827103078023805,0.827103078023805,0.0,0.0
BA(k=2),12,2,20291813,20,0.8520181839456353,0.835762257908901,0.4848224826191911,0.541752899167125,0.16,0.1375,0.9270552008057835,0.8887083826899252,0.8887083826899252,0.8887083826899252,0.0,0.0
BA(k=2),12,3,20291814,20,0.8458511257869368,0.8319500354542969,0.49160728550001426,0.5421862092553712,0.16,0.1375,0.9360655515788486,0.9085698614574385,0.9085698614574385,0.9085698614574385,0.0,0.0
BA(k=2),12,4,20291815,20,0.8452117861939167,0.8306494907148927,0.49207259004345405,0.5490531627724409,0.16,0.1375,0.9323231337101671,0.9045953589579742,0.9045953589579742,0.9045953589579742,0.0,0.0
BA(k=2),12,5,20291816,20,0.7540215045091953,0.7458220193991124,0.44339584397402004,0.49878340950499167,0.16,0.1375,0.8651650298693871,0.8365158368889183,0.8365158368889183,0.8365158368889183,0.0,0.0
BA(k=2),12,6,20291817,20,0.7654770406945841,0.7539849704831141,0.4245019923301957,0.47654184657947357,0.16,0.1375,0.8779138449058124,0.8238570804374283,0.8238570804374283,0.8238570804374283,0.0,0.0
BA(k=2),12,7,20291818,20,0.8372160244161473,0.8215284477388619,0.4981097276804978,0.5547771547426381,0.16,0.1375,0.9203710788109223,0.8919367447358201,0.8919367447358201,0.8919367447358201,0.0,0.0
BA(k=2),12,8,20291819,20,0.7413666677394659,0.7269838947089589,0.4259736998454251,0.47205465727417084,0.16,0.1375,0.8532631519952822,0.8060254472985958,0.8060254472985958,0.8060254472985958,0.0,0.0
BA(k=2),12,9,20291820,20,0.7850873426187575,0.7701758617672179,0.4550517127152244,0.4995286217037213,0.16,0.1375,0.8712113467897167,0.8422700367238847,0.8422700367238847,0.8422700367238847,0.0,0.0
BA(k=2),12,10,20291821,20,0.7601335290854132,0.7485311906183424,0.4326248561470697,0.4875100501406841,0.16,0.1375,0.8631346818240334,0.8177935927304479,0.8177935927304479,0.8177935927304479,0.0,0.0
BA(k=2),12,11,20291822,20,0.7912297825848025,0.7779448458573773,0.4669770020377914,0.5224493920652151,0.16,0.1375,0.8892868470243307,0.857691922004892,0.857691922004892,0.857691922004892,0.0,0.0
BA(k=2),12,12,20291823,20,0.7544198975117424,0.7420222201162848,0.42983424978478635,0.47956338469677673,0.16,0.1375,0.8564560212667272,0.8133452865718546,0.8133452865718546,0.8133452865718546,0.0,0.0
BA(k=2),12,13,20291824,20,0.8488607960290409,0.8335357545733145,0.48260505915270197,0.5328617738346024,0.16,0.1375,0.9458212164312645,0.9106977877518488,0.9106977877518488,0.9106977877518488,0.0,0.0
BA(k=2),12,14,20291825,20,0.8018002353029288,0.7889308753304456,0.4619402749043819,0.5226894900860063,0.16,0.1375,0.8943313573268938,0.8615377047949373,0.8615377047949373,0.8615377047949373,0.0,0.0
BA(k=2),12,15,20291826,20,0.8146324333973225,0.8031742836051814,0.45736810136647804,0.5207580749639326,0.16,0.1375,0.8994016161408588,0.8625247131434739,0.8625247131434739,0.8625247131434739,0.0,0.0
BA(k=2),12,16,20291827,20,0.8050808713447742,0.7937887018236462,0.4649255253162581,0.5250963561323452,0.16,0.1375,0.9141659210964801,0.8775065240859125,0.8775065240859125,0.8775065240859125,0.0,0.0
BA(k=2),12,17,20291828,20,0.8019519908855199,0.7916244438316814,0.4732973404956814,0.5333599635283326,0.16,0.1375,0.9062946643967271,0.8748542182683317,0.8748542182683317,0.8748542182683317,0.0,0.0
BA(k=2),12,18,20291829,20,0.7153977693635301,0.7060561570904994,0.4167367929472215,0.47066107966286796,0.16,0.1375,0.8512317704827235,0.7917371142775664,0.7917371142775664,0.7917371142775664,0.0,0.0
BA(k=2),12,19,20291830,20,0.7770631534974233,0.7704830199958432,0.4412774449442376,0.505516961356124,0.16,0.1375,0.8940349389212898,0.850535948645386,0.850535948645386,0.850535948645386,0.0,0.0
BA(k=2),12,20,20291831,20,0.8051611337375453,0.7927552843080918,0.45934580309125206,0.5176610351338835,0.16,0.1375,0.892898076987255,0.8583320794860549,0.8583320794860549,0.8583320794860549,0.0,0.0
BA(k=2),12,21,20291832,20,0.7622267628283369,0.75288439079086,0.4385790450364393,0.4965200237944311,0.16,0.1375,0.8598905634617011,0.8279633134579667,0.8279633134579667,0.8279633134579667,0.0,0.0
BA(k=2),12,22,20291833,20,0.7519484817209043,0.7401099206001608,0.43244508059373554,0.48506440655954675,0.16,0.1375,0.857969608470094,0.8166935333421024,0.8166935333421024,0.8166935333421024,0.0,0.0
BA(k=2),12,23,20291834,20,0.811596297226683,0.8008192205412807,0.4610222099893014,0.5199114585021454,0.16,0.1375,0.9068605498086333,0.8720717839056012,0.8720717839056012,0.8720717839056012,0.0,0.0
BA(k=2),12,24,20291835,20,0.7553654872108355,0.7426797875089207,0.43714727186507835,0.49452135355474713,0.16,0.1375,0.8680697672471341,0.8171257167662924,0.8171257167662924,0.8171257167662924,0.0,0.0
BA(k=2),12,25,20291836,20,0.7721593617245346,0.763769600188326,0.43793428147461333,0.49966532076116765,0.16,0.1375,0.8798390544219682,0.8398768042972418,0.8398768042972418,0.8398768042972418,0.0,0.0
BA(k=2),12,26,20291837,20,0.7793930874198348,0.761497112211085,0.46084260271990896,0.5063200614588901,0.16,0.1375,0.8629393471241849,0.8296925135812644,0.8296925135812644,0.8296925135812644,0.0,0.0
BA(k=2),12,27,20291838,20,0.7352037999679837,0.7287974608147507,0.41619832805266355,0.477128731686556,0.16,0.1375,0.8654134471005803,0.80607854719884,0.80607854719884,0.80607854719884,0.0,0.0
BA(k=2),12,28,20291839,20,0.7542825929686673,0.7448499463479379,0.44702424380509437,0.5025179334233497,0.16,0.1375,0.8971605352103164,0.8400832941863496,0.8400832941863496,0.8400832941863496,0.0,0.0
BA(k=2),12,29,20291840,20,0.8367603462373261,0.820656691865863,0.49578062388838284,0.5478891571869032,0.16,0.1375,0.9353445963803632,0.9019066482275045,0.9019066482275045,0.9019066482275045,0.0,0.0
BA(k=2),12,30,20291841,20,0.8078381247560663,0.7941272580033818,0.45206723737385646,0.5075882721470448,0.16,0.1375,0.9098199758142005,0.8614791160043347,0.8614791160043347,0.8614791160043347,0.0,0.0
BA(k=2),14,1,20292012,24,0.7747305186379442,0.7652112810258966,0.5982919143258615,0.5887484976013309,0.029375,0.024375,0.8785644109031022,0.8456650026308962,0.8456650026308962,0.8456650026308962,0.0,0.0
BA(k=2),14,2,20292013,24,0.7608006473475826,0.7522500642968238,0.5991015842583265,0.5859637022978887,0.029375,0.024375,0.8682620925069404,0.8310948986881165,0.8310948986881165,0.8310948986881165,0.0,0.0
BA(k=2),14,3,20292014,24,0.8037161609632646,0.7896182923990248,0.6251803350496389,0.6200095055249952,0.029375,0.024375,0.8908102778347229,0.8630345736409428,0.8630345736409428,0.8630345736409428,0.0,0.0
BA(k=2),14,4,20292015,24,0.803382790245896,0.7889617552474042,0.6265753226856395,0.6215251973408035,0.029375,0.024375,0.8952901164280254,0.867004289903818,0.867004289903818,0.867004289903818,0.0,0.0
BA(k=2),14,5,20292016,24,0.8171842408704838,0.8074814152591874,0.6329906976224466,0.622624497992502,0.029375,0.024375,0.9167197022997023,0.8863110280098799,0.8863110280098799,0.8863110280098799,0.0,0.0
BA(k=2),14,6,20292017,24,0.7346726044632894,0.7245652803247954,0.5728627235496913,0.5623490057227033,0.029375,0.024375,0.8395050611495798,0.7993196138684604,0.7993196138684604,0.7993196138684604,0.0,0.0
BA(k=2),14,7,20292018,24,0.7736946140125314,0.7636494674386263,0.601383279180768,0.5914791180727426,0.029375,0.024375,0.8803026778236427,0.8477234250652902,0.8477234250652902,0.8477234250652902,0.0,0.0
BA(k=2),14,8,20292019,24,0.8029072184448939,0.7880733421390486,0.6320315986634045,0.6223193624761298,0.029375,0.024375,0.8933694382408652,0.8658818082036405,0.8658818082036405,0.8658818082036405,0.0,0.0
BA(k=2),14,9,20292020,24,0.7761514958852171,0.7671207864378495,0.6014640322047162,0.5914895443423127,0.029375,0.024375,0.8669933378604263,0.8410577176124375,0.8410577176124375,0.8410577176124375,0.0,0.0
BA(k=2),14,10,20292021,24,0.7998865891148171,0.7867623544327329,0.6298838746858272,0.6183130120006036,0.029375,0.024375,0.8916383925551862,0.8644748015428547,0.8644748015428547,0.8644748015428547,0.0,0.0
BA(k=2),14,11,20292022,24,0.8264984607682229,0.8097748249105619,0.665959415838303,0.6435044932755426,0.029375,0.024375,0.9039716912551581,0.8839764438840911,0.8839764438840911,0.8839764438840911,0.0,0.0
BA(k=2),14,12,20292023,24,0.804459694810998,0.7936164349822613,0.6327709304966777,0.6209302707963089,0.029375,0.024375,0.9065919191113139,0.8770225347915297,0.8770225347915297,0.8770225347915297,0.0,0.0
BA(k=2),14,13,20292024,24,0.7732959154497683,0.7625762429723366,0.5977803253971903,0.5909005859424727,0.029375,0.024375,0.867453022745672,0.8380820937982044,0.8380820937982044,0.8380820937982044,0.0,0.0
BA(k=2),14,14,20292025,24,0.7538717951127663,0.7418540707450418,0.6023991664393386,0.5820588094977955,0.029375,0.024375,0.8462425282461901,0.8211539459918396,0.8211539459918396,0.8211539459918396,0.0,0.0
BA(k=2),14,15,20292026,24,0.8152672176576377,0.805160001505875,0.6332014537041774,0.6214248419161483,0.029375,0.024375,0.9173164959907222,0.8874071468003313,0.8874071468003313,0.8874071468003313,0.0,0.0
BA(k=2),14,16,20292027,24,0.7675666758051973,0.7570356900891284,0.601573280482923,0.5901708781085861,0.029375,0.024375,0.8699091039888817,0.8385116098366343,0.8385116098366343,0.8385116098366343,0.0,0.0
BA(k=2),14,17,20292028,24,0.8122401701319927,0.8006631306656523,0.6319477850360747,0.6235313933267141,0.029375,0.024375,0.9099436970017245,0.8819510546451458,0.8819510546451458,0.8819510546451458,0.0,0.0
BA(k=2),14,18,20292029,24,0.7637744494571201,0.7510378117134389,0.5933610287522434,0.5888558047363229,0.029375,0.024375,0.8482252235756331,0.8215666713236477,0.8215666713236477,0.8215666713236477,0.0,0.0
BA(k=2),14,19,20292030,24,0.7377497770660274,0.7285047179360359,0.5732930411449346,0.5633372924498914,0.029375,0.024375,0.848222483367736,0.8077743892042308,0.8077743892042308,0.8077743892042308,0.0,0.0
BA(k=2),14,20,20292031,24,0.8031633343775224,0.7893213524311482,0.6286133683644206,0.6216981811471871,0.029375,0.024375,0.8948571502859783,0.8672196682026939,0.8672196682026939,0.8672196682026939,0.0,0.0
BA(k=2),14,21,20292032,24,0.7674867618727571,0.7564692558006262,0.5974827192071,0.5894634424714291,0.029375,0.024375,0.875384380134982,0.8359133810963162,0.8359133810963162,0.8359133810963162,0.0,0.0
BA(k=2),14,22,20292033,24,0.8268003892860533,0.8195595285643912,0.6330377472473456,0.6228021654398229,0.029375,0.024375,0.9293893042854061,0.89798345794818,0.89798345794818,0.89798345794818,0.0,0.0
BA(k=2),14,23,20292034,24,0.7693310198885974,0.7584836618201568,0.5934760354792099,0.5888681659872976,0.029375,0.024375,0.8646710684793295,0.8355620196739277,0.8355620196739277,0.8355620196739277,0.0,0.0
BA(k=2),14,24,20292035,24,0.7771184143023839,0.7685029631701648,0.5980273441800705,0.5897478847835014,0.029375,0.024375,0.8831411777056315,0.8483864488137751,0.8483864488137751,0.8483864488137751,0.0,0.0
BA(k=2),14,25,20292036,24,0.80947260932223,0.7971434309468527,0.6273993346582926,0.6215531059866425,0.029375,0.024375,0.9063247857816459,0.8731262599610958,0.8731262599610958,0.8731262599610958,0.0,0.0
BA(k=2),14,26,20292037,24,0.7408670558833345,0.7343236603519453,0.5741233454661173,0.5567510810993801,0.029375,0.024375,0.8662146521881983,0.8225018944923439,0.8225018944923439,0.8225018944923439,0.0,0.0
BA(k=2),14,27,20292038,24,0.8153525918696446,0.8039845024635068,0.6327751967972544,0.6237197381962712,0.029375,0.024375,0.9090279928270996,0.8812952166717118,0.8812952166717118,0.8812952166717118,0.0,0.0
BA(k=2),14,28,20292039,24,0.7998573452291534,0.7869790819108904,0.6323434118445784,0.6197294257792065,0.029375,0.024375,0.8935035882911374,0.8653189886323646,0.8653189886323646,0.8653189886323646,0.0,0.0
BA(k=2),14,29,20292040,24,0.7991613943767994,0.787683958138628,0.6339615629412714,0.6137987229880361,0.029375,0.024375,0.8939187741781134,0.8697534036598554,0.8697534036598554,0.8697534036598554,0.0,0.0
BA(k=2),14,30,20292041,24,0.7903683359183203,0.7745785544632076,0.6327788330167257,0.6138874855345745,0.029375,0.024375,0.8722398861236281,0.8468784168556128,0.8468784168556128,0.8468784168556128,0.0,0.0
BA(k=4),12,1,20301812,32,0.7588818141540582,0.747865628259394,0.747865628259394,0.7452535116717709,1.0,0.996875,0.8545147765384286,0.764416837895989,0.7194814049057218,0.7453981192219004,0.6904296875,0.609375
BA(k=4),12,2,20301813,32,0.7802359456218012,0.7703993303707275,0.7703993303707275,0.7650542234887312,1.0,0.996875,0.8773474476415123,0.7879017366599405,0.7462773036352667,0.76668559553912,0.6904296875,0.609375
BA(k=4),12,3,20301814,32,0.7847954704926309,0.7741312946069728,0.7741312946069728,0.7698570292653395,1.0,0.996875,0.8703278910867646,0.784379869472127,0.7476109889565347,0.7749677535642391,0.6904296875,0.609375
BA(k=4),12,4,20301815,32,0.790761494214342,0.7798861939273575,0.7798861939273575,0.7775154443678968,1.0,0.996875,0.8914248948242672,0.8075627984113666,0.7552880570819362,0.7760441150333404,0.6904296875,0.609375
BA(k=4),12,5,20301816,32,0.7978343215294698,0.785344577917841,0.785344577917841,0.7845742688262606,1.0,0.996875,0.897432346184834,0.8085697740003126,0.7474782899957096,0.7795986006890239,0.6904296875,0.609375
BA(k=4),12,6,20301817,32,0.7846015330589692,0.7740693924183173,0.7740693924183173,0.7696409039070574,1.0,0.996875,0.8691116521306506,0.784739326356784,0.750364886500629,0.77211435633681,0.6904296875,0.609375
BA(k=4),12,7,20301818,32,0.7919103693167523,0.7803506484892891,0.7803506484892891,0.778232984697338,1.0,0.996875,0.8963436911678319,0.8045640591881499,0.7511103243215628,0.7835088722293607,0.6904296875,0.609375
BA(k=4),12,8,20301819,32,0.817060732386073,0.8061001297757657,0.8061001297757657,0.801046359255221,1.0,0.996875,0.9046805075370947,0.8181252538327207,0.7816218393059627,0.8039856424671449,0.6904296875,0.609375
BA(k=4),12,9,20301820,32,0.7830831049152849,0.7725026768821964,0.7725026768821964,0.7675223341607419,1.0,0.996875,0.8638693872603794,0.7805321367089647,0.7468924925957169,0.7700603246725098,0.6904296875,0.609375
BA(k=4),12,10,20301821,32,0.7951701850644882,0.7832697348595782,0.7832697348595782,0.7819165548708812,1.0,0.996875,0.8847307314350695,0.8032629439856954,0.7509553080827307,0.7823366453146722,0.6904296875,0.609375
BA(k=4),12,11,20301822,32,0.8130093365798857,0.8024339808950047,0.8024339808950047,0.7961743846027423,1.0,0.996875,0.8958741355749898,0.8103423871042387,0.7800049768739195,0.796224278859887,0.6904296875,0.609375
BA(k=4),12,12,20301823,32,0.7921893411033544,0.7805037026279832,0.7805037026279832,0.7781538406483509,1.0,0.996875,0.876708111533885,0.7944419031237892,0.7485646321462806,0.7791068939670192,0.6904296875,0.609375
BA(k=4),12,13,20301824,32,0.8514040541966298,0.8393756775870455,0.8393756775870455,0.8324163668301169,1.0,0.996875,0.911271328513163,0.8271806636084809,0.8092889524389463,0.8254828818530378,0.6904296875,0.609375
BA(k=4),12,14,20301825,32,0.8515611527532033,0.840487874518552,0.840487874518552,0.8337688879922741,1.0,0.996875,0.923810563155903,0.8379415210636594,0.8156032246872673,0.8269127879846426,0.6904296875,0.609375
BA(k=4),12,15,20301826,32,0.8151212447103448,0.8043697116207223,0.8043697116207223,0.79872320606364,1.0,0.996875,0.9052002474972135,0.8168677662593925,0.7779644214826057,0.7985301875662884,0.6904296875,0.609375
BA(k=4),12,16,20301827,32,0.8511128909850038,0.8403113626724469,0.8403113626724469,0.8340565752814387,1.0,0.996875,0.9369259919547843,0.8506674826854234,0.8186242731966683,0.8309478379363725,0.6904296875,0.609375
BA(k=4),12,17,20301828,32,0.853465023563709,0.8413773647414948,0.8413773647414948,0.8356268355763924,1.0,0.996875,0.9327993490687728,0.8455904198522938,0.8159687913428151,0.8376657710479436,0.6904296875,0.609375
BA(k=4),12,18,20301829,32,0.8149149964818,0.8042927059809454,0.8042927059809454,0.7985430652225307,1.0,0.996875,0.9047880003518839,0.8157357526698672,0.7839643254514511,0.802765753536739,0.6904296875,0.609375
BA(k=4),12,19,20301830,32,0.7959200420459484,0.783629999183348,0.783629999183348,0.7828050999649824,1.0,0.996875,0.9106677723980963,0.8177348144500088,0.7517555995350623,0.7869690985120874,0.6904296875,0.609375
BA(k=4),12,20,20301831,32,0.8188849294332706,0.8077144221915159,0.8077144221915159,0.8030698662353963,1.0,0.996875,0.8921701602699749,0.8133478832350348,0.7775376361606925,0.8009152599683927,0.6904296875,0.609375
BA(k=4),12,21,20301832,32,0.8467913089531358,0.8355190629155693,0.8355190629155693,0.8276203627444592,1.0,0.996875,0.9198775001165148,0.8322355396174976,0.8142753482676287,0.826845012159399,0.6904296875,0.609375
BA(k=4),12,22,20301833,32,0.7851979485009544,0.7751860722126439,0.7751860722126439,0.7712106958419925,1.0,0.996875,0.8887653282017344,0.7963259133673519,0.7526390431992122,0.774392440002503,0.6904296875,0.609375
BA(k=4),12,23,20301834,32,0.8154042129951499,0.804379182825423,0.804379182825423,0.7987845447058299,1.0,0.996875,0.8920262303131269,0.8090387145643262,0.7801783785897808,0.7995467277009085,0.6904296875,0.609375
BA(k=4),12,24,20301835,32,0.8220716977966325,0.8109807600286081,0.8109807600286081,0.8067904618098372,1.0,0.996875,0.905046033339948,0.8166531843922695,0.7797191300838675,0.8049952156594629,0.6904296875,0.609375
BA(k=4),12,25,20301836,32,0.8215977841271276,0.810701970771882,0.810701970771882,0.8066886428308585,1.0,0.996875,0.8959133657500336,0.8149870536805288,0.7794252439776402,0.7992544901567367,0.6904296875,0.609375
BA(k=4),12,26,20301837,32,0.8189005091883608,0.8077276020941112,0.8077276020941112,0.8028147986254418,1.0,0.996875,0.8953631635287495,0.810452611589439,0.7763944135782855,0.800639999843457,0.6904296875,0.609375
BA(k=4),12,27,20301838,32,0.8131873059919086,0.8025224839543307,0.8025224839543307,0.7960032684310159,1.0,0.996875,0.8942978795782274,0.8058538713593691,0.7834446652017482,0.7978177972258157,0.6904296875,0.609375
BA(k=4),12,28,20301839,32,0.8095218671737486,0.7990526390365763,0.7990526390365763,0.7917821198673216,1.0,0.996875,0.8903172330338565,0.805446336407659,0.7861188523239345,0.790868736535816,0.6904296875,0.609375
BA(k=4),12,29,20301840,32,0.8311334738646302,0.8180867723747742,0.8180867723747742,0.8167411286990379,1.0,0.996875,0.9201775415803498,0.8353331193809904,0.7828224471902796,0.8176609069828054,0.6904296875,0.609375
BA(k=4),12,30,20301841,32,0.7640125544458456,0.7523545070566016,0.7523545070566016,0.7511019182268828,1.0,0.996875,0.8598898275863108,0.7749002580294493,0.7199023967840956,0.7514593429464114,0.6904296875,0.609375
BA(k=4),14,1,20302012,40,0.8408245738361163,0.8276605622144115,0.7156221287305081,0.7008533290642127,0.713125,0.600625,0.9296976745738644,0.8612522737664141,0.7132440917570931,0.7272422691526685,0.02783203125,0.02197265625
BA(k=4),14,2,20302013,40,0.8114102791842809,0.7991129700872819,0.6915047180331446,0.6769641175508704,0.713125,0.600625,0.8982918641447273,0.8363128305106615,0.686290543990712,0.6975857650293864,0.02783203125,0.02197265625
BA(k=4),14,3,20302014,40,0.8066305944403441,0.7928292239104394,0.6910528440189363,0.6757091349586267,0.713125,0.600625,0.888980016138774,0.826084506574862,0.685934294468109,0.6962926713692661,0.02783203125,0.02197265625
BA(k=4),14,4,20302015,40,0.8370296059342613,0.8234248567198227,0.7158262334304736,0.6996010958798943,0.713125,0.600625,0.922880896834707,0.8583188235553428,0.7086849428039391,0.7220921412557174,0.02783203125,0.02197265625
BA(k=4),14,5,20302016,40,0.8372756327720092,0.8233624697989477,0.7158227234860609,0.7000320713920297,0.713125,0.600625,0.9204886247277783,0.853079413690949,0.7055711963574244,0.7183408453062069,0.02783203125,0.02197265625
BA(k=4),14,6,20302017,40,0.801958063263584,0.7941787756279074,0.6672375948316884,0.6568347684800105,0.713125,0.600625,0.901342162886445,0.8394185419517506,0.6802644577661956,0.6813497248151845,0.02783203125,0.02197265625
BA(k=4),14,7,20302018,40,0.8319349924640519,0.8162685267819823,0.7164830881337204,0.6994883385594457,0.713125,0.600625,0.9178620394213123,0.8513511096390207,0.7040792485983022,0.721150328330362,0.02783203125,0.02197265625
BA(k=4),14,8,20302019,40,0.830593175600009,0.8133598521986342,0.7162691004617289,0.6984452694311322,0.713125,0.600625,0.9080447566508669,0.8387785103534784,0.695788525902145,0.7225239182654892,0.02783203125,0.02197265625
BA(k=4),14,9,20302020,40,0.7802197921509247,0.7672182831075841,0.6678330761129434,0.6530178291886005,0.713125,0.600625,0.8691848292374423,0.8026122925203926,0.6681115849276622,0.6777223773122116,0.02783203125,0.02197265625
BA(k=4),14,10,20302021,40,0.7891657204400447,0.7783992721085408,0.6679221791295414,0.6544632114594447,0.713125,0.600625,0.8886648839082347,0.8218626143281818,0.6688848701262348,0.6776676455870524,0.02783203125,0.02197265625
BA(k=4),14,11,20302022,40,0.8375632411452322,0.8238670241989299,0.715542501330658,0.6998409568944842,0.713125,0.600625,0.9200556677787928,0.8542504580534436,0.7067710893375055,0.7203145493195381,0.02783203125,0.02197265625
BA(k=4),14,12,20302023,40,0.8103730529096428,0.7975937285106602,0.6907630920576346,0.6758771896147407,0.713125,0.600625,0.8973427633839643,0.8360995193890328,0.6852545085737695,0.6994138161158978,0.02783203125,0.02197265625
BA(k=4),14,13,20302024,40,0.8473468234631805,0.8352312825047868,0.7148894893748378,0.7032952979928897,0.713125,0.600625,0.9251269217717498,0.8570094393936741,0.7110709341872086,0.723730659889604,0.02783203125,0.02197265625
BA(k=4),14,14,20302025,40,0.8161604502067575,0.8043193795701196,0.6903477091745805,0.6778303910473484,0.713125,0.600625,0.9031265360264152,0.8361099105170158,0.6912390475110249,0.702869126058163,0.02783203125,0.02197265625
BA(k=4),14,15,20302026,40,0.8092275493787602,0.7958974621516562,0.6907699478750975,0.6762724772624653,0.713125,0.600625,0.8953955317366558,0.8289496679736552,0.6880121884837701,0.7040737202473449,0.02783203125,0.02197265625
BA(k=4),14,16,20302027,40,0.8364112856817403,0.8223651577003253,0.7158433888579978,0.6997826226664229,0.713125,0.600625,0.9172327434420582,0.8516281532378189,0.7086905308699988,0.7258829249887947,0.02783203125,0.02197265625
BA(k=4),14,17,20302028,40,0.7868895139554676,0.7761120427207014,0.6684682515666455,0.654210138478828,0.713125,0.600625,0.8840354715296852,0.8194715383839508,0.6693714714937232,0.6761272236051622,0.02783203125,0.02197265625
BA(k=4),14,18,20302029,40,0.8129812127061646,0.8010941001649694,0.6911416548353195,0.6762028893936324,0.713125,0.600625,0.9130642846015758,0.8418380221458565,0.6876679635329142,0.7007360916910608,0.02783203125,0.02197265625
BA(k=4),14,19,20302030,40,0.8377071284887777,0.8234150070834965,0.7151480371840373,0.7008088815129538,0.713125,0.600625,0.9199647663386635,0.8497470388330812,0.7040563189967012,0.7231013927540886,0.02783203125,0.02197265625
BA(k=4),14,20,20302031,40,0.7913300730146012,0.7808562736684986,0.6675168174694763,0.6550199585135897,0.713125,0.600625,0.8810128318513328,0.817254282524024,0.6715500465545357,0.6795188248484483,0.02783203125,0.02197265625
BA(k=4),14,21,20302032,40,0.8235934363100157,0.8138414275475568,0.690269833084593,0.6790415810385558,0.713125,0.600625,0.918682654478778,0.8527875142968069,0.697762636108029,0.7043936393566154,0.02783203125,0.02197265625
BA(k=4),14,22,20302033,40,0.7764191281883494,0.7625581089452651,0.6687311372284093,0.652017668353588,0.713125,0.600625,0.8613543189388466,0.799335773684498,0.6575172358316602,0.6701227888870815,0.02783203125,0.02197265625
BA(k=4),14,23,20302034,40,0.8121833297721119,0.7998604996310301,0.6909823907017784,0.6763560732541108,0.713125,0.600625,0.900787166335933,0.8392486529815306,0.6938677261504873,0.6985414010072676,0.02783203125,0.02197265625
BA(k=4),14,24,20302035,40,0.8148116583454231,0.8025099722445048,0.690485238536985,0.6778531263214707,0.713125,0.600625,0.9030041177508772,0.8328061440791249,0.6902023067523193,0.7010977747107916,0.02783203125,0.02197265625
BA(k=4),14,25,20302036,40,0.7596960433088001,0.7481402693499889,0.6461534635415864,0.6326491253801219,0.713125,0.600625,0.863483094831872,0.7921610464007331,0.6495005120314197,0.6540263030150848,0.02783203125,0.02197265625
BA(k=4),14,26,20302037,40,0.8397536482824935,0.8267365061876052,0.7154735025758632,0.7000156338267577,0.713125,0.600625,0.9247169707682611,0.859857108527366,0.7092693763218352,0.7247783153485611,0.02783203125,0.02197265625
BA(k=4),14,27,20302038,40,0.8169626008620497,0.8055326131799053,0.690439347446997,0.6779218889504827,0.713125,0.600625,0.8985552549508117,0.8334453088795732,0.6928343191194672,0.7010305456479365,0.02783203125,0.02197265625
BA(k=4),14,28,20302039,40,0.7853670561984845,0.7739229619197668,0.6680384572363128,0.6534110642552624,0.713125,0.600625,0.8807929737295245,0.8150185709955913,0.6728262896771668,0.6775085755674513,0.02783203125,0.02197265625
BA(k=4),14,29,20302040,40,0.8479061487106987,0.8362096252424479,0.7149319367666492,0.7031435163085733,0.713125,0.600625,0.9236486228063071,0.8581574585773082,0.7051205355361476,0.7199413947163278,0.02783203125,0.02197265625
BA(k=4),14,30,20302041,40,0.8325964018784902,0.81735475070783,0.7163953075560551,0.6996911755605547,0.713125,0.600625,0.9176202031499388,0.8512464124973995,0.7019269782687397,0.7214200189909847,0.02783203125,0.02197265625
WS(k=4;b=0.1),12,1,20311812,24,0.8331721967129133,0.8244397381232393,0.6386534127409826,0.5095991660153045,0.336875,0.29875,0.907037977168408,0.8531456504422336,0.8531456504422336,0.8531456504422336,0.0,0.0
WS(k=4;b=0.1),12,2,20311813,24,0.8278056529669657,0.8177312757755394,0.6284700705234558,0.5111379358038037,0.336875,0.29875,0.9045926494024725,0.8519405075101728,0.8519405075101728,0.8519405075101728,0.0,0.0
WS(k=4;b=0.1),12,3,20311814,24,0.8326406581914525,0.8242518139600616,0.6373678597165556,0.5112994980764257,0.336875,0.29875,0.9240275534493629,0.8687562225274531,0.8687562225274531,0.8687562225274531,0.0,0.0
WS(k=4;b=0.1),12,4,20311815,24,0.877542022811397,0.8659109846193856,0.663722822536882,0.5357242877131844,0.336875,0.29875,0.9564687492147416,0.8962544198434231,0.8962544198434231,0.8962544198434231,0.0,0.0
WS(k=4;b=0.1),12,5,20311816,24,0.7860667889673304,0.7763580144401816,0.5990777108033679,0.4814237771631631,0.336875,0.29875,0.865869004730382,0.808401525247934,0.808401525247934,0.808401525247934,0.0,0.0
WS(k=4;b=0.1),12,6,20311817,24,0.8253460654460295,0.8125230644757043,0.6212307544190807,0.503214074072236,0.336875,0.29875,0.8930330764159867,0.8341982857826556,0.8341982857826556,0.8341982857826556,0.0,0.0
WS(k=4;b=0.1),12,7,20311818,24,0.8732466506507424,0.8603324606224046,0.6624784066210533,0.5361897417858529,0.336875,0.29875,0.9450415198949609,0.8847828374031972,0.8847828374031972,0.8847828374031972,0.0,0.0
WS(k=4;b=0.1),12,8,20311819,24,0.836550476684804,0.8293086694359594,0.6405619895125907,0.5108705968423575,0.336875,0.29875,0.9238609151749372,0.872185458629566,0.872185458629566,0.872185458629566,0.0,0.0
WS(k=4;b=0.1),12,9,20311820,24,0.7892591247663815,0.7806570774673891,0.6015253372443732,0.48137953607045,0.336875,0.29875,0.8715135147241828,0.8144553235329345,0.8144553235329345,0.8144553235329345,0.0,0.0
WS(k=4;b=0.1),12,10,20311821,24,0.8736044482649606,0.8605733644372594,0.6570779587897322,0.5353730091900041,0.336875,0.29875,0.9433661283087801,0.8835330826866867,0.8835330826866867,0.8835330826866867,0.0,0.0
WS(k=4;b=0.1),12,11,20311822,24,0.8257488187061506,0.8140003322810688,0.6268055807280103,0.5071180669348256,0.336875,0.29875,0.8960245327081441,0.8391408360948892,0.8391408360948892,0.8391408360948892,0.0,0.0
WS(k=4;b=0.1),12,12,20311823,24,0.8333311913899046,0.8240315925040632,0.6328149679466617,0.5069014213020981,0.336875,0.29875,0.9191186724523798,0.8643808126964216,0.8643808126964216,0.8643808126964216,0.0,0.0
WS(k=4;b=0.1),12,13,20311824,24,0.835457512449292,0.8284408369631712,0.6459520616550601,0.5135175351858966,0.336875,0.29875,0.9388967482368393,0.8799817400085178,0.8799817400085178,0.8799817400085178,0.0,0.0
WS(k=4;b=0.1),12,14,20311825,24,0.8373237543618424,0.8297858565182425,0.6386070747104523,0.5087450949170292,0.336875,0.29875,0.932053418407252,0.8736647920589993,0.8736647920589993,0.8736647920589993,0.0,0.0
WS(k=4;b=0.1),12,15,20311826,24,0.7892591247663816,0.780657077467389,0.6015253372443731,0.48137953607045,0.336875,0.29875,0.8678591148644615,0.8163908741306425,0.8163908741306425,0.8163908741306425,0.0,0.0
WS(k=4;b=0.1),12,16,20311827,24,0.7890839588375899,0.7807064973898883,0.6047432018597125,0.4826130425418469,0.336875,0.29875,0.8662717068630809,0.8145767161428485,0.8145767161428485,0.8145767161428485,0.0,0.0
WS(k=4;b=0.1),12,17,20311828,24,0.8253460654460295,0.8125230644757043,0.6212307544190807,0.503214074072236,0.336875,0.29875,0.8930330764159867,0.8341982857826556,0.8341982857826556,0.8341982857826556,0.0,0.0
WS(k=4;b=0.1),12,18,20311829,24,0.7930602349979538,0.7861354110524073,0.6076133184702869,0.4831643589965888,0.336875,0.29875,0.8743205014262327,0.8215408090222865,0.8215408090222865,0.8215408090222865,0.0,0.0
WS(k=4;b=0.1),12,19,20311830,24,0.8253460654460295,0.8125230644757043,0.6212307544190807,0.503214074072236,0.336875,0.29875,0.8930330764159867,0.8341982857826556,0.8341982857826556,0.8341982857826556,0.0,0.0
WS(k=4;b=0.1),12,20,20311831,24,0.8331068539200693,0.8240269151044664,0.6349434115357272,0.5081228436299194,0.336875,0.29875,0.9143665478970573,0.8595329077969063,0.8595329077969063,0.8595329077969063,0.0,0.0
WS(k=4;b=0.1),12,21,20311832,24,0.837099416892007,0.8297811791186458,0.6407355182995178,0.5099665172448504,0.336875,0.29875,0.9250496562758256,0.8688397065391751,0.8688397065391751,0.8688397065391751,0.0,0.0
WS(k=4;b=0.1),12,22,20311833,24,0.7928601245832495,0.7864507568984362,0.6095091838136995,0.48558746375951184,0.336875,0.29875,0.9039700110755766,0.8390661719219232,0.8390661719219232,0.8390661719219232,0.0,0.0
WS(k=4;b=0.1),12,23,20311834,24,0.8251217279761942,0.8125183870761075,0.6233591980081463,0.5044354964000572,0.336875,0.29875,0.8940048225806474,0.8350976978645047,0.8350976978645047,0.8350976978645047,0.0,0.0
WS(k=4;b=0.1),12,24,20311835,24,0.8363791395818367,0.8296398840001757,0.6443096271887198,0.5129933630671325,0.336875,0.29875,0.9188730827667434,0.8669925273824789,0.8669925273824789,0.8669925273824789,0.0,0.0
WS(k=4;b=0.1),12,25,20311836,24,0.8354881353999213,0.82867437610204,0.641473918645898,0.5135488785979503,0.336875,0.29875,0.9158986887439919,0.865267542654169,0.865267542654169,0.865267542654169,0.0,0.0
WS(k=4;b=0.1),12,26,20311837,24,0.7572669803000611,0.752401668168568,0.5861087363608253,0.46202223664978154,0.336875,0.29875,0.858620633960453,0.8027336244490823,0.8027336244490823,0.8027336244490823,0.0,0.0
WS(k=4;b=0.1),12,27,20311838,24,0.7968655557998736,0.7915598934942556,0.6124998553231342,0.4848728123934772,0.336875,0.29875,0.8875575525434002,0.8344667902019061,0.8344667902019061,0.8344667902019061,0.0,0.0
WS(k=4;b=0.1),12,28,20311839,24,0.8285627997244269,0.8177964647661651,0.6284956333014242,0.5071715213064424,0.336875,0.29875,0.9066353457788944,0.8504401531333126,0.8504401531333126,0.8504401531333126,0.0,0.0
WS(k=4;b=0.1),12,29,20311840,24,0.8005361879630678,0.7961760394707829,0.6193787135293936,0.488426026318794,0.336875,0.29875,0.8982201926927593,0.8492235027631179,0.8492235027631179,0.8492235027631179,0.0,0.0
WS(k=4;b=0.1),12,30,20311841,24,0.8373237543618424,0.8297858565182425,0.6386070747104523,0.5087450949170292,0.336875,0.29875,0.9298806315929826,0.8711604819108378,0.8711604819108378,0.8711604819108378,0.0,0.0
WS(k=4;b=0.1),14,1,20312012,28,0.8385705101837899,0.8214836022796554,0.673567142580375,0.45876349692654594,0.138125,0.1175,0.926998277459826,0.8757458220848116,0.8757458220848116,0.8757458220848116,0.0,0.0
WS(k=4;b=0.1),14,2,20312013,28,0.8000631774775816,0.7826587055879127,0.641175655371067,0.4364698479647244,0.138125,0.1175,0.8981315911890886,0.8381653584803366,0.8381653584803366,0.8381653584803366,0.0,0.0
WS(k=4;b=0.1),14,3,20312014,28,0.8694595142796306,0.843284568098835,0.703931605685695,0.4724021497756599,0.138125,0.1175,0.9351560524287574,0.8799237036834808,0.8799237036834808,0.8799237036834808,0.0,0.0
WS(k=4;b=0.1),14,4,20312015,28,0.7938480009002998,0.7719076849734027,0.6234913540877858,0.43125296858029466,0.138125,0.1175,0.8874504408712778,0.8213269014500933,0.8213269014500933,0.8213269014500933,0.0,0.0
WS(k=4;b=0.1),14,5,20312016,28,0.8350377242910925,0.8151723944027157,0.6720045061307636,0.4555771502327653,0.138125,0.1175,0.918739170498305,0.8646266778136021,0.8646266778136021,0.8646266778136021,0.0,0.0
WS(k=4;b=0.1),14,6,20312017,28,0.8319981698523494,0.8092435795854633,0.6707194150797355,0.4519132401421411,0.138125,0.1175,0.9042301654383084,0.8497641173431602,0.8497641173431602,0.8497641173431602,0.0,0.0
WS(k=4;b=0.1),14,7,20312018,28,0.8282808392012782,0.8030631968932583,0.6701171271930331,0.4493209447257394,0.138125,0.1175,0.9005702848672887,0.8419605806221507,0.8419605806221507,0.8419605806221507,0.0,0.0
WS(k=4;b=0.1),14,8,20312019,28,0.762654340286827,0.7446678923104494,0.6103082898768464,0.416058559894087,0.138125,0.1175,0.854567845572728,0.796846084545085,0.796846084545085,0.796846084545085,0.0,0.0
WS(k=4;b=0.1),14,9,20312020,28,0.8319981698523493,0.8092435795854633,0.6707194150797355,0.4519132401421411,0.138125,0.1175,0.9141683587905662,0.8572210916635492,0.8572210916635492,0.8572210916635492,0.0,0.0
WS(k=4;b=0.1),14,10,20312021,28,0.8041256008435996,0.7888418399981731,0.6412142587466007,0.43902919486348063,0.138125,0.1175,0.900349385928467,0.845989730695782,0.845989730695782,0.845989730695782,0.0,0.0
WS(k=4;b=0.1),14,11,20312022,28,0.8276327460784817,0.8028609797137404,0.670498119334957,0.4503995173710901,0.138125,0.1175,0.9071748020832653,0.8501620205675813,0.8501620205675813,0.8501620205675813,0.0,0.0
WS(k=4;b=0.1),14,12,20312023,28,0.8060834316676977,0.7934176314128124,0.6452098192631762,0.44534272195518343,0.138125,0.1175,0.9002037855777609,0.8537059039668293,0.8537059039668293,0.8537059039668293,0.0,0.0
WS(k=4;b=0.1),14,13,20312024,28,0.828244480302318,0.8038780406007339,0.6660395826332728,0.45068388682331756,0.138125,0.1175,0.9020540860479309,0.8448344326080016,0.8448344326080016,0.8448344326080016,0.0,0.0
WS(k=4;b=0.1),14,14,20312025,28,0.8288373010367659,0.8039883626693859,0.6706242407470849,0.4495430676650641,0.138125,0.1175,0.9051204270740757,0.848340250520997,0.848340250520997,0.848340250520997,0.0,0.0
WS(k=4;b=0.1),14,15,20312026,28,0.7688230807030247,0.7540797060584538,0.6096113194005024,0.4198349751281171,0.138125,0.1175,0.8779596620089447,0.8141803750425443,0.8141803750425443,0.8141803750425443,0.0,0.0
WS(k=4;b=0.1),14,16,20312027,28,0.8337042385796638,0.8143645805001127,0.6700081498341122,0.4571660522883708,0.138125,0.1175,0.914626146714213,0.8626133185161351,0.8626133185161351,0.8626133185161351,0.0,0.0
WS(k=4;b=0.1),14,17,20312028,28,0.8288373010367659,0.8039883626693859,0.6706242407470852,0.4495430676650639,0.138125,0.1175,0.9051204270740757,0.848340250520997,0.848340250520997,0.848340250520997,0.0,0.0
WS(k=4;b=0.1),14,18,20312029,28,0.7972557849933626,0.7784089272686892,0.6411485495885566,0.4349544437582141,0.138125,0.1175,0.8713052187721334,0.8191170141495427,0.8191170141495427,0.8191170141495427,0.0,0.0
WS(k=4;b=0.1),14,19,20312030,28,0.8319981698523493,0.8092435795854633,0.6707194150797355,0.4519132401421411,0.138125,0.1175,0.9141683587905662,0.8572210916635492,0.8572210916635492,0.8572210916635492,0.0,0.0
WS(k=4;b=0.1),14,20,20312031,28,0.7907627093347642,0.7671958754727846,0.6196064665059691,0.4296300814883626,0.138125,0.1175,0.8757195605280234,0.8106718618269103,0.8106718618269103,0.8106718618269103,0.0,0.0
WS(k=4;b=0.1),14,21,20312032,28,0.8282808392012782,0.803063196893258,0.6701171271930332,0.44932094472573947,0.138125,0.1175,0.9008276112576787,0.8415579036449908,0.8415579036449908,0.8415579036449908,0.0,0.0
WS(k=4;b=0.1),14,22,20312033,28,0.8337207668143686,0.8142145500027256,0.6725575517007909,0.4569753400580114,0.138125,0.1175,0.9120964295444748,0.8581015120473897,0.8581015120473897,0.8581015120473897,0.0,0.0
WS(k=4;b=0.1),14,23,20312034,28,0.8277306063849909,0.8039140258891486,0.6698580471226163,0.45184762283045626,0.138125,0.1175,0.9041447929126456,0.8470091155645747,0.8470091155645747,0.8470091155645747,0.0,0.0
WS(k=4;b=0.1),14,24,20312035,28,0.8320541779605012,0.8097743446497477,0.6713852842110861,0.45261040857155976,0.138125,0.1175,0.9107566141914792,0.8553443777631264,0.8553443777631264,0.8553443777631264,0.0,0.0
WS(k=4;b=0.1),14,25,20312036,28,0.8319981698523491,0.8092435795854633,0.6707194150797355,0.4519132401421412,0.138125,0.1175,0.9042301654383084,0.8497641173431602,0.8497641173431602,0.8497641173431602,0.0,0.0
WS(k=4;b=0.1),14,26,20312037,28,0.8666133687183308,0.8376335475392438,0.7033387342094221,0.4686834075415728,0.138125,0.1175,0.9375584332037032,0.8758706551913992,0.8758706551913992,0.8758706551913992,0.0,0.0
WS(k=4;b=0.1),14,27,20312038,28,0.8044418505113498,0.7895270373914562,0.6425507471685653,0.43971890147897524,0.138125,0.1175,0.8923045517158014,0.8427681751292501,0.8427681751292501,0.8427681751292501,0.0,0.0
WS(k=4;b=0.1),14,28,20312039,28,0.7998330729985258,0.7826938907747869,0.641307663518825,0.43702552209289924,0.138125,0.1175,0.8859625941672707,0.8305959248149474,0.8305959248149474,0.8305959248149474,0.0,0.0
WS(k=4;b=0.1),14,29,20312040,28,0.7655009926943227,0.7490011068421447,0.6132457645070418,0.41758749109483484,0.138125,0.1175,0.8542536275399248,0.8007319040234647,0.8007319040234647,0.8007319040234647,0.0,0.0
WS(k=4;b=0.1),14,30,20312041,28,0.768818629064449,0.7540736318077709,0.6129277647856184,0.419832975439576,0.138125,0.1175,0.8642393991766787,0.8063153283637571,0.8063153283637571,0.8063153283637571,0.0,0.0
WS(k=4;b=0.5),12,1,20321812,24,0.8452425126881834,0.8408273756910032,0.6580464197869377,0.5170552975522373,0.336875,0.29875,0.935996223846698,0.8893679622195959,0.8893679622195959,0.8893679622195959,0.0,0.0
WS(k=4;b=0.5),12,2,20321813,24,0.832221462780547,0.8243550478745937,0.6488419556239502,0.5146428369633786,0.336875,0.29875,0.9141785808011049,0.8623077101116288,0.8623077101116288,0.8623077101116288,0.0,0.0
WS(k=4;b=0.5),12,3,20321814,24,0.7646432845187363,0.7614934556212085,0.5944395806592182,0.4673448453514286,0.336875,0.29875,0.8755230481444249,0.8233278077447522,0.8233278077447522,0.8233278077447522,0.0,0.0
WS(k=4;b=0.5),12,4,20321815,24,0.7873353971789452,0.7803763239141798,0.6132722200016192,0.49095297478083416,0.336875,0.29875,0.8751715546262062,0.8253856590654228,0.8253856590654228,0.8253856590654228,0.0,0.0
WS(k=4;b=0.5),12,5,20321816,24,0.7951324019784823,0.7900887648412881,0.6162093250539398,0.48914023341744234,0.336875,0.29875,0.9067325513900436,0.8524049888838244,0.8524049888838244,0.8524049888838244,0.0,0.0
WS(k=4;b=0.5),12,6,20321817,24,0.8367425812342576,0.8302228352878375,0.6501581671085623,0.5139532448385034,0.336875,0.29875,0.9158068825759607,0.8652028644754095,0.8652028644754095,0.8652028644754095,0.0,0.0
WS(k=4;b=0.5),12,7,20321818,24,0.7650670690012081,0.7621779109669174,0.6034439599995622,0.46992746136580443,0.336875,0.29875,0.8822031137228177,0.825108224180895,0.825108224180895,0.825108224180895,0.0,0.0
WS(k=4;b=0.5),12,8,20321819,24,0.7921714529253421,0.7863742251340144,0.6180489348127228,0.4892145607430746,0.336875,0.29875,0.8834161458818063,0.8334866478425091,0.8334866478425091,0.8334866478425091,0.0,0.0
WS(k=4;b=0.5),12,9,20321820,24,0.8265824561434462,0.8171246555119773,0.6485554288390437,0.516267518775378,0.336875,0.29875,0.9119723896939315,0.8581681122931291,0.8581681122931291,0.8581681122931291,0.0,0.0
WS(k=4;b=0.5),12,10,20321821,24,0.8357044099038129,0.829634335679529,0.6531976402404496,0.5169040557564422,0.336875,0.29875,0.9277562710468447,0.878500749902896,0.878500749902896,0.878500749902896,0.0,0.0
WS(k=4;b=0.5),12,11,20321822,24,0.7909057866069794,0.7858193573981906,0.6251241929895913,0.4936025697855286,0.336875,0.29875,0.8969682074604974,0.8449677827082341,0.8449677827082341,0.8449677827082341,0.0,0.0
WS(k=4;b=0.5),12,12,20321823,24,0.7604607366043519,0.7565990233903727,0.5940748773149191,0.46689501311546966,0.336875,0.29875,0.8707271627358978,0.8120786597262057,0.8120786597262057,0.8120786597262057,0.0,0.0
WS(k=4;b=0.5),12,13,20321824,24,0.7689843559821914,0.7665475695351124,0.6039242665494134,0.46912774537605156,0.336875,0.29875,0.8867400245085367,0.8327680475354734,0.8327680475354734,0.8327680475354734,0.0,0.0
WS(k=4;b=0.5),12,14,20321825,24,0.7584765072830078,0.7551203750652105,0.6047877014722011,0.47312854548903827,0.336875,0.29875,0.8793647731104656,0.825838228546256,0.825838228546256,0.825838228546256,0.0,0.0
WS(k=4;b=0.5),12,15,20321826,24,0.8279760956456985,0.8185550789632626,0.6392024645657409,0.5136915350242341,0.336875,0.29875,0.9117270319798093,0.8584034051405555,0.8584034051405555,0.8584034051405555,0.0,0.0
WS(k=4;b=0.5),12,16,20321827,24,0.8014572051479102,0.7977071906335632,0.6341940589076349,0.49349666136804443,0.336875,0.29875,0.9023847795289374,0.8559766664221913,0.8559766664221913,0.8559766664221913,0.0,0.0
WS(k=4;b=0.5),12,17,20321828,24,0.8479064191463939,0.8444177531670002,0.6643830280206935,0.521457851973423,0.336875,0.29875,0.9325743989785723,0.8909438070678104,0.8909438070678104,0.8909438070678104,0.0,0.0
WS(k=4;b=0.5),12,18,20321829,24,0.8281219524382372,0.819024799846614,0.639704855665097,0.5146930572277438,0.336875,0.29875,0.9126682299868389,0.8621015891400468,0.8621015891400468,0.8621015891400468,0.0,0.0
WS(k=4;b=0.5),12,19,20321830,24,0.791102689701065,0.7847674628665122,0.6089523040520725,0.487551857692629,0.336875,0.29875,0.8923065209157126,0.8342998081752633,0.8342998081752633,0.8342998081752633,0.0,0.0
WS(k=4;b=0.5),12,20,20321831,24,0.7966307745323445,0.7924492096763638,0.631333005112747,0.4947004178718231,0.336875,0.29875,0.9004943553327279,0.853408108843022,0.853408108843022,0.853408108843022,0.0,0.0
WS(k=4;b=0.5),12,21,20321832,24,0.7732452587903238,0.7714971717807961,0.6124850315634058,0.4727017547428563,0.336875,0.29875,0.8995812187495165,0.8422666649357009,0.8422666649357009,0.8422666649357009,0.0,0.0
WS(k=4;b=0.5),12,22,20321833,24,0.7621149210813304,0.7587304730227102,0.601409904287455,0.4698533248086596,0.336875,0.29875,0.8837015255109748,0.825592776077316,0.825592776077316,0.825592776077316,0.0,0.0
WS(k=4;b=0.5),12,23,20321834,24,0.835770747020232,0.8290816888703479,0.642025557055624,0.5137738807413359,0.336875,0.29875,0.9245233345250298,0.8736046696044296,0.8736046696044296,0.8736046696044296,0.0,0.0
WS(k=4;b=0.5),12,24,20321835,24,0.8286429870903546,0.8188088358798041,0.6286373474119236,0.5107412699084141,0.336875,0.29875,0.919167898916046,0.862965914867526,0.862965914867526,0.862965914867526,0.0,0.0
WS(k=4;b=0.5),12,25,20321836,24,0.7393196129156249,0.73822576903368,0.5852267302753437,0.4516167168720537,0.336875,0.29875,0.8765200461991695,0.8117655292215286,0.8117655292215286,0.8117655292215286,0.0,0.0
WS(k=4;b=0.5),12,26,20321837,24,0.7899391995553369,0.7845070707598613,0.6167105351526923,0.49164192641009796,0.336875,0.29875,0.8771765454940685,0.8313904647812,0.8313904647812,0.8313904647812,0.0,0.0
WS(k=4;b=0.5),12,27,20321838,24,0.7872915813804596,0.7803131745852273,0.6112071382708656,0.49085022080950186,0.336875,0.29875,0.8844000491718627,0.8300618329547812,0.8300618329547812,0.8300618329547812,0.0,0.0
WS(k=4;b=0.5),12,28,20321839,24,0.7930669456599875,0.7874190029062315,0.6186439970858295,0.48904345936574506,0.336875,0.29875,0.8860746946929411,0.8368687953173538,0.8368687953173538,0.8368687953173538,0.0,0.0
WS(k=4;b=0.5),12,29,20321840,24,0.7900039898983399,0.7849923923248854,0.6267300481506822,0.4959297168446925,0.336875,0.29875,0.8830536624997312,0.8396048452131119,0.8396048452131119,0.8396048452131119,0.0,0.0
WS(k=4;b=0.5),12,30,20321841,24,0.8355372373840455,0.8294525415998921,0.6507381925831877,0.5171444888695674,0.336875,0.29875,0.9130203335580597,0.8684656721757087,0.8684656721757087,0.8684656721757087,0.0,0.0
WS(k=4;b=0.5),14,1,20322012,28,0.8327758110733294,0.813177407160866,0.6655118019731444,0.4573818496976318,0.138125,0.1175,0.9151616251868285,0.8629224247251086,0.8629224247251086,0.8629224247251086,0.0,0.0
WS(k=4;b=0.5),14,2,20322013,28,0.8028675984781767,0.7883465924843368,0.6426576939834899,0.44156655468717915,0.138125,0.1175,0.9029516615347373,0.8535301225321085,0.8535301225321085,0.8535301225321085,0.0,0.0
WS(k=4;b=0.5),14,3,20322014,28,0.8309324971618415,0.8101127388641199,0.6741746038251606,0.45554634763390583,0.138125,0.1175,0.9141758756711411,0.8596962334025496,0.8596962334025496,0.8596962334025496,0.0,0.0
WS(k=4;b=0.5),14,4,20322015,28,0.7650451090570967,0.7503888938599117,0.5979487674808733,0.42107563764503847,0.138125,0.1175,0.8664483704056806,0.8092930418491556,0.8092930418491556,0.8092930418491556,0.0,0.0
WS(k=4;b=0.5),14,5,20322016,28,0.8353963978026255,0.8177411839092443,0.6700537339864848,0.4599237340965085,0.138125,0.1175,0.9195275306489479,0.8712114402460666,0.8712114402460666,0.8712114402460666,0.0,0.0
WS(k=4;b=0.5),14,6,20322017,28,0.804495259548774,0.7915042496220779,0.6443943869649587,0.44540476046386035,0.138125,0.1175,0.8998017562474736,0.8540754758904324,0.8540754758904324,0.8540754758904324,0.0,0.0
WS(k=4;b=0.5),14,7,20322018,28,0.7206995028372805,0.7126708876585465,0.568466195981535,0.39645423917476097,0.138125,0.1175,0.8444717962269027,0.7792121736843192,0.7792121736843192,0.7792121736843192,0.0,0.0
WS(k=4;b=0.5),14,8,20322019,28,0.8026195314339494,0.7888336639869138,0.6478128676986789,0.4433503340182147,0.138125,0.1175,0.8905340118416315,0.8459113602403392,0.8459113602403392,0.8459113602403392,0.0,0.0
WS(k=4;b=0.5),14,9,20322020,28,0.8109093314943961,0.7996290020152501,0.6464660817164081,0.4469651730535744,0.138125,0.1175,0.9145709229138167,0.8637212615644032,0.8637212615644032,0.8637212615644032,0.0,0.0
WS(k=4;b=0.5),14,10,20322021,28,0.7746628198625984,0.7640509117753349,0.6201875403676469,0.4284436163715751,0.138125,0.1175,0.8789768008861296,0.8323917018482286,0.8323917018482286,0.8323917018482286,0.0,0.0
WS(k=4;b=0.5),14,11,20322022,28,0.8050139126514413,0.7920449839665893,0.6464090318756375,0.44507805242587567,0.138125,0.1175,0.8916388019779142,0.8457146415762634,0.8457146415762634,0.8457146415762634,0.0,0.0
WS(k=4;b=0.5),14,12,20322023,28,0.7692123937653718,0.7568727172439129,0.6150962992228597,0.42553635544023294,0.138125,0.1175,0.8714229916668167,0.8220791929885184,0.8220791929885184,0.8220791929885184,0.0,0.0
WS(k=4;b=0.5),14,13,20322024,28,0.7645192338496973,0.7508478774904195,0.6189951556477075,0.42375890187052195,0.138125,0.1175,0.8763240687236492,0.8162462673848129,0.8162462673848129,0.8162462673848129,0.0,0.0
WS(k=4;b=0.5),14,14,20322025,28,0.8413826992214323,0.8258497629492105,0.6741118224135337,0.4615576601276438,0.138125,0.1175,0.9229822930609795,0.8735828181767188,0.8735828181767188,0.8735828181767188,0.0,0.0
WS(k=4;b=0.5),14,15,20322026,28,0.7742279430453369,0.7632148772742134,0.618630538216452,0.42771688262190916,0.138125,0.1175,0.8721610750264897,0.8254580712168789,0.8254580712168789,0.8254580712168789,0.0,0.0
WS(k=4;b=0.5),14,16,20322027,28,0.8337357349314137,0.8147733633335109,0.6730368122561374,0.4577874885039731,0.138125,0.1175,0.9108693097941509,0.8626503447085769,0.8626503447085769,0.8626503447085769,0.0,0.0
WS(k=4;b=0.5),14,17,20322028,28,0.7995335236809388,0.7838530627584955,0.6449259936241998,0.4394819442475208,0.138125,0.1175,0.8895151023872298,0.8393123660837599,0.8393123660837599,0.8393123660837599,0.0,0.0
WS(k=4;b=0.5),14,18,20322029,28,0.771825367579493,0.7594963126469662,0.6189998145209227,0.4248309214268435,0.138125,0.1175,0.8708156575065378,0.8183607822176424,0.8183607822176424,0.8183607822176424,0.0,0.0
WS(k=4;b=0.5),14,19,20322030,28,0.7823329469084949,0.7734946712871218,0.6175897299691977,0.43064067236511944,0.138125,0.1175,0.8743098406326015,0.8313465323621765,0.8313465323621765,0.8313465323621765,0.0,0.0
WS(k=4;b=0.5),14,20,20322031,28,0.79823487543349,0.7836205615639642,0.6450565229787878,0.4427176848478624,0.138125,0.1175,0.8883296494294041,0.8425637512548683,0.8425637512548683,0.8425637512548683,0.0,0.0
WS(k=4;b=0.5),14,21,20322032,28,0.8021111160842257,0.7884576833752057,0.6463994292266154,0.44413044568761284,0.138125,0.1175,0.8861353839719958,0.8428322752351701,0.8428322752351701,0.8428322752351701,0.0,0.0
WS(k=4;b=0.5),14,22,20322033,28,0.8360257499137437,0.8185807106722803,0.6731022315339498,0.4597695032591093,0.138125,0.1175,0.920138652315238,0.8708341171432009,0.8708341171432009,0.8708341171432009,0.0,0.0
WS(k=4;b=0.5),14,23,20322034,28,0.7832667282077624,0.7744116628190613,0.6164490068705851,0.43074299145386336,0.138125,0.1175,0.89117952583711,0.8399584237468329,0.8399584237468329,0.8399584237468329,0.0,0.0
WS(k=4;b=0.5),14,24,20322035,28,0.7708182158570669,0.7593598852081961,0.6202866979099066,0.4276646297417628,0.138125,0.1175,0.8620511589596284,0.8205611915178047,0.8205611915178047,0.8205611915178047,0.0,0.0
WS(k=4;b=0.5),14,25,20322036,28,0.7802495922054196,0.7700593303709803,0.6155565061989335,0.42772648217055326,0.138125,0.1175,0.8789833184618219,0.8289892334250719,0.8289892334250719,0.8289892334250719,0.0,0.0
WS(k=4;b=0.5),14,26,20322037,28,0.8027894198328728,0.7877883747452817,0.6394481763334376,0.4404068193846722,0.138125,0.1175,0.9204437139264765,0.861117115469055,0.861117115469055,0.861117115469055,0.0,0.0
WS(k=4;b=0.5),14,27,20322038,28,0.7987115384621952,0.78293237883351,0.6435769665827803,0.4398155430369688,0.138125,0.1175,0.8818832692535543,0.8330595254332988,0.8330595254332988,0.8330595254332988,0.0,0.0
WS(k=4;b=0.5),14,28,20322039,28,0.7962816855141231,0.7788925388207466,0.6446164651458733,0.43777827749760106,0.138125,0.1175,0.8807476021792755,0.8291724818885003,0.8291724818885003,0.8291724818885003,0.0,0.0
WS(k=4;b=0.5),14,29,20322040,28,0.8181536975860837,0.8087943149503893,0.6440402481961581,0.4497302002748778,0.138125,0.1175,0.92119220323046,0.8666937731605632,0.8666937731605632,0.8666937731605632,0.0,0.0
WS(k=4;b=0.5),14,30,20322041,28,0.8101053390550174,0.7989055148690237,0.6461428863714095,0.44771496616874773,0.138125,0.1175,0.913128059586651,0.8616600957010487,0.8616600957010487,0.8616600957010487,0.0,0.0
3-regular,12,1,20331812,18,0.7787472787996472,0.7729188040289179,0.5607256353703769,0.3692486507413263,0.09125,0.069375,0.9235376458896964,0.8541460279519971,0.8541460279519971,0.8541460279519971,0.0,0.0
3-regular,12,2,20331813,18,0.7593243118970203,0.7499620494070391,0.553535538971064,0.3486696490506682,0.09125,0.069375,0.857676749421564,0.8106486612790904,0.8106486612790904,0.8106486612790904,0.0,0.0
3-regular,12,3,20331814,18,0.7683345720563706,0.7614404267179786,0.5571305871707204,0.3589591498959972,0.09125,0.069375,0.8907525591134198,0.8351984640926955,0.8351984640926955,0.8351984640926955,0.0,0.0
3-regular,12,4,20331815,18,0.809945932690155,0.7999595193675084,0.5904379082358014,0.37191429232071277,0.09125,0.069375,0.9029023441582235,0.8676006223859877,0.8676006223859877,0.8676006223859877,0.0,0.0
3-regular,12,5,20331816,18,0.8004870597820309,0.7877159169025064,0.5866031901561679,0.3609388247523617,0.09125,0.069375,0.8892744225960468,0.8546748662567547,0.8546748662567547,0.8546748662567547,0.0,0.0
3-regular,12,6,20331817,18,0.809945932690155,0.7999595193675084,0.5904379082358014,0.37191429232071277,0.09125,0.069375,0.8982058585744856,0.8629959899855338,0.8629959899855338,0.8629959899855338,0.0,0.0
3-regular,12,7,20331818,18,0.8004870597820309,0.7877159169025063,0.5866031901561679,0.3609388247523618,0.09125,0.069375,0.8844042687409369,0.8498457076016154,0.8498457076016154,0.8498457076016154,0.0,0.0
3-regular,12,8,20331819,18,0.8004870597820307,0.7877159169025063,0.5866031901561679,0.36093882475236183,0.09125,0.069375,0.8844042687409369,0.8498457076016155,0.8498457076016155,0.8498457076016155,0.0,0.0
3-regular,12,9,20331820,18,0.7915140858487623,0.7754723144375042,0.5827684720765344,0.3499633571840109,0.09125,0.069375,0.877543387885832,0.839398226785094,0.839398226785094,0.839398226785094,0.0,0.0
3-regular,12,10,20331821,18,0.7832108887783493,0.763228711972502,0.5789337539969008,0.3389878896156599,0.09125,0.069375,0.8743093948150588,0.8335602072242322,0.8335602072242322,0.8335602072242322,0.0,0.0
3-regular,12,11,20331822,18,0.7593243118970203,0.7499620494070391,0.5535355389710639,0.3486696490506683,0.09125,0.069375,0.8605215221606226,0.8162887778931384,0.8162887778931384,0.8162887778931384,0.0,0.0
3-regular,12,12,20331823,18,0.809945932690155,0.7999595193675083,0.5904379082358016,0.37191429232071277,0.09125,0.069375,0.8983169238896455,0.8630024361133458,0.8630024361133458,0.8630024361133458,0.0,0.0
3-regular,12,13,20331824,18,0.692219803377464,0.687038936914594,0.4984227869958904,0.32822102288117894,0.09125,0.069375,0.8727058702344784,0.7694264608222191,0.7694264608222191,0.7694264608222191,0.0,0.0
3-regular,12,14,20331825,18,0.7683345720563708,0.7614404267179785,0.5571305871707204,0.35895914989599725,0.09125,0.069375,0.8738992432068793,0.8299908197451473,0.8299908197451473,0.8299908197451473,0.0,0.0
3-regular,12,15,20331826,18,0.8004870597820308,0.7877159169025063,0.5866031901561681,0.3609388247523618,0.09125,0.069375,0.8931487517015478,0.8525396358260161,0.8525396358260161,0.8525396358260161,0.0,0.0
3-regular,12,16,20331827,18,0.7683345720563706,0.7614404267179786,0.5571305871707204,0.3589591498959973,0.09125,0.069375,0.880430540630398,0.8302159411630502,0.8302159411630502,0.8302159411630502,0.0,0.0
3-regular,12,17,20331828,18,0.7683345720563708,0.7614404267179786,0.5571305871707204,0.3589591498959973,0.09125,0.069375,0.8784570622150775,0.8256782335878388,0.8256782335878388,0.8256782335878388,0.0,0.0
3-regular,12,18,20331829,18,0.809945932690155,0.7999595193675084,0.5904379082358016,0.37191429232071277,0.09125,0.069375,0.9102409695785117,0.8702483255791171,0.8702483255791171,0.8702483255791171,0.0,0.0
3-regular,12,19,20331830,18,0.7683345720563708,0.7614404267179786,0.5571305871707204,0.3589591498959973,0.09125,0.069375,0.8578971747781434,0.8214407231907933,0.8214407231907933,0.8214407231907933,0.0,0.0
3-regular,12,20,20331831,18,0.7593243118970203,0.7499620494070391,0.5535355389710639,0.3486696490506682,0.09125,0.069375,0.8674441219986005,0.8236574347478958,0.8236574347478958,0.8236574347478958,0.0,0.0
3-regular,12,21,20331832,18,0.7683345720563708,0.7614404267179786,0.5571305871707203,0.35895914989599725,0.09125,0.069375,0.8713719042974019,0.826012782519639,0.826012782519639,0.826012782519639,0.0,0.0
3-regular,12,22,20331833,18,0.8195568768601287,0.8122031218325105,0.5942726263154353,0.3828897598890638,0.09125,0.069375,0.9058685949709615,0.8742100399773979,0.8742100399773979,0.8742100399773979,0.0,0.0
3-regular,12,23,20331834,18,0.7593243118970202,0.749962049407039,0.553535538971064,0.3486696490506682,0.09125,0.069375,0.8605215221606226,0.8162887778931384,0.8162887778931384,0.8162887778931384,0.0,0.0
3-regular,12,24,20331835,18,0.7683345720563708,0.7614404267179784,0.5571305871707203,0.3589591498959973,0.09125,0.069375,0.8877818169102152,0.8285787715475439,0.8285787715475439,0.8285787715475439,0.0,0.0
3-regular,12,25,20331836,18,0.7683345720563708,0.7614404267179786,0.5571305871707204,0.3589591498959973,0.09125,0.069375,0.8784570622150776,0.8256782335878388,0.8256782335878388,0.8256782335878388,0.0,0.0
3-regular,12,26,20331837,18,0.7683345720563708,0.7614404267179785,0.5571305871707203,0.3589591498959973,0.09125,0.069375,0.8784570622150771,0.8256782335878388,0.8256782335878388,0.8256782335878388,0.0,0.0
3-regular,12,27,20331838,18,0.7683345720563708,0.7614404267179786,0.5571305871707204,0.3589591498959973,0.09125,0.069375,0.8713719042974019,0.8260127825196392,0.8260127825196392,0.8260127825196392,0.0,0.0
3-regular,12,28,20331839,18,0.7593243118970204,0.7499620494070391,0.5535355389710638,0.3486696490506682,0.09125,0.069375,0.876675823971089,0.818354949304277,0.818354949304277,0.818354949304277,0.0,0.0
3-regular,12,29,20331840,18,0.7787472787996471,0.7729188040289181,0.5607256353703769,0.36924865074132635,0.09125,0.069375,0.8781601225213391,0.8369216537268842,0.8369216537268842,0.8369216537268842,0.0,0.0
3-regular,12,30,20331841,18,0.8677992135965945,0.8570994850366161,0.6326120445383587,0.3984795989150494,0.09125,0.069375,0.9500247170312611,0.9176508675439518,0.9176508675439518,0.9176508675439518,0.0,0.0
3-regular,14,1,20332012,21,0.8365946201722105,0.8270888000739065,0.6168487235832361,0.616980627339266,0.004375,0.0025,0.920341373167525,0.891985597112494,0.891985597112494,0.891985597112494,0.0,0.0
3-regular,14,2,20332013,21,0.7561196160777468,0.7496928230648129,0.5520351806089691,0.5521579785545535,0.004375,0.0025,0.8694127564020045,0.8193245564057502,0.8193245564057502,0.8193245564057502,0.0,0.0
3-regular,14,3,20332014,21,0.7821080211321098,0.7709364202378544,0.5824548983477563,0.5825744298332511,0.004375,0.0025,0.8808445332867851,0.8427444808718774,0.8427444808718774,0.8427444808718774,0.0,0.0
3-regular,14,4,20332015,21,0.7901171412737544,0.7811394222920227,0.582579350050834,0.5827039258204177,0.004375,0.0025,0.887710688633277,0.8469338714590765,0.8469338714590765,0.8469338714590765,0.0,0.0
3-regular,14,5,20332016,21,0.8281143753163516,0.8162856214283165,0.616716951191742,0.6168435139410894,0.004375,0.0025,0.9123292483696734,0.8820524872311222,0.8820524872311222,0.8820524872311222,0.0,0.0
3-regular,14,6,20332017,21,0.805163533886522,0.7838760854915459,0.6163216340172598,0.6164321737465601,0.004375,0.0025,0.880618375900121,0.849204594972052,0.849204594972052,0.849204594972052,0.0,0.0
3-regular,14,7,20332018,21,0.7561196160777467,0.7496928230648127,0.552035180608969,0.5521579785545537,0.004375,0.0025,0.8693637894523961,0.8138942140130936,0.8138942140130936,0.8138942140130936,0.0,0.0
3-regular,14,8,20332019,21,0.7901171412737545,0.7811394222920227,0.582579350050834,0.5827039258204177,0.004375,0.0025,0.8879699847097348,0.8502012924235371,0.8502012924235371,0.8502012924235371,0.0,0.0
3-regular,14,9,20332020,21,0.7981262614153994,0.7913424243461912,0.5827038017539117,0.5828334218075845,0.004375,0.0025,0.8981638455587644,0.8560240837217149,0.8560240837217149,0.8560240837217149,0.0,0.0
3-regular,14,10,20332021,21,0.7745125689825572,0.7607334181836858,0.5823304466446787,0.5824449338460845,0.004375,0.0025,0.8646450169616932,0.8285435396896842,0.8285435396896842,0.8285435396896842,0.0,0.0
3-regular,14,11,20332022,21,0.7821080211321098,0.7709364202378544,0.5824548983477563,0.5825744298332511,0.004375,0.0025,0.8796824138367969,0.8376700564267925,0.8376700564267925,0.8376700564267925,0.0,0.0
3-regular,14,12,20332023,21,0.7901171412737545,0.7811394222920227,0.582579350050834,0.5827039258204176,0.004375,0.0025,0.8857259590900026,0.8471567343461239,0.8471567343461239,0.8471567343461239,0.0,0.0
3-regular,14,13,20332024,21,0.7901171412737545,0.7811394222920227,0.582579350050834,0.5827039258204176,0.004375,0.0025,0.9015380071993818,0.8541915786253018,0.8541915786253018,0.8541915786253018,0.0,0.0
3-regular,14,14,20332025,21,0.7650850458382498,0.759358825010867,0.552153082222411,0.5522806589634484,0.004375,0.0025,0.8844670627187016,0.8279342799202289,0.8279342799202289,0.8279342799202289,0.0,0.0
3-regular,14,15,20332026,21,0.7901171412737545,0.7811394222920227,0.582579350050834,0.5827039258204176,0.004375,0.0025,0.8766024598112966,0.8446456875732742,0.8446456875732742,0.8446456875732742,0.0,0.0
3-regular,14,16,20332027,21,0.7485320285751359,0.7400268211187584,0.551917278995527,0.552035298145659,0.004375,0.0025,0.8441396342874373,0.8021048217695823,0.8021048217695823,0.8021048217695823,0.0,0.0
3-regular,14,17,20332028,21,0.76508504583825,0.759358825010867,0.552153082222411,0.5522806589634484,0.004375,0.0025,0.8795266828614556,0.823544323417934,0.823544323417934,0.823544323417934,0.0,0.0
3-regular,14,18,20332029,21,0.7901171412737545,0.7811394222920227,0.582579350050834,0.5827039258204176,0.004375,0.0025,0.8961971416076074,0.8570751031588921,0.8570751031588921,0.8570751031588921,0.0,0.0
3-regular,14,19,20332030,21,0.7745125689825573,0.7607334181836859,0.5823304466446787,0.5824449338460845,0.004375,0.0025,0.8709042986419929,0.8323865384672542,0.8323865384672542,0.8323865384672542,0.0,0.0
3-regular,14,20,20332031,21,0.7821080211321098,0.7709364202378544,0.5824548983477563,0.5825744298332511,0.004375,0.0025,0.8817746137695566,0.8398269709185152,0.8398269709185152,0.8398269709185152,0.0,0.0
3-regular,14,21,20332032,21,0.8281143753163515,0.8162856214283162,0.6167169511917419,0.6168435139410894,0.004375,0.0025,0.9299460264320927,0.8910025570735324,0.8910025570735324,0.8910025570735324,0.0,0.0
3-regular,14,22,20332033,21,0.7561196160777467,0.7496928230648127,0.552035180608969,0.5521579785545537,0.004375,0.0025,0.8640364230041767,0.816816152046812,0.816816152046812,0.816816152046812,0.0,0.0
3-regular,14,23,20332034,21,0.836594620172211,0.8270888000739066,0.6168487235832361,0.616980627339266,0.004375,0.0025,0.9289964409153025,0.8965462625883271,0.8965462625883271,0.8965462625883271,0.0,0.0
3-regular,14,24,20332035,21,0.7981262614153993,0.7913424243461912,0.5827038017539117,0.5828334218075845,0.004375,0.0025,0.8898296474581306,0.8552953097731344,0.8552953097731344,0.8552953097731344,0.0,0.0
3-regular,14,25,20332036,21,0.7821080211321098,0.7709364202378544,0.5824548983477563,0.5825744298332513,0.004375,0.0025,0.8741323646611602,0.8395981476003261,0.8395981476003261,0.8395981476003261,0.0,0.0
3-regular,14,26,20332037,21,0.7485320285751358,0.7400268211187583,0.551917278995527,0.552035298145659,0.004375,0.0025,0.8738447086582842,0.8087144023277962,0.8087144023277962,0.8087144023277962,0.0,0.0
3-regular,14,27,20332038,21,0.7821080211321098,0.7709364202378544,0.5824548983477563,0.5825744298332511,0.004375,0.0025,0.8733041543945469,0.8380644094023416,0.8380644094023416,0.8380644094023416,0.0,0.0
3-regular,14,28,20332039,21,0.8121548019227649,0.7946792641371362,0.616453406408754,0.6165692871447366,0.004375,0.0025,0.8933866518964748,0.8616439723704621,0.8616439723704621,0.8616439723704621,0.0,0.0
3-regular,14,29,20332040,21,0.7821080211321098,0.7709364202378544,0.5824548983477563,0.5825744298332511,0.004375,0.0025,0.8741323646611602,0.8395981476003261,0.8395981476003261,0.8395981476003261,0.0,0.0
3-regular,14,30,20332041,21,0.820072131863884,0.8054824427827263,0.616585178800248,0.616706400542913,0.004375,0.0025,0.9136453027519744,0.8774321589860432,0.8774321589860432,0.8774321589860432,0.0,0.0
