family,n,inst,part,p,ceiling,kind,t_est_s,classes_missed,regret_raw,regret_norm
ER(0.5),10,1,A,1,0.824879,exact,1.164,0,0.036911,0.003895
ER(0.5),10,1,A,1,0.824879,samp10,0.205,0,0.027363,0.003895
ER(0.5),10,1,A,1,0.824879,poly_S3_K50,0.425,0,0.130435,0.0
ER(0.5),10,1,A,1,0.824879,poly_S10_K200,0.113,0,0.133133,0.003895
ER(0.5),10,1,A,3,0.92244,exact,1.164,0,0.095989,0.018491
ER(0.5),10,1,A,3,0.92244,samp10,0.205,0,0.095989,0.0
ER(0.5),10,1,A,3,0.92244,poly_S3_K50,0.425,0,0.446436,0.021071
ER(0.5),10,1,A,3,0.92244,poly_S10_K200,0.113,0,0.20189,0.021071
ER(0.5),10,2,A,1,0.848965,exact,0.002,0,0.034902,0.00688
ER(0.5),10,2,A,1,0.848965,samp10,0.001,0,0.024179,0.00688
ER(0.5),10,2,A,1,0.848965,poly_S3_K50,0.077,0,0.171148,0.00688
ER(0.5),10,2,A,1,0.848965,poly_S10_K200,0.101,0,0.024179,0.00688
ER(0.5),10,2,A,3,0.916175,exact,0.002,0,0.064357,0.0
ER(0.5),10,2,A,3,0.916175,samp10,0.001,0,0.034855,0.0
ER(0.5),10,2,A,3,0.916175,poly_S3_K50,0.077,0,0.215793,0.018008
ER(0.5),10,2,A,3,0.916175,poly_S10_K200,0.101,0,0.023979,0.018008
ER(0.25),10,1,A,1,0.778672,exact,0.002,0,0.014499,0.079887
ER(0.25),10,1,A,1,0.778672,samp10,0.001,0,0.059624,0.079887
ER(0.25),10,1,A,1,0.778672,poly_S3_K50,0.053,0,0.187602,0.0
ER(0.25),10,1,A,1,0.778672,poly_S10_K200,0.074,0,0.059624,0.01318
ER(0.25),10,1,A,3,0.868943,exact,0.002,0,0.040823,0.019462
ER(0.25),10,1,A,3,0.868943,samp10,0.001,0,0.066393,0.007276
ER(0.25),10,1,A,3,0.868943,poly_S3_K50,0.053,0,0.227463,0.015258
ER(0.25),10,1,A,3,0.868943,poly_S10_K200,0.074,0,0.077908,0.019462
ER(0.25),10,2,A,1,0.743534,exact,0.002,0,0.032509,0.075394
ER(0.25),10,2,A,1,0.743534,samp10,0.001,0,0.032509,0.0
ER(0.25),10,2,A,1,0.743534,poly_S3_K50,0.056,0,0.281536,0.0
ER(0.25),10,2,A,1,0.743534,poly_S10_K200,0.071,0,0.032509,0.075394
ER(0.25),10,2,A,3,0.820896,exact,0.002,0,0.043817,0.03886
ER(0.25),10,2,A,3,0.820896,samp10,0.001,0,0.054689,0.003093
ER(0.25),10,2,A,3,0.820896,poly_S3_K50,0.056,0,0.361279,0.03886
ER(0.25),10,2,A,3,0.820896,poly_S10_K200,0.071,0,0.328764,0.03886
BA(k=2),10,1,A,1,0.768837,exact,0.002,0,0.014151,0.018525
BA(k=2),10,1,A,1,0.768837,samp10,0.001,0,0.014151,0.018525
BA(k=2),10,1,A,1,0.768837,poly_S3_K50,0.07,0,0.014151,0.005055
BA(k=2),10,1,A,1,0.768837,poly_S10_K200,0.093,0,0.014151,0.005055
BA(k=2),10,1,A,3,0.878841,exact,0.002,0,0.068436,0.048858
BA(k=2),10,1,A,3,0.878841,samp10,0.001,0,0.068436,0.010381
BA(k=2),10,1,A,3,0.878841,poly_S3_K50,0.07,0,0.251532,0.023456
BA(k=2),10,1,A,3,0.878841,poly_S10_K200,0.093,0,0.083547,0.010381
BA(k=2),10,2,A,1,0.863715,exact,0.002,0,0.025888,0.10226
BA(k=2),10,2,A,1,0.863715,samp10,0.001,0,0.025888,0.008442
BA(k=2),10,2,A,1,0.863715,poly_S3_K50,0.066,0,0.197048,0.008442
BA(k=2),10,2,A,1,0.863715,poly_S10_K200,0.089,0,0.025888,0.008442
BA(k=2),10,2,A,3,0.932859,exact,0.002,0,0.039183,0.0
BA(k=2),10,2,A,3,0.932859,samp10,0.001,0,0.051055,0.0
BA(k=2),10,2,A,3,0.932859,poly_S3_K50,0.066,0,0.361805,0.025146
BA(k=2),10,2,A,3,0.932859,poly_S10_K200,0.089,0,0.031862,0.0
BA(k=4),10,1,A,1,0.784169,exact,0.002,0,0.030486,0.005485
BA(k=4),10,1,A,1,0.784169,samp10,0.001,0,0.030486,0.005485
BA(k=4),10,1,A,1,0.784169,poly_S3_K50,0.077,0,0.112752,0.005485
BA(k=4),10,1,A,1,0.784169,poly_S10_K200,0.109,0,0.021458,0.005485
BA(k=4),10,1,A,3,0.874302,exact,0.002,0,0.085384,0.011584
BA(k=4),10,1,A,3,0.874302,samp10,0.001,0,0.041923,0.035354
BA(k=4),10,1,A,3,0.874302,poly_S3_K50,0.077,0,0.262652,0.011584
BA(k=4),10,1,A,3,0.874302,poly_S10_K200,0.109,0,0.05637,0.011584
BA(k=4),10,2,A,1,0.760346,exact,0.002,0,0.040623,0.0
BA(k=4),10,2,A,1,0.760346,samp10,0.001,0,0.000793,0.0
BA(k=4),10,2,A,1,0.760346,poly_S3_K50,0.076,0,0.161161,0.0
BA(k=4),10,2,A,1,0.760346,poly_S10_K200,0.109,0,0.124582,0.0
BA(k=4),10,2,A,3,0.860655,exact,0.002,0,0.050852,0.015171
BA(k=4),10,2,A,3,0.860655,samp10,0.001,0,0.0676,0.015171
BA(k=4),10,2,A,3,0.860655,poly_S3_K50,0.076,0,0.252291,0.031101
BA(k=4),10,2,A,3,0.860655,poly_S10_K200,0.109,0,0.147157,0.075787
WS(k=4;b=0.1),10,1,A,1,0.821642,exact,0.002,0,0.006551,0.0
WS(k=4;b=0.1),10,1,A,1,0.821642,samp10,0.001,0,0.006551,0.0
WS(k=4;b=0.1),10,1,A,1,0.821642,poly_S3_K50,0.065,0,0.110413,0.0
WS(k=4;b=0.1),10,1,A,1,0.821642,poly_S10_K200,0.087,0,0.144638,0.0
WS(k=4;b=0.1),10,1,A,3,0.871996,exact,0.002,0,0.027804,0.005613
WS(k=4;b=0.1),10,1,A,3,0.871996,samp10,0.001,0,0.016914,0.005613
WS(k=4;b=0.1),10,1,A,3,0.871996,poly_S3_K50,0.065,0,0.228101,0.001779
WS(k=4;b=0.1),10,1,A,3,0.871996,poly_S10_K200,0.087,0,0.305565,0.005613
WS(k=4;b=0.1),10,2,A,1,0.886197,exact,0.002,0,0.009332,0.024177
WS(k=4;b=0.1),10,2,A,1,0.886197,samp10,0.001,0,0.009332,0.0
WS(k=4;b=0.1),10,2,A,1,0.886197,poly_S3_K50,0.066,0,0.168766,0.0
WS(k=4;b=0.1),10,2,A,1,0.886197,poly_S10_K200,0.086,0,0.009332,0.024177
WS(k=4;b=0.1),10,2,A,3,0.944976,exact,0.002,0,0.024764,0.001946
WS(k=4;b=0.1),10,2,A,3,0.944976,samp10,0.001,0,0.054451,0.001946
WS(k=4;b=0.1),10,2,A,3,0.944976,poly_S3_K50,0.066,0,0.284402,0.00124
WS(k=4;b=0.1),10,2,A,3,0.944976,poly_S10_K200,0.086,0,0.033432,0.001946
WS(k=4;b=0.5),10,1,A,1,0.776434,exact,0.002,0,0.010133,0.017011
WS(k=4;b=0.5),10,1,A,1,0.776434,samp10,0.001,0,0.010133,0.017011
WS(k=4;b=0.5),10,1,A,1,0.776434,poly_S3_K50,0.071,0,0.151434,0.0
WS(k=4;b=0.5),10,1,A,1,0.776434,poly_S10_K200,0.1,0,0.048971,0.017011
WS(k=4;b=0.5),10,1,A,3,0.88418,exact,0.002,0,0.060252,0.029669
WS(k=4;b=0.5),10,1,A,3,0.88418,samp10,0.001,0,0.078147,0.029669
WS(k=4;b=0.5),10,1,A,3,0.88418,poly_S3_K50,0.071,0,0.335385,0.088423
WS(k=4;b=0.5),10,1,A,3,0.88418,poly_S10_K200,0.1,0,0.078147,0.0
WS(k=4;b=0.5),10,2,A,1,0.780224,exact,0.003,0,0.009582,0.022039
WS(k=4;b=0.5),10,2,A,1,0.780224,samp10,0.001,0,0.062102,0.022039
WS(k=4;b=0.5),10,2,A,1,0.780224,poly_S3_K50,0.069,0,0.19154,0.0
WS(k=4;b=0.5),10,2,A,1,0.780224,poly_S10_K200,0.098,0,0.009582,0.0
WS(k=4;b=0.5),10,2,A,3,0.880692,exact,0.003,0,0.062084,0.053498
WS(k=4;b=0.5),10,2,A,3,0.880692,samp10,0.001,0,0.062084,0.008452
WS(k=4;b=0.5),10,2,A,3,0.880692,poly_S3_K50,0.069,0,0.176892,0.030175
WS(k=4;b=0.5),10,2,A,3,0.880692,poly_S10_K200,0.098,0,0.075861,0.008452
3-regular,10,1,A,1,0.817079,exact,0.003,0,0.027529,0.009998
3-regular,10,1,A,1,0.817079,samp10,0.001,0,0.027529,0.009998
3-regular,10,1,A,1,0.817079,poly_S3_K50,0.057,0,0.229022,0.0
3-regular,10,1,A,1,0.817079,poly_S10_K200,0.072,0,0.027529,0.009998
3-regular,10,1,A,3,0.890044,exact,0.003,0,0.060921,0.021196
3-regular,10,1,A,3,0.890044,samp10,0.001,0,0.060921,0.055882
3-regular,10,1,A,3,0.890044,poly_S3_K50,0.057,0,0.35125,0.072986
3-regular,10,1,A,3,0.890044,poly_S10_K200,0.072,0,0.048301,0.021196
3-regular,10,2,A,1,0.772105,exact,0.002,0,0.03344,0.003989
3-regular,10,2,A,1,0.772105,samp10,0.001,0,0.03344,0.079008
3-regular,10,2,A,1,0.772105,poly_S3_K50,0.058,0,0.186993,0.003989
3-regular,10,2,A,1,0.772105,poly_S10_K200,0.077,0,0.03344,0.003989
3-regular,10,2,A,3,0.887694,exact,0.002,0,0.09335,0.035331
3-regular,10,2,A,3,0.887694,samp10,0.001,0,0.107359,0.0
3-regular,10,2,A,3,0.887694,poly_S3_K50,0.058,0,0.338853,0.121399
3-regular,10,2,A,3,0.887694,poly_S10_K200,0.077,0,0.096951,0.035331
ER(0.5),12,1,B,1,0.842806,exact,0.032,0,0.022172,0.014026
ER(0.5),12,1,B,1,0.842806,samp10,0.006,0,0.022172,0.014026
ER(0.5),12,1,B,1,0.842806,poly_S10_K200,0.177,0,0.016079,0.014026
ER(0.5),12,1,B,3,0.907526,exact,0.032,0,0.052944,0.019415
ER(0.5),12,1,B,3,0.907526,samp10,0.006,0,0.056126,0.019415
ER(0.5),12,1,B,3,0.907526,poly_S10_K200,0.177,0,0.031231,0.021801
ER(0.5),12,2,B,1,0.834427,exact,0.032,0,0.030107,0.011311
ER(0.5),12,2,B,1,0.834427,samp10,0.071,0,0.030107,0.011311
ER(0.5),12,2,B,1,0.834427,poly_S10_K200,0.178,0,0.059439,0.011311
ER(0.5),12,2,B,3,0.918077,exact,0.032,0,0.075159,0.007132
ER(0.5),12,2,B,3,0.918077,samp10,0.071,0,0.075159,0.007132
ER(0.5),12,2,B,3,0.918077,poly_S10_K200,0.178,0,0.158423,0.034971
ER(0.25),12,1,B,1,0.760727,exact,0.02,0,0.02994,0.074448
ER(0.25),12,1,B,1,0.760727,samp10,0.003,0,0.02994,0.016479
ER(0.25),12,1,B,1,0.760727,poly_S10_K200,0.111,0,0.060782,0.0
ER(0.25),12,1,B,3,0.852162,exact,0.02,0,0.067001,0.021456
ER(0.25),12,1,B,3,0.852162,samp10,0.003,0,0.073574,0.021456
ER(0.25),12,1,B,3,0.852162,poly_S10_K200,0.111,0,0.211411,0.00963
ER(0.25),12,2,B,1,0.798845,exact,0.019,0,0.028869,0.09858
ER(0.25),12,2,B,1,0.798845,samp10,0.004,0,0.028869,0.005673
ER(0.25),12,2,B,1,0.798845,poly_S10_K200,0.112,0,0.059575,0.005673
ER(0.25),12,2,B,3,0.889275,exact,0.019,0,0.061399,0.039706
ER(0.25),12,2,B,3,0.889275,samp10,0.004,0,0.061399,0.019125
ER(0.25),12,2,B,3,0.889275,poly_S10_K200,0.112,0,0.037036,0.119496
BA(k=2),12,1,B,1,0.755192,exact,0.023,0,0.019425,0.063289
BA(k=2),12,1,B,1,0.755192,samp10,0.004,0,0.019425,0.009252
BA(k=2),12,1,B,1,0.755192,poly_S10_K200,0.134,0,0.019425,0.009252
BA(k=2),12,1,B,3,0.858768,exact,0.023,0,0.065387,0.050908
BA(k=2),12,1,B,3,0.858768,samp10,0.004,0,0.082448,0.029576
BA(k=2),12,1,B,3,0.858768,poly_S10_K200,0.134,0,0.086111,0.069051
BA(k=2),12,2,B,1,0.852466,exact,0.024,0,0.020074,0.013843
BA(k=2),12,2,B,1,0.852466,samp10,0.004,0,0.020074,0.013843
BA(k=2),12,2,B,1,0.852466,poly_S10_K200,0.12,0,0.0,0.013843
BA(k=2),12,2,B,3,0.908862,exact,0.024,0,0.039229,0.021768
BA(k=2),12,2,B,3,0.908862,samp10,0.004,0,0.030841,0.002139
BA(k=2),12,2,B,3,0.908862,poly_S10_K200,0.12,0,0.147494,0.021768
BA(k=4),12,1,B,1,0.755427,exact,0.027,0,0.03092,0.004683
BA(k=4),12,1,B,1,0.755427,samp10,0.004,0,0.03092,0.004683
BA(k=4),12,1,B,1,0.755427,poly_S10_K200,0.161,0,0.03092,0.004683
BA(k=4),12,1,B,3,0.839777,exact,0.027,0,0.081126,0.067779
BA(k=4),12,1,B,3,0.839777,samp10,0.004,0,0.095356,0.003387
BA(k=4),12,1,B,3,0.839777,poly_S10_K200,0.161,0,0.261097,0.003319
BA(k=4),12,2,B,1,0.776403,exact,0.02,0,0.025588,0.027616
BA(k=4),12,2,B,1,0.776403,samp10,0.004,0,0.025588,0.006636
BA(k=4),12,2,B,1,0.776403,poly_S10_K200,0.171,0,0.019043,0.006636
BA(k=4),12,2,B,3,0.865658,exact,0.02,0,0.081008,0.111122
BA(k=4),12,2,B,3,0.865658,samp10,0.004,0,0.081008,0.030921
BA(k=4),12,2,B,3,0.865658,poly_S10_K200,0.171,0,0.170045,0.050873
WS(k=4;b=0.1),12,1,B,1,0.831641,exact,0.02,0,0.01029,0.022967
WS(k=4;b=0.1),12,1,B,1,0.831641,samp10,0.003,0,0.01029,0.022967
WS(k=4;b=0.1),12,1,B,1,0.831641,poly_S10_K200,0.12,0,0.01029,0.0
WS(k=4;b=0.1),12,1,B,3,0.891618,exact,0.02,0,0.038457,0.036276
WS(k=4;b=0.1),12,1,B,3,0.891618,samp10,0.003,0,0.030324,0.036276
WS(k=4;b=0.1),12,1,B,3,0.891618,poly_S10_K200,0.12,0,0.030133,0.019203
WS(k=4;b=0.1),12,2,B,1,0.825393,exact,0.02,0,0.007933,0.02355
WS(k=4;b=0.1),12,2,B,1,0.825393,samp10,0.004,0,0.007933,0.0
WS(k=4;b=0.1),12,2,B,1,0.825393,poly_S10_K200,0.132,0,0.057351,0.0
WS(k=4;b=0.1),12,2,B,3,0.889734,exact,0.02,0,0.040484,0.014358
WS(k=4;b=0.1),12,2,B,3,0.889734,samp10,0.004,0,0.040484,0.014358
WS(k=4;b=0.1),12,2,B,3,0.889734,poly_S10_K200,0.132,0,0.182011,0.029027
WS(k=4;b=0.5),12,1,B,1,0.845087,exact,0.033,0,0.014924,0.098355
WS(k=4;b=0.5),12,1,B,1,0.845087,samp10,0.004,0,0.014924,0.069266
WS(k=4;b=0.5),12,1,B,1,0.845087,poly_S10_K200,0.133,0,0.156582,0.0
WS(k=4;b=0.5),12,1,B,3,0.919628,exact,0.033,0,0.038112,0.021587
WS(k=4;b=0.5),12,1,B,3,0.919628,samp10,0.004,0,0.038112,0.009522
WS(k=4;b=0.5),12,1,B,3,0.919628,poly_S10_K200,0.133,0,0.270873,0.009522
WS(k=4;b=0.5),12,2,B,1,0.831096,exact,0.03,0,0.010472,0.021435
WS(k=4;b=0.5),12,2,B,1,0.831096,samp10,0.004,0,0.010472,0.0
WS(k=4;b=0.5),12,2,B,1,0.831096,poly_S10_K200,0.134,0,0.170609,0.021435
WS(k=4;b=0.5),12,2,B,3,0.898988,exact,0.03,0,0.035136,0.014997
WS(k=4;b=0.5),12,2,B,3,0.898988,samp10,0.004,0,0.045026,0.014997
WS(k=4;b=0.5),12,2,B,3,0.898988,poly_S10_K200,0.134,0,0.319934,0.014997
3-regular,12,1,B,1,0.771453,exact,0.026,0,0.041653,0.054768
3-regular,12,1,B,1,0.771453,samp10,0.003,0,0.041653,0.054768
3-regular,12,1,B,1,0.771453,poly_S10_K200,0.108,0,0.061832,0.0
3-regular,12,1,B,3,0.912009,exact,0.026,0,0.112645,0.049561
3-regular,12,1,B,3,0.912009,samp10,0.003,0,0.130492,0.006024
3-regular,12,1,B,3,0.912009,poly_S10_K200,0.108,0,0.252294,0.062412
3-regular,12,2,B,1,0.755707,exact,0.026,0,0.033909,0.003037
3-regular,12,2,B,1,0.755707,samp10,0.003,0,0.033909,0.003037
3-regular,12,2,B,1,0.755707,poly_S10_K200,0.1,0,0.033909,0.003037
3-regular,12,2,B,3,0.850927,exact,0.026,0,0.086925,0.071498
3-regular,12,2,B,3,0.850927,samp10,0.003,0,0.088519,0.071498
3-regular,12,2,B,3,0.850927,poly_S10_K200,0.1,0,0.195002,0.042728
